title,magnitude,cdi,mmi,alert,tsunami,sig,net,nst,dmin,gap,magType,depth,latitude,longitude,event_date_utc,continent,country
"M 6.5 - 42 km W of Sola, Vanuatu",6.5,7,4,green,0,657,us,114,7.177,25,mww,192.955,-13.8814,167.158,2023-08-16,,Vanuatu
"M 6.5 - 43 km S of Intipucá, El Salvador",6.5,8,6,yellow,0,775,us,92,0.679,40,mww,69.727,12.814,-88.1265,2023-07-19,,
"M 6.6 - 25 km ESE of Loncopué, Argentina",6.6,7,5,green,0,899,us,70,1.634,28,mww,171.371,-38.1911,-70.3731,2023-07-17,South America,Argentina
"M 7.2 - 98 km S of Sand Point, Alaska",7.2,6,6,green,1,860,us,173,0.907,36,mww,32.571,54.3844,-160.699,2023-07-16,,
M 7.3 - Alaska Peninsula,7.3,0,5,,1,820,at,79,0.879451,172.8,Mi,21,54.49,-160.796,2023-07-16,,
"M 6.6 - 277 km NNE of Codrington, Antigua and Barbuda",6.6,5,4,green,1,802,us,95,2.454,37,mww,10,20.0196,-61.0955,2023-07-10,,
M 6.9 - Tonga,6.9,4,4,green,1,741,us,136,1.179,23,mww,229,-17.853,-174.937,2023-07-02,,
M 7.2 - south of the Fiji Islands,7.2,8,6,green,1,804,us,85,2.59,24,mww,167.404,-22.9824,-177.208,2023-06-15,,
M 6.6 - Panama-Colombia border region,6.6,6,6,green,1,733,us,50,2.163,129,mww,10,8.8894,-77.1231,2023-05-25,,Colombia
M 7.1 - southeast of the Loyalty Islands,7.1,3,4,green,1,777,us,98,2.812,56,mww,35.981,-23.0622,170.456,2023-05-20,,
M 7.7 - southeast of the Loyalty Islands,7.7,5,4,green,1,927,us,277,3.111,15,mww,18.027,-23.2286,170.694,2023-05-19,,
"M 7.6 - 95 km WNW of Hihifo, Tonga",7.6,8,6,green,1,907,us,111,3.631,17,mww,210.097,-15.6002,-174.608,2023-05-10,,
M 6.6 - south of the Fiji Islands,6.6,0,2,green,0,670,us,52,5.123,50,mww,598.467,-25.2657,178.424,2023-04-28,,
"M 7.1 - 170 km SSE of Teluk Dalam, Indonesia",7.1,9,7,green,0,838,us,70,2.282,58,mww,15.462,-0.781,98.5339,2023-04-24,,Indonesia
"M 7.1 - Kermadec Islands, New Zealand",7.1,8,7,green,1,777,us,126,0.708,23,mww,43.063,-30.0249,-177.897,2023-04-24,,
M 6.7 - south of the Fiji Islands,6.7,0,3,green,1,691,us,166,4.719,10,mww,595.854,-22.2844,179.391,2023-04-18,,
"M 7.0 - 96 km N of Tuban, Indonesia",7,5,3,green,0,818,us,131,1.881,31,mww,594.028,-6.0255,112.033,2023-04-14,,Indonesia
"M 6.5 - near the east coast of the Kamchatka Peninsula, Russia",6.5,7,6,yellow,1,655,us,104,0.266,30,mww,105.631,52.7772,158.484,2023-04-03,Asia,Russian Federation (the)
"M 7.0 - New Guinea, Papua New Guinea",7,7,7,green,1,781,us,105,6.45,31,mww,62.603,-4.2924,143.155,2023-04-02,Asia,Papua New Guinea
"M 6.5 - 84 km NNW of San Antonio de los Cobres, Argentina",6.5,4,4,green,0,656,us,97,1.622,33,mww,209.976,-23.4797,-66.5108,2023-03-22,South America,Argentina
"M 6.5 - 40 km SSE of Jurm, Afghanistan",6.5,7,5,green,0,1350,us,134,2.53,13,mww,187.589,36.5227,70.9787,2023-03-21,Asia,Afghanistan
M 6.8 - near the coast of Ecuador,6.8,9,7,orange,1,1159,us,152,0.709,28,mww,65.842,-2.851,-79.8001,2023-03-18,South America,Ecuador
M 7.0 - Kermadec Islands region,7,8,5,green,1,756,us,116,1.789,22,mww,22.065,-30.1147,-176.112,2023-03-16,,
"M 6.9 - Kermadec Islands, New Zealand",6.9,5,5,green,1,735,us,108,0.784,18,mww,205.681,-29.4748,-178.787,2023-03-04,,
"M 6.5 - 86 km WSW of Port-Olry, Vanuatu",6.5,7,6,green,1,653,us,66,5.483,45,mww,10,-15.3597,166.385,2023-03-02,,
"M 6.5 - 108 km NW of Kimbe, Papua New Guinea",6.5,4,2,green,1,652,us,115,2.739,20,mww,598.925,-4.8138,149.487,2023-03-01,,Papua New Guinea
"M 6.8 - 67 km W of Murghob, Tajikistan",6.8,9,7,green,0,737,us,128,1.783,20,mww,20.522,38.0726,73.2077,2023-02-23,Asia,Tajikistan
"M 7.5 - 4 km SSE of Ekinözü, Turkey",7.5,9,9,orange,0,1411,us,135,0.85,17,mww,10,38.0235,37.203,2023-02-06,Asia,Turkiye
"M 6.7 - 18 km ESE of Nurdağı, Turkey",6.7,9,8,yellow,0,800,us,108,0.218,44,mww,14.497,37.4135,36.8306,2023-02-06,Asia,Turkiye
M 7.8 - Central Turkey,7.8,9,9,red,0,2910,us,118,1.919,32,mww,17.925,37.2012,36.9997,2023-02-06,Asia,Turkiye
M 6.8 - ,6.8,4,3,green,0,718,us,60,5.129,61,mww,610.671,-26.7209,-63.0394,2023-01-20,South America,Argentina
"M 7.0 - 153 km NW of Tobelo, Indonesia",7,3,5,green,1,756,us,130,1.974,17,mwc,28.566,2.7401,127.051,2023-01-18,,Indonesia
"M 7.6 - Pulau Pulau Tanimbar, Indonesia",7.6,5,7,green,0,957,us,114,1.575,21,mww,105.249,-7.0852,130.039,2023-01-09,,Indonesia
M 7.0 - Vanuatu,7,8,7,green,1,768,us,116,6.096,36,mww,29,-14.9383,166.878,2023-01-08,,Vanuatu
"M 6.8 - 109 km NE of Hihifo, Tonga",6.8,5,5,green,1,720,us,152,2.587,26,mww,38,-15.3983,-172.968,2022-12-04,,
"M 7.0 - 18 km SW of Malango, Solomon Islands",7,8,7,green,1,768,us,117,0.509,17,mww,14,-9.7963,159.596,2022-11-22,Oceania,Solomon Islands
"M 6.9 - 204 km SW of Bengkulu, Indonesia",6.9,4,4,green,0,735,us,99,2.229,34,mww,25,-4.9559,100.738,2022-11-18,,
M 7.0 - ,7,3,3,green,1,755,us,147,3.125,18,mww,579,-20.0508,-178.346,2022-11-12,Oceania,Fiji
"M 7.3 - 205 km ESE of Neiafu, Tonga",7.3,5,5,green,1,833,us,149,1.865,21,mww,37,-19.2918,-172.129,2022-11-11,,
M 6.6 - ,6.6,0,2,green,1,670,us,131,4.998,27,mww,624.464,-25.5948,178.278,2022-11-09,,
M 7.0 - south of the Fiji Islands,7,4,3,green,1,755,us,142,4.578,26,mwb,660,-26.0442,178.381,2022-11-09,,
M 6.8 - south of the Fiji Islands,6.8,1,3,green,1,711,us,136,4.678,22,mww,630.379,-25.9678,178.363,2022-11-09,,
"M 6.7 - 60 km SSW of Boca Chica, Panama",6.7,7,6,green,1,797,us,145,1.151,37,mww,20,7.6712,-82.3396,2022-10-20,,Panama
"M 6.8 - 55 km SSW of Aguililla, Mexico",6.8,8,7,yellow,1,1179,us,175,2.137,92,mww,20,18.33,-102.913,2022-09-22,North America,Mexico
"M 7.6 - 35 km SSW of Aguililla, Mexico",7.6,9,8,yellow,1,1799,us,271,1.153,69,mww,26.943,18.3667,-103.252,2022-09-19,North America,Mexico
"M 6.9 - 90 km E of Yujing, Taiwan",6.9,9,9,yellow,1,887,us,215,0.401,34,mww,10,23.1444,121.307,2022-09-18,Asia,Taiwan
"M 6.5 - 96 km SE of Lugu, Taiwan",6.5,7,7,green,1,756,us,178,0.43,54,mww,10,23.029,121.348,2022-09-17,Asia,Taiwan
"M 7.0 - 209 km SSE of Isangel, Vanuatu",7,7,5,green,1,761,us,192,2.977,45,mww,137,-21.2077,170.239,2022-09-14,,
"M 7.6 - 70 km E of Kainantu, Papua New Guinea",7.6,8,8,yellow,1,965,us,272,3.158,12,mww,116,-6.2237,146.471,2022-09-10,Oceania,Papua New Guinea
"M 6.6 - 44 km SE of Kangding, China",6.6,9,8,orange,0,1043,us,141,8.454,34,mww,12,29.7263,102.279,2022-09-05,Asia,People's Republic of China
M 6.6 - south of the Kermadec Islands,6.6,7,6,green,1,672,us,68,5.293,34,mww,30,-32.6922,-178.959,2022-08-14,,
"M 7.0 - 11 km NE of Bantay, Philippines",7,9,8,yellow,1,1351,us,152,5.276,22,mww,33.729,17.5978,120.809,2022-07-27,Asia,Philippines
"M 6.5 - 107 km SSW of Tarauacá, Brazil",6.5,3,2,green,0,653,us,236,1.999,31,mww,622.73,-9.0618,-71.1647,2022-06-08,South America,Brazil
"M 7.2 - 10 km W of Azángaro, Peru",7.2,7,5,green,1,876,us,144,2.494,40,mww,236,-14.8628,-70.3081,2022-05-26,South America,Peru
M 6.9 - ,6.9,2,5,green,1,733,us,127,0.371,45,mww,10,-54.1325,159.027,2022-05-19,,
"M 6.8 - 86 km NNW of San Antonio de los Cobres, Argentina",6.8,6,5,green,1,762,us,162,1.505,30,mww,220,-23.6141,-66.7236,2022-05-10,South America,Argentina
"M 6.6 - 55 km WSW of Masachapa, Nicaragua",6.6,6,5,green,1,762,us,0,0.914,94,mww,27,11.5538,-86.9919,2022-04-21,,
M 7.0 - southeast of the Loyalty Islands,7,6,4,green,1,763,us,0,2.705,26,mww,10,-22.5732,170.349,2022-03-31,,
"M 6.9 - 284 km ESE of Tadine, New Caledonia",6.9,6,4,green,1,738,us,0,2.697,42,mww,10,-22.72,170.277,2022-03-30,,
"M 6.7 - 65 km S of Hualien City, Taiwan",6.7,8,7,green,1,806,us,0,0.289,32,mww,24,23.3421,121.636,2022-03-22,Asia,Taiwan
"M 7.3 - 57 km ENE of Namie, Japan",7.3,9,8,red,1,2397,us,0,2.936,29,mww,41,37.7015,141.587,2022-03-16,,
"M 6.7 - 166 km W of Pariaman, Indonesia",6.7,9,6,green,0,708,us,0,2.188,43,mww,28,-0.6831,98.6034,2022-03-13,Asia,Indonesia
"M 6.6 - Kermadec Islands, New Zealand",6.6,2,7,green,1,670,us,0,0.827,46,mww,24,-30.0528,-177.74,2022-03-02,,
M 6.8 - south of the Fiji Islands,6.8,2,3,green,1,712,us,0,5.78,12,mww,535,-23.7852,-179.968,2022-02-16,,
"M 6.5 - 49 km NW of Barranca, Peru",6.5,8,6,green,0,690,us,0,3.026,22,mww,110,-4.455,-76.9395,2022-02-03,South America,Peru
M 6.5 - Kermadec Islands region,6.5,7,4,green,1,651,us,0,1.088,57,mww,8,-29.535,-176.729,2022-01-29,,
"M 6.6 - 80 km SW of Labuan, Indonesia",6.6,8,6,green,0,785,us,0,2.418,22,mww,33,-6.9291,105.251,2022-01-14,,Indonesia
"M 6.5 - 71 km SE of Nikolski, Alaska",6.5,0,3,,1,650,at,97,1.61607,108,Mi,37,52.502,-168.08,2022-01-11,,
"M 6.5 - 71 km SE of Nikolski, Alaska",6.5,0,3,,1,650,pt,23,0,208.8,Mi,37,52.502,-168.08,2022-01-11,,
"M 6.6 - 53 km SE of Nikolski, Alaska",6.6,8,5,green,1,674,us,0,0.507,49,mww,19,52.6252,-168.15,2022-01-11,,
"M 6.7 - 91 km SE of Nikolski, Alaska",6.7,0,4,,1,691,at,50,0.936943,126,Mi,33,52.48,-167.736,2022-01-11,,
"M 6.7 - 91 km SE of Nikolski, Alaska",6.7,0,4,,1,691,pt,20,0,205.2,Mi,33,52.48,-167.736,2022-01-11,,
"M 6.8 - 100 km SE of Nikolski, Alaska",6.8,7,6,green,1,730,us,0,0.92,61,mww,20,52.6563,-167.917,2022-01-11,,
"M 6.6 - 48 km WNW of Pólis, Cyprus",6.6,6,6,green,0,976,us,0,1.168,21,mww,21,35.1456,31.9095,2022-01-11,Asia,
"M 6.6 - northern Qinghai, China",6.6,9,8,orange,0,1012,us,0,2.685,13,mww,13,37.8167,101.299,2022-01-07,Asia,People's Republic of China
"M 7.3 - 125 km NNE of Lospalos, Timor Leste",7.3,8,7,green,0,921,us,0,3.713,19,mww,165.49,-7.5924,127.581,2021-12-29,,Indonesia
M 7.3 - Flores Sea,7.3,9,5,green,1,854,us,0,1.025,32,mww,14.27,-7.6033,122.2,2021-12-14,Asia,Indonesia
"M 7.5 - 43 km NNW of Barranca, Peru",7.5,8,8,yellow,1,1094,us,0,4.951,40,mww,126,-4.4898,-76.8461,2021-11-28,South America,Peru
"M 6.6 - 177 km SE of Hirara, Japan",6.6,7,4,green,1,688,us,0,3.259,15,mww,12,23.5414,126.48,2021-11-10,,
"M 6.9 - 112 km E of Chignik, Alaska",6.9,8,6,green,1,995,ak,0,0,0,mww,51.6,56.2581,-156.492,2021-10-11,North America,United States of America
M 6.9 - Vanuatu region,6.9,4,3,green,1,740,us,0,4.778,31,mww,535,-21.1704,174.54,2021-10-09,,
M 7.3 - Vanuatu region,7.3,4,4,green,1,826,us,0,4.493,32,mww,527,-21.1036,174.895,2021-10-02,,
"M 6.5 - 80 km SW of Jiquilillo, Nicaragua",6.5,7,5,green,1,684,us,0,0.993,114,mww,21,12.1598,-87.8542,2021-09-22,,
"M 7.0 - Acapulco, Mexico",7,8,8,red,1,2504,us,0,0.07,43,mww,20,16.9502,-99.7877,2021-09-08,North America,Mexico
M 7.1 - South Sandwich Islands region,7.1,1,4,green,1,776,us,0,9.799,32,mww,6,-60.3026,-24.9992,2021-08-22,,Antarctica
M 6.6 - South Sandwich Islands region,6.6,1,3,green,1,670,us,0,8.865,19,mww,7,-60.1023,-24.4608,2021-08-22,,Antarctica
"M 6.9 - 17 km N of Port-Olry, Vanuatu",6.9,8,7,green,1,741,us,0,0.579,54,mww,93,-14.892,167.085,2021-08-18,Oceania,Vanuatu
M 6.9 - South Sandwich Islands region,6.9,6,4,green,1,734,us,0,8.363,48,mww,16.7,-58.3814,-23.3318,2021-08-16,,
"M 7.2 - Nippes, Haiti",7.2,9,8,red,1,2331,us,0,1.178,23,mww,10,18.3521,-73.4804,2021-08-14,North America,Haiti
"M 6.9 - 136 km SE of Perryville, Alaska",6.9,5,4,green,1,738,ak,0,0,0,mww,33.3,55.2364,-157.707,2021-08-14,,
"M 6.9 - 125 km SE of Perryville, Alaska",6.9,5,4,green,1,738,us,0,1.173,36,mww,20.74,55.2657,-157.68,2021-08-14,,
M 8.1 - South Sandwich Islands region,8.1,0,7,green,0,1009,us,0,7.463,78,mww,22.79,-58.4157,-25.3206,2021-08-12,,
M 7.5 - South Sandwich Islands region,7.5,9,6,green,1,868,us,0,7.227,38,mww,47.23,-57.5959,-25.1874,2021-08-12,,
"M 7.1 - 60 km ENE of Pondaguitan, Philippines",7.1,9,7,green,1,846,us,0,1.273,25,mww,55.14,6.4547,126.742,2021-08-11,,
"M 8.2 - 91 km ESE of Perryville, Alaska",8.2,8,6,green,1,1237,us,0,0.875,66,mww,46.66,55.4742,-157.917,2021-07-29,,
"M 8.2 - 99 km SE of Perryville, Alaska",8.2,8,7,yellow,1,1252,ak,0,0,0,mww,35,55.3154,-157.829,2021-07-29,,
"M 6.7 - 15 km S of Hukay, Philippines",6.7,8,5,green,1,935,us,0,8.139,12,mww,110,13.6989,120.713,2021-07-23,Asia,Philippines
"M 6.7 - 71 km S of Burica, Panama",6.7,6,6,green,1,830,us,0,1.395,61,mww,10,7.5904,-82.8813,2021-07-21,,
"M 6.5 - Kermadec Islands, New Zealand",6.5,0,4,green,1,650,us,0,7.994,24,mww,25,-30.2144,-177.773,2021-06-20,,
"M 6.5 - 265 km SSE of Alo, Wallis and Futuna",6.5,5,7,green,1,652,us,0,4.518,44,mww,10,-16.4796,-177.356,2021-05-21,,
"M 7.3 - Southern Qinghai, China",7.3,9,9,orange,0,1025,us,0,4.655,9,mww,10,34.5861,98.2551,2021-05-21,Asia,People's Republic of China
"M 6.7 - 260 km S of Sinabang, Indonesia",6.7,8,4,green,0,698,us,0,1.487,37,mww,11,0.1684,96.6475,2021-05-14,,
M 6.7 - Mauritius - Reunion region,6.7,9,3,green,0,694,us,0,10.669,45,mww,10,-17.2495,66.3745,2021-05-12,,
M 6.9 - ,6.9,7,6,green,1,919,us,0,2.619,35,mww,43,38.2296,141.665,2021-05-01,Asia,Japan
"M 6.5 - 207 km WSW of Haveluloto, Tonga",6.5,4,4,green,0,651,us,0,5.931,20,mww,246,-21.6857,-177.064,2021-04-25,,
"M 6.5 - 225 km WNW of Pangai, Tonga",6.5,6,4,green,0,652,us,0,10.405,19,mww,301,-18.9204,-176.235,2021-04-24,,
"M 7.0 - 30 km E of Ishinomaki, Japan",7,7,7,yellow,1,1052,us,0,2.378,35,mww,43,38.4752,141.607,2021-03-20,Asia,Japan
"M 6.6 - 171 km SSE of Ust’-Kamchatsk Staryy, Russia",6.6,5,5,green,1,672,us,0,3.183,18,mww,13.23,54.7018,163.208,2021-03-16,,
M 6.5 - Kermadec Islands region,6.5,0,4,green,0,650,us,0,11.764,25,mwb,24,-28.4792,-176.619,2021-03-04,,
"M 8.1 - Kermadec Islands, New Zealand",8.1,9,8,green,1,1021,us,0,0.739,21,mww,28.93,-29.7466,-177.224,2021-03-04,,
"M 7.4 - Kermadec Islands, New Zealand",7.4,3,7,green,1,843,us,0,0.437,30,mww,43,-29.6131,-177.842,2021-03-04,,
"M 7.3 - 182 km NE of Gisborne, New Zealand",7.3,7,6,green,1,932,us,0,0.918,24,mww,10,-37.596,179.544,2021-03-04,,
"M 7.1 - 73 km ENE of Namie, Japan",7.1,9,8,orange,1,1612,us,0,3.085,11,mww,43.98,37.6856,141.992,2021-02-13,,
M 7.7 - southeast of the Loyalty Islands,7.7,9,4,green,1,918,us,0,7.989,15,mww,10,-23.2787,171.489,2021-02-10,,
M 6.9 - South Shetland Islands,6.9,9,5,green,1,739,us,0,1.55,16,mww,15,-61.8484,-55.559,2021-01-23,,Antarctica
"M 7.0 - 211 km SE of Pondaguitan, Philippines",7,7,5,green,1,802,us,0,2.821,15,mww,80,5.0074,127.517,2021-01-21,,
"M 6.7 - 29 km SSW of Turt, Mongolia",6.7,8,8,green,0,776,us,0,2.043,22,mww,10,51.2407,100.443,2021-01-11,Asia,Mongolia
"M 6.7 - 146 km WNW of Corral, Chile",6.7,5,5,green,1,776,us,0,1.319,19,mww,10,-39.3264,-74.9067,2020-12-27,,
"M 7.0 - 13 km NNE of Néon Karlovásion, Greece",7,8,7,orange,0,1527,us,0,1.518,18,mww,21,37.8973,26.7953,2020-10-30,Europe,Greece
"M 7.6 - 99 km SE of Sand Point, Alaska",7.6,9,7,yellow,1,1165,us,0,0.23,36,mww,28.37,54.662,-159.675,2020-10-19,North America,United States of America
M 6.9 - central Mid-Atlantic Ridge,6.9,0,3,green,1,732,us,0,11.255,16,mww,10,0.9604,-26.8332,2020-09-18,,
"M 6.5 - 94 km NW of Vallenar, Chile",6.5,6,6,green,0,674,us,0,0.388,49,mww,16,-27.9285,-71.3937,2020-09-01,,
"M 6.8 - 86 km NW of Vallenar, Chile",6.8,6,7,green,1,824,us,0,0.312,69,mww,21,-28.013,-71.1958,2020-09-01,,Chile
M 6.5 - central Mid-Atlantic Ridge,6.5,4,5,green,0,651,us,0,15.394,31,mww,10,0.8696,-29.7046,2020-08-30,,
"M 6.9 - 222 km SSE of Katabu, Indonesia",6.9,4,3,green,0,749,us,0,2.267,20,mww,624,-6.6704,123.493,2020-08-21,,Indonesia
"M 6.9 - 122 km WSW of Bengkulu, Indonesia",6.9,4,4,green,0,735,us,0,1.716,25,mww,26,-4.2791,101.215,2020-08-18,,Indonesia
"M 6.8 - 138 km WSW of Bengkulu, Indonesia",6.8,5,4,green,0,716,us,0,1.816,34,mww,22,-4.3724,101.095,2020-08-18,,Indonesia
"M 6.6 - 13 km E of San Pedro, Philippines",6.6,9,8,yellow,1,784,us,0,5.128,14,mww,10,12.0065,124.13,2020-08-18,,Philippines
"M 7.8 - 99 km SSE of Perryville, Alaska",7.8,9,7,green,1,1111,us,0,0.621,60,mww,28,55.1079,-158.477,2020-07-22,,
"M 7.0 - 114 km NNW of Popondetta, Papua New Guinea",7,6,7,green,1,820,us,0,1.671,18,mww,73,-7.847,147.755,2020-07-17,,Papua New Guinea
"M 6.6 - 97 km N of Batang, Indonesia",6.6,4,2,green,0,684,us,0,1.458,14,mww,533.76,-5.6368,110.678,2020-07-06,,Indonesia
"M 7.4 - 9 km SE of Santa María Xadani, Mexico",7.4,8,8,orange,1,1494,us,0,0.151,30,mww,20,15.9163,-95.9533,2020-06-23,North America,Mexico
M 7.4 - south of the Kermadec Islands,7.4,7,7,green,1,873,us,0,4.035,23,mww,10,-33.2938,-177.838,2020-06-18,,
"M 6.6 - 130 km WNW of Naze, Japan",6.6,5,4,green,1,734,us,0,2.015,18,mww,165,28.9386,128.262,2020-06-13,,
"M 6.8 - 48 km SW of San Pedro de Atacama, Chile",6.8,6,6,green,1,835,us,0,1.164,21,mww,112,-23.2966,-68.4204,2020-06-03,South America,Chile
"M 6.5 - Monte Cristo Range, NV Earthquake",6.5,7,8,green,0,1320,nn,27,0.357,55.79,ml,2.7,38.1689,-117.85,2020-05-15,North America,United States of America
"M 6.6 - 175 km SSE of Lata, Solomon Islands",6.6,4,6,green,1,671,us,0,3.403,12,mww,107,-12.0662,166.648,2020-05-12,,
M 6.8 - Banda Sea,6.8,4,6,green,0,738,us,0,1.921,16,mww,96,-6.7762,129.785,2020-05-06,,Indonesia
"M 6.5 - 91 km S of Néa Anatolí, Greece",6.5,7,6,green,0,678,us,0,1.293,19,mww,10,34.1818,25.7101,2020-05-02,,
"M 6.5 - Stanley, Idaho",6.5,8,8,green,0,1410,us,0,0.885,31,mww,12.06,44.4646,-115.118,2020-03-31,North America,United States of America
"M 7.5 - 221 km SSE of Severo-Kuril’sk, Russia",7.5,6,5,green,1,879,us,0,4.109,12,mww,57.8,48.9638,157.695,2020-03-25,,
"M 7.0 - 95 km ENE of Kuril’sk, Russia",7,5,6,yellow,1,770,us,0,4.501,25,mww,143,45.6161,148.959,2020-02-13,Asia,Russia
"M 7.7 - 123 km NNW of Lucea, Jamaica",7.7,9,6,yellow,1,1812,us,0,1.657,26,mww,14.86,19.4193,-78.756,2020-01-28,,
"M 6.7 - 13 km N of Do?anyol, Turkey",6.7,8,9,orange,0,1247,us,0,0.87,49,mww,10,38.4312,39.0609,2020-01-24,Asia,Turkey
"M 6.8 - 7 km S of Magsaysay, Philippines",6.8,9,7,yellow,1,825,us,0,0.546,39,mww,18,6.6969,125.174,2019-12-15,,Philippines
"M 7.1 - 138km E of Bitung, Indonesia",7.1,6,6,green,1,799,us,0,1.271,11,mww,33,1.6213,126.416,2019-11-14,,Indonesia
"M 6.5 - 166km SSW of Ndoi Island, Fiji",6.5,0,2,green,0,650,us,0,4.765,25,mww,577,-21.9449,-179.511,2019-11-08,,
"M 6.6 - 136 km W of Neiafu, Tonga",6.6,4,4,green,1,673,us,0,5.086,48,mww,10,-18.5747,-175.272,2019-11-04,,
"M 6.5 - 2km ESE of Kisante, Philippines",6.5,9,7,green,1,733,us,0,0.428,19,mww,10,6.9098,125.178,2019-10-31,,Philippines
"M 6.6 - 10 km NE of Columbio, Philippines",6.6,9,7,yellow,1,780,us,0,0.646,24,mww,15,6.7567,125.008,2019-10-29,,Philippines
"M 6.7 - 70 km WSW of Constitución, Chile",6.7,7,6,green,1,844,us,0,1.269,98,mww,11,-35.4758,-73.163,2019-09-29,,
"M 6.5 - 11km S of Kairatu, Indonesia",6.5,7,7,yellow,1,656,us,0,3.909,15,mww,12.26,-3.4528,128.37,2019-09-25,,Indonesia
"M 6.6 - 34km NNE of Ndoi Island, Fiji",6.6,2,3,,1,671,us,0,4.121,19,mww,591,-20.3641,-178.57,2019-09-01,,Fiji
"M 6.6 - 131km S of Bristol Island, South Sandwich Islands",6.6,0,4,green,1,670,us,0,12.896,19,mww,16,-60.2152,-26.5801,2019-08-27,,United Kingdom of Great Britain and Northern Ireland (the)
"M 6.9 - 152 km SW of Labuan, Indonesia",6.9,4,6,green,0,875,us,0,2.839,23,mww,49,-7.2822,104.791,2019-08-02,,
"M 6.8 - 96 km SW of San Antonio, Chile",6.8,6,6,green,1,947,us,0,0.817,35,mww,25,-34.2364,-72.3102,2019-08-01,,
"M 6.6 - 62km E of Lakatoro, Vanuatu",6.6,0,4,green,1,670,us,0,6.024,30,mww,181,-16.1985,167.998,2019-07-31,,Vanuatu
"M 7.2 - 93km NNE of Laiwui, Indonesia",7.2,7,7,green,1,809,us,0,1.504,38,mww,18.98,-0.5858,128.034,2019-07-14,,Indonesia
"M 6.6 - 200km W of Broome, Australia",6.6,5,5,green,0,791,us,0,2.978,32,mww,10,-18.2242,120.358,2019-07-14,,
"M 6.9 - 134km WSW of Kota Ternate, Indonesia",6.9,7,5,green,0,747,us,0,1.205,21,mww,35,0.5126,126.189,2019-07-07,,Indonesia
"M 7.1 - 18km W of Searles Valley, CA",7.1,9,9,yellow,0,1646,ci,77,0.04616,43,mw,8,35.7695,-117.599,2019-07-06,North America,United States of America
"M 7.3 - 292km NW of Saumlaki, Indonesia",7.3,4,6,green,1,952,us,0,2.629,16,mww,212,-6.4078,129.169,2019-06-24,,Indonesia
"M 7.3 - 116km NE of L'Esperance Rock, New Zealand",7.3,8,6,green,1,830,us,0,1.402,11,mww,46,-30.6441,-178.1,2019-06-15,,
"M 6.6 - 32 km S of La Libertad, El Salvador",6.6,7,6,yellow,1,886,us,0,1.193,22,mww,57.92,13.1994,-89.3056,2019-05-30,,
"M 8.0 - 78 km NE of Navarro, Peru",8,9,8,orange,1,1890,us,0,3.18,17,mww,122.57,-5.8119,-75.2697,2019-05-26,South America,Peru
"M 7.6 - 46km SSE of Namatanai, Papua New Guinea",7.6,7,7,green,1,929,us,0,0.453,16,mww,10,-4.051,152.597,2019-05-14,,Papua New Guinea
"M 7.1 - 33km NW of Bulolo, Papua New Guinea",7.1,7,6,yellow,1,826,us,0,2.514,16,mww,146,-6.9746,146.449,2019-05-06,,Papua New Guinea
"M 6.8 - 98km SSW of Luwuk, Indonesia",6.8,5,6,green,1,717,us,0,0.791,28,mww,15.46,-1.8146,122.58,2019-04-12,,Indonesia
"M 6.5 - 83km ENE of Bristol Island, South Sandwich Islands",6.5,0,5,green,1,650,us,0,7.568,18,mww,38,-58.6262,-25.304,2019-04-09,,
"M 7.0 - 22 km NNE of Azángaro, Peru",7,7,4,green,1,869,us,0,2.501,42,mww,267,-14.7131,-70.1546,2019-03-01,South America,Peru
"M 7.5 - 111km ESE of Palora, Ecuador",7.5,7,7,yellow,1,1145,us,0,2.045,15,mww,145,-2.1862,-77.0505,2019-02-22,South America,Ecuador
"M 6.7 - 5 km SW of Puerto Madero, Mexico",6.7,6,6,yellow,1,909,us,0,0.289,43,mww,66,14.6802,-92.4527,2019-02-01,,Mexico
M 6.7 - Prince Edward Islands region,6.7,0,3,green,0,691,us,0,7.527,17,mww,13,-43.1219,42.3568,2019-01-22,,
"M 6.7 - 10 km SSW of Coquimbo, Chile",6.7,8,8,orange,1,1600,us,0,0.173,22,mww,63,-30.0404,-71.3815,2019-01-20,South America,Chile
"M 6.6 - 94 km NW of Sola, Vanuatu",6.6,5,4,green,1,671,us,0,7.818,18,mww,35,-13.336,166.875,2019-01-15,,Vanuatu
M 6.6 - Molucca Sea,6.6,2,4,green,1,672,us,0,1.596,33,mww,43.21,2.258,126.758,2019-01-06,,Indonesia
"M 6.8 - 90km W of Tarauaca, Brazil",6.8,3,3,green,0,715,us,0,1.181,16,mww,570.41,-8.144,-71.587,2019-01-05,South America,Brazil
"M 7.0 - 96 km ESE of Pondaguitan, Philippines",7,5,5,green,1,803,us,0,1.769,21,mww,60.21,5.8983,126.921,2018-12-29,,
"M 7.3 - 187 km SE of Ust’-Kamchatsk Staryy, Russia",7.3,3,7,green,1,822,us,0,4.126,23,mww,16.56,55.0999,164.699,2018-12-20,,
M 7.1 - South Sandwich Islands region,7.1,0,5,green,1,776,us,0,7.043,20,mww,133,-58.5446,-26.3856,2018-12-11,,South Georgia and the South Sandwich Islands
"M 6.6 - 199 km ESE of Tadine, New Caledonia",6.6,0,4,green,1,670,us,0,2.679,31,mww,10,-22.0629,169.733,2018-12-05,,
"M 7.5 - 166 km ESE of Tadine, New Caledonia",7.5,3,6,green,1,871,us,0,2.405,18,mww,10,-21.9496,169.427,2018-12-05,,
"M 7.1 - 1 km SE of Point MacKenzie, Alaska",7.1,8,8,orange,1,1790,ak,0,0,0,mw,46.7,61.3464,-149.955,2018-11-30,North America,United States of America
"M 6.8 - 187 km E of Levuka, Fiji",6.8,0,3,green,1,711,us,0,2.879,39,mww,540,-17.8735,-178.927,2018-11-18,,Fiji
"M 6.7 - 120 km NW of Olonkinbyen, Svalbard and Jan Mayen",6.7,3,4,green,1,693,us,0,7.853,19,mww,10,71.6312,-11.2431,2018-11-09,,
"M 6.8 - 32 km SW of Lithakiá, Greece",6.8,8,7,yellow,0,954,us,0,2.268,15,mww,14,37.5203,20.5565,2018-10-25,Europe,
"M 6.5 - 237 km SW of Port McNeill, Canada",6.5,2,4,green,0,655,us,0,1.692,68,mww,10,49.297,-129.724,2018-10-22,,
"M 6.8 - 210 km SW of Port McNeill, Canada",6.8,4,4,green,1,776,us,0,1.505,36,mww,10,49.3346,-129.289,2018-10-22,,
"M 6.5 - 223 km SW of Port McNeill, Canada",6.5,3,4,green,1,669,us,0,1.611,63,mww,10,49.2586,-129.412,2018-10-22,,
"M 6.5 - 171 km E of Tadine, New Caledonia",6.5,0,4,green,1,650,us,0,2.109,22,mww,17,-21.7427,169.522,2018-10-16,,
"M 6.7 - 269 km WNW of Ozernovskiy, Russia",6.7,0,3,green,1,691,us,0,2.705,17,mww,461,52.8549,153.243,2018-10-13,,
"M 6.5 - 154 km S of Severo-Kuril’sk, Russia",6.5,0,4,green,1,650,us,0,3.923,14,mww,20,49.2902,156.297,2018-10-10,,
"M 7.0 - 119 km E of Kimbe, Papua New Guinea",7,6,6,green,1,758,us,0,1.778,18,mww,39,-5.7012,151.205,2018-10-10,,Papua New Guinea
"M 6.7 - 279 km E of Levuka, Fiji",6.7,2,3,green,1,691,us,0,3.745,23,mww,550,-18.3604,-178.063,2018-09-30,,Fiji
"M 7.5 - 72 km N of Palu, Indonesia",7.5,8,8,red,0,2026,us,0,1.649,13,mww,20,-0.2559,119.846,2018-09-28,,Indonesia
M 6.5 - south of the Fiji Islands,6.5,4,1,green,0,651,us,0,5.139,18,mww,576,-25.415,178.199,2018-09-16,,
M 6.9 - Kermadec Islands region,6.9,3,4,green,0,735,us,0,2.785,18,mww,115,-31.7447,-179.373,2018-09-10,,
"M 6.5 - 66 km NW of Kirakira, Solomon Islands",6.5,3,6,green,1,651,us,0,1.638,25,mww,68,-10.0207,161.503,2018-09-09,,Solomon Islands
"M 7.9 - 45 km S of Levuka, Fiji",7.9,7,4,green,1,979,us,0,1.431,12,mww,670.81,-18.4743,179.35,2018-09-06,,Fiji
"M 6.6 - 27 km ESE of Chitose, Japan",6.6,8,9,orange,1,1075,us,0,1.13,32,mww,35,42.6861,141.929,2018-09-05,Asia,Japan
"M 7.1 - 238 km ESE of Tadine, New Caledonia",7.1,2,5,green,1,776,us,0,2.548,23,mww,21.43,-22.0295,170.126,2018-08-29,,
"M 7.1 - 136 km W of Iñapari, Peru",7.1,0,3,green,0,776,us,0,3.77,12,mww,630,-11.0355,-70.8284,2018-08-24,South America,Peru
"M 6.5 - 78 km E of Lakatoro, Vanuatu",6.5,6,7,green,1,652,us,0,4.797,10,mww,9,-16.0315,168.143,2018-08-21,,Vanuatu
"M 7.3 - 40 km ENE of Carúpano, Venezuela",7.3,8,6,yellow,1,1570,us,0,1.822,15,mww,146.82,10.7731,-62.9019,2018-08-21,,Venezuela
"M 6.9 - 20 km NNW of Labuan Lombok, Indonesia",6.9,7,7,green,0,1206,us,0,2.453,31,mww,21,-8.319,116.627,2018-08-19,,Indonesia
"M 8.2 - 267 km E of Levuka, Fiji",8.2,5,4,green,1,1050,us,0,3.63,13,mww,600,-18.1125,-178.153,2018-08-19,,Fiji
"M 6.5 - 124 km N of Labuan Bajo, Indonesia",6.5,5,3,green,0,743,us,0,2.719,23,mww,529,-7.3718,119.802,2018-08-17,,Indonesia
"M 6.5 - 108 km WSW of Adak, Alaska",6.5,6,6,green,1,655,us,0,0.576,22,mww,33.93,51.4234,-178.026,2018-08-15,North America,United States of America
"M 6.9 - 36 km NW of Labuan Lombok, Indonesia",6.9,9,8,orange,0,1704,us,0,2.271,15,mww,34,-8.2581,116.438,2018-08-05,,Indonesia
"M 6.9 - 18 km SSW of Leilani Estates, Hawaii",6.9,7,8,yellow,1,1392,hv,63,0.11,210,mw,5.81,19.3182,-155,2018-05-04,,United States of America
"M 6.8 - 38 km SE of Boyuibe, Bolivia",6.8,5,3,green,0,733,us,0,5.32,16,mww,559,-20.6588,-63.0058,2018-04-02,South America,Bolivia
"M 6.9 - 150 km E of Kimbe, Papua New Guinea",6.9,9,6,green,1,741,us,0,1.487,18,mww,35,-5.5321,151.5,2018-03-29,,Papua New Guinea
"M 6.7 - 140 km E of Kimbe, Papua New Guinea",6.7,5,6,green,1,696,us,0,1.507,15,mww,40,-5.5024,151.402,2018-03-26,,Papua New Guinea
"M 6.8 - 103 km E of Kokopo, Papua New Guinea",6.8,6,6,green,1,719,us,0,1.049,16,mww,22.86,-4.3762,153.2,2018-03-08,,Papua New Guinea
"M 6.7 - 62 km SW of Tari, Papua New Guinea",6.7,8,7,green,1,697,us,0,5.457,19,mww,20.49,-6.3043,142.612,2018-03-06,,Papua New Guinea
"M 7.5 - 32 km SW of Tari, Papua New Guinea",7.5,9,8,yellow,1,943,us,0,5.48,17,mww,25.21,-6.0699,142.754,2018-02-25,,Papua New Guinea
"M 7.2 - 4 km S of Pinotepa de Don Luis, Mexico",7.2,7,7,yellow,1,1384,us,0,0.142,82,mww,22,16.3855,-97.9787,2018-02-16,North America,Mexico
"M 7.9 - 261 km SE of Chiniak, Alaska",7.9,9,4,green,1,1870,us,0,2.585,30,mww,14.06,56.0039,-149.166,2018-01-23,,
"M 7.1 - 37 km W of Atiquipa, Peru",7.1,9,7,green,1,1075,us,0,4.29,23,mww,39,-15.7675,-74.7092,2018-01-14,,Peru
"M 7.5 - 203 km NNE of Barra Patuca, Honduras",7.5,8,5,green,1,1623,us,0,4.581,12,mww,19,17.4825,-83.52,2018-01-10,,
"M 6.5 - 12 km SSW of Kawalu, Indonesia",6.5,8,7,green,0,998,us,0,2.365,28,mww,90,-7.4921,108.174,2017-12-15,,Indonesia
M 6.5 - Bouvet Island region,6.5,1,5,green,1,651,us,0,17.654,23,mww,17,-54.2189,2.1628,2017-12-13,,
"M 7.0 - 85 km ENE of Tadine, New Caledonia",7,4,6,green,1,771,us,0,0.617,14,mww,10,-21.3246,168.671,2017-11-19,,
"M 6.6 - 74 km E of Tadine, New Caledonia",6.6,4,5,green,1,676,us,0,0.529,21,mww,13,-21.5027,168.598,2017-11-19,,
"M 6.5 - 18 km W of Parrita, Costa Rica",6.5,8,8,yellow,1,1153,us,0,0.225,37,mww,19.36,9.5147,-84.4865,2017-11-13,,Costa Rica
"M 7.3 - 29 km S of ?alabja, Iraq",7.3,8,9,red,0,2790,us,0,0.284,33,mww,19,34.9109,45.9592,2017-11-12,Asia,Iran
"M 6.5 - 67 km WSW of Angoram, Papua New Guinea",6.5,6,5,green,1,661,us,0,4.449,10,mww,110.57,-4.2433,143.485,2017-11-07,,Papua New Guinea
"M 6.8 - 97 km NE of Hihifo, Tonga",6.8,5,5,green,1,727,us,0,4.852,21,mww,10,-15.3197,-173.168,2017-11-04,,
"M 6.6 - 101 km E of Tadine, New Caledonia",6.6,3,5,green,1,674,us,0,0.788,29,mww,22,-21.6484,168.859,2017-11-01,,
"M 6.7 - 132 km E of Tadine, New Caledonia",6.7,3,4,green,1,691,us,0,1.062,55,mww,24,-21.6971,169.148,2017-10-31,,
"M 6.7 - 181 km NNE of Maumere, Indonesia",6.7,3,3,green,0,694,us,0,1.634,16,mww,553.81,-7.2168,123.074,2017-10-24,,Indonesia
"M 6.5 - 247 km ESE of Attu Station, Alaska",6.5,3,5,green,1,651,us,0,1.154,11,mww,119,52.3909,176.769,2017-10-08,North America,
"M 7.1 - 1 km S of Matzaco, Mexico",7.1,9,8,,0,1686,us,0,0.984,23,mww,48,18.5499,-98.4887,2017-09-19,North America,Mexico
"M 8.2 - near the coast of Chiapas, Mexico",8.2,9,7,red,1,2910,us,0,0.944,22,mww,47.39,15.0222,-93.8993,2017-09-08,,
"M 6.5 - 168 km SW of Mawu, China",6.5,5,7,yellow,0,707,us,0,11.411,22,mww,9,33.1926,103.855,2017-08-08,Asia,People's Republic of China
"M 6.6 - 11 km ENE of Kos, Greece",6.6,7,7,yellow,0,1064,us,0,0.913,16,mww,7,36.9293,27.4139,2017-07-20,Asia,Turkey
"M 7.7 - Komandorskiye Ostrova, Russia region",7.7,8,7,green,1,918,us,0,3.564,13,mww,10,54.4434,168.857,2017-07-17,,
"M 6.6 - Auckland Islands, New Zealand region",6.6,5,4,green,1,704,us,0,3.773,37,mww,10,-49.4837,164.016,2017-07-11,,
"M 6.5 - 2 km S of Lim-oo, Philippines",6.5,9,8,yellow,1,740,us,0,4.139,30,mww,9,11.1269,124.629,2017-07-06,,Philippines
"M 6.8 - 28 km SW of Puerto San José, Guatemala",6.8,6,6,yellow,1,1034,us,0,1.065,38,mww,38.12,13.7174,-90.9718,2017-06-22,,
"M 6.9 - 2 km SSW of San Pablo, Guatemala",6.9,8,6,yellow,1,1188,us,0,0.247,35,mww,93,14.9091,-92.0092,2017-06-14,,Guatemala
"M 6.8 - 200 km NW of Attu Station, Alaska",6.8,0,4,green,1,711,us,0,2.308,12,mww,5,54.0312,170.92,2017-06-02,,
"M 6.6 - 37 km WNW of Poso, Indonesia",6.6,7,7,green,0,678,us,0,2.353,18,mww,12,-1.2923,120.431,2017-05-29,,Indonesia
M 6.5 - South Sandwich Islands region,6.5,0,4,green,1,650,us,0,6.489,17,mww,15,-56.414,-25.7432,2017-05-10,,
"M 6.8 - 59 km NNE of Port-Olry, Vanuatu",6.8,6,5,green,1,713,us,0,7.495,19,mww,169,-14.5884,167.377,2017-05-09,,Vanuatu
"M 6.9 - 31 km SW of Burias, Philippines",6.9,9,6,green,1,814,us,0,1.636,14,mww,26,5.5043,125.066,2017-04-28,,Philippines
"M 6.9 - 40 km W of Valparaíso, Chile",6.9,9,7,yellow,1,1642,us,0,0.356,39,mww,28,-33.0375,-72.0617,2017-04-24,,
"M 6.5 - 132 km WSW of Moijabana, Botswana",6.5,7,8,green,0,1297,us,0,2.36,15,mww,29,-22.6784,25.1558,2017-04-03,Africa,Botswana
"M 6.6 - 81 km NNE of Ust’-Kamchatsk Staryy, Russia",6.6,6,7,yellow,1,671,us,0,4.591,14,mww,17,56.9401,162.786,2017-03-29,Asia,Russia
M 6.9 - south of the Fiji Islands,6.9,2,3,green,1,733,us,0,6.012,19,mww,414.5,-23.2593,-178.804,2017-02-24,,
"M 6.5 - 41 km E of Padilla, Bolivia",6.5,3,3,green,0,653,us,0,4.242,14,mww,595.98,-19.2814,-63.9047,2017-02-21,South America,Bolivia
"M 6.5 - 11 km N of Mabua, Philippines",6.5,8,7,yellow,1,718,us,0,2.822,36,mww,15,9.9071,125.452,2017-02-10,,Philippines
"M 7.9 - 35 km WNW of Panguna, Papua New Guinea",7.9,9,7,yellow,1,987,us,0,3.625,9,mww,135,-6.2464,155.172,2017-01-22,,Papua New Guinea
"M 6.5 - 65 km W of Kirakira, Solomon Islands",6.5,6,6,green,1,654,us,0,1.64,21,mww,36,-10.3506,161.335,2017-01-19,,Solomon Islands
"M 7.3 - 189 km SSE of Tabiauan, Philippines",7.3,6,3,green,1,849,us,0,3.813,18,mww,627.17,4.4782,122.617,2017-01-10,,
"M 6.9 - 225 km SW of Nadi, Fiji",6.9,6,4,green,1,742,us,0,2.495,13,mww,12,-19.3733,176.052,2017-01-03,,
"M 7.6 - 41 km SW of Quellón, Chile",7.6,9,8,yellow,1,1152,us,0,0.355,29,mww,38,-43.4064,-73.9413,2016-12-25,South America,Chile
"M 6.7 - 151 km NE of Lospalos, Timor Leste",6.7,5,5,green,0,726,us,0,3.38,17,mww,152,-7.5082,127.921,2016-12-21,,Indonesia
"M 7.9 - 140 km E of Kokopo, Papua New Guinea",7.9,9,7,yellow,1,972,us,0,1.389,13,mww,94.54,-4.5049,153.522,2016-12-17,,Papua New Guinea
"M 6.9 - 92 km WSW of Kirakira, Solomon Islands",6.9,8,6,green,1,737,us,0,1.747,26,mww,19.73,-10.749,161.132,2016-12-09,,
"M 6.5 - 79 km WSW of Kirakira, Solomon Islands",6.5,0,5,green,0,650,us,0,1.937,18,mww,12.26,-10.8416,161.314,2016-12-08,,
"M 7.8 - 69 km WSW of Kirakira, Solomon Islands",7.8,9,8,green,1,961,us,0,1.836,13,mww,40,-10.6812,161.327,2016-12-08,,Solomon Islands
"M 6.6 - 164 km W of Ferndale, California",6.6,5,4,green,1,1120,us,0,1.405,55,mww,8.45,40.4535,-126.194,2016-12-08,,
"M 6.5 - 14 km WNW of Reuleuet, Indonesia",6.5,9,8,yellow,0,731,us,0,0.778,27,mww,13,5.2834,96.1678,2016-12-06,,Indonesia
"M 6.6 - 122 km N of Murghob, Tajikistan",6.6,8,7,green,0,693,us,0,1.697,20,mww,17,39.2732,73.9776,2016-11-25,Asia,People's Republic of China
"M 6.9 - 156 km SSW of Puerto El Triunfo, El Salvador",6.9,5,4,green,1,855,us,0,1.796,20,mww,10,11.9097,-88.8968,2016-11-24,,
"M 6.9 - 35 km ESE of Namie, Japan",6.9,9,6,green,1,1144,us,0,0.671,10,mww,9,37.3931,141.387,2016-11-21,Asia,
"M 6.5 - 74 km NE of Amberley, New Zealand",6.5,7,7,yellow,1,664,us,0,0.283,56,mww,9,-42.6058,173.254,2016-11-14,,New Zealand
"M 6.5 - 92 km SSW of Blenheim, New Zealand",6.5,6,7,yellow,1,656,us,0,0.135,58,mww,10,-42.3205,173.669,2016-11-13,,New Zealand
"M 7.8 - 53 km NNE of Amberley, New Zealand",7.8,9,9,orange,1,1545,us,0,0.481,21,mww,15.11,-42.7373,173.054,2016-11-13,,New Zealand
"M 6.6 - 5 km ESE of Preci, Italy",6.6,9,8,red,0,2840,us,0,0.174,25,mww,8,42.8621,13.0961,2016-10-30,Europe,Italy
"M 6.6 - 161 km NNE of Pamanukan, Indonesia",6.6,3,3,green,0,677,us,0,2.022,16,mww,614,-4.8626,108.163,2016-10-19,,Indonesia
"M 6.8 - 76 km WNW of Kandrian, Papua New Guinea",6.8,3,6,green,1,716,us,0,3.727,11,mww,42,-6.0033,148.887,2016-10-17,,Papua New Guinea
M 6.9 - Fiji region,6.9,2,3,green,1,733,us,0,4.051,9,mww,596.4,-19.7819,-178.244,2016-09-24,,Fiji
"M 7.0 - 175 km NE of Gisborne, New Zealand",7,5,6,green,1,897,us,0,0.698,21,mww,19,-37.3586,179.146,2016-09-01,,
"M 6.8 - 90 km NE of Rabaul, Papua New Guinea",6.8,4,3,green,1,713,us,0,0.803,12,mww,476,-3.6849,152.792,2016-08-31,,Papua New Guinea
"M 6.8 - 26 km W of Chauk, Myanmar",6.8,6,6,yellow,0,981,us,0,1.802,17,mww,82,20.9228,94.569,2016-08-24,Asia,Myanmar
M 7.2 - southeast of the Loyalty Islands,7.2,6,5,green,1,799,us,0,4.823,14,mww,16.37,-22.4765,173.117,2016-08-12,,
"M 7.7 - Pagan region, Northern Mariana Islands",7.7,5,6,green,1,971,us,0,3.294,14,mww,196,18.5429,145.507,2016-07-29,,
"M 6.6 - 80 km W of Sungai Penuh, Indonesia",6.6,4,6,green,0,671,us,0,2.435,16,mww,50,-2.0967,100.665,2016-06-01,,Indonesia
M 7.2 - South Sandwich Islands region,7.2,1,6,green,1,798,us,0,5.803,24,mww,78,-56.2409,-26.9353,2016-05-28,,
M 6.9 - ,6.9,3,3,green,1,733,us,0,5.485,19,mww,405.69,-21.9724,-178.204,2016-05-28,,
"M 6.9 - 24 km NW of Rosa Zarate, Ecuador",6.9,8,7,green,1,780,us,0,1.192,17,mww,29.95,0.4947,-79.616,2016-05-18,South America,Ecuador
"M 6.7 - 32 km SE of Muisne, Ecuador",6.7,5,7,green,1,744,us,0,1.352,21,mww,16,0.4261,-79.7899,2016-05-18,South America,Ecuador
"M 7.0 - 3 km NW of Norsup, Vanuatu",7,7,7,green,1,755,us,0,0.616,14,mww,24,-16.0429,167.379,2016-04-28,,Vanuatu
"M 7.8 - 27 km SSE of Muisne, Ecuador",7.8,9,9,orange,1,1163,us,0,1.44,15,mww,20.59,0.3819,-79.9218,2016-04-16,South America,Ecuador
"M 7.0 - 6 km ESE of Kumamoto, Japan",7,9,9,red,1,2074,us,0,0.349,32,mww,10,32.7906,130.754,2016-04-15,Asia,Japan
"M 6.9 - 76 km SE of Mawlaik, Myanmar",6.9,6,6,yellow,0,903,us,0,3.001,14,mww,136,23.0944,94.8654,2016-04-13,Asia,Myanmar
"M 6.6 - 42 km WSW of Ashk?sham, Afghanistan",6.6,6,4,green,0,738,us,0,0.789,17,mww,212,36.4725,71.1311,2016-04-10,Asia,Afghanistan
"M 6.7 - 104 km W of Sola, Vanuatu",6.7,7,5,green,1,692,us,0,6.787,25,mww,27.59,-13.9805,166.594,2016-04-07,,Vanuatu
"M 6.7 - 102 km WSW of Sola, Vanuatu",6.7,7,6,green,1,691,us,0,6.697,19,mww,24,-14.0683,166.624,2016-04-06,,Vanuatu
"M 6.9 - 82 km NNW of Port-Olry, Vanuatu",6.9,7,6,green,1,734,us,0,1.166,25,mww,26,-14.3235,166.855,2016-04-03,,Vanuatu
"M 7.8 - southwest of Sumatra, Indonesia",7.8,4,3,green,0,948,us,0,7.009,20,mww,24,-4.9521,94.3299,2016-03-02,,
"M 7.2 - 80 km S of Mil’kovo, Russia",7.2,3,7,green,1,799,us,0,0.958,17,mww,177,53.9776,158.546,2016-01-30,Asia,Russia
"M 7.1 - 47 km ESE of Pedro Bay, Alaska",7.1,7,7,green,1,1496,ak,0,0,0,mw,125.6,59.6204,-153.339,2016-01-24,North America,United States of America
"M 6.6 - 203 km SW of La Cruz de Loreto, Mexico",6.6,3,4,green,1,673,us,0,2.413,74,mww,10,18.8239,-106.934,2016-01-21,,
"M 6.7 - 52 km SE of Shizunai-furukawach?, Japan",6.7,5,6,green,1,717,us,0,0.281,22,mww,46,41.9723,142.781,2016-01-14,Asia,Japan
"M 6.5 - 227 km SE of Sarangani, Philippines",6.5,3,6,green,1,651,us,0,3.144,22,mww,13,3.8965,126.862,2016-01-11,,Indonesia
"M 6.7 - 29 km W of Imph?l, India",6.7,8,7,orange,0,1515,us,0,1.794,16,mww,55,24.8036,93.6505,2016-01-03,Asia,India
"M 6.6 - 4 km W of Manuel Ávila Camacho (Ponte Duro), Mexico",6.6,8,6,green,1,765,us,0,0.41,35,mww,85,15.8015,-93.633,2015-12-17,,Mexico
"M 6.9 - 107 km SE of Amahai, Indonesia",6.9,8,5,green,0,738,us,0,2.979,14,mww,21,-4.1064,129.508,2015-12-09,,Indonesia
"M 7.2 - 104 km W of Murghob, Tajikistan",7.2,4,7,green,0,827,us,0,1.116,18,mww,22,38.2107,72.7797,2015-12-07,Asia,Tajikistan
"M 6.7 - 125 km SSW of Tarauacá, Brazil",6.7,2,3,green,0,691,us,0,2.033,19,mww,602.75,-9.1825,-71.2574,2015-11-26,South America,Brazil
"M 7.6 - 185 km WNW of Iñapari, Peru",7.6,5,4,green,0,896,us,0,2.852,10,mww,620.56,-10.0598,-71.0184,2015-11-24,South America,Peru
"M 7.6 - 155 km WNW of Iñapari, Peru",7.6,6,5,green,1,957,us,0,3.287,10,mww,606.21,-10.5372,-70.9437,2015-11-24,South America,Peru
"M 6.8 - 153 km WSW of Buala, Solomon Islands",6.8,5,6,green,1,715,us,0,1.599,19,mww,12.59,-8.8994,158.422,2015-11-18,,Solomon Islands
"M 6.5 - 19 km SSW of Lefkáda, Greece",6.5,7,7,orange,0,1018,us,0,0,0,mww,11,38.67,20.6,2015-11-17,Europe,Greece
"M 6.7 - 140 km WSW of Makurazaki, Japan",6.7,5,4,green,0,702,us,0,1.444,17,mww,12,31.0009,128.873,2015-11-13,,
"M 6.9 - 85 km NW of Coquimbo, Chile",6.9,5,6,green,0,744,us,0,0.821,43,mww,10,-29.5097,-72.0585,2015-11-11,,
"M 6.9 - 81 km NW of Coquimbo, Chile",6.9,6,6,green,1,761,us,0,0.784,32,mww,12,-29.5067,-72.0068,2015-11-11,,
"M 6.6 - Nicobar Islands, India region",6.6,7,4,green,0,675,us,0,2.792,31,mww,10,6.8431,94.648,2015-11-08,,
"M 6.8 - 39 km SW of Ovalle, Chile",6.8,7,7,green,1,841,us,0,0.258,41,mww,46,-30.8796,-71.4519,2015-11-07,South America,Chile
"M 6.5 - 47 km NW of Maubara, Timor Leste",6.5,5,7,green,0,657,us,0,1.53,21,mww,20,-8.3381,124.875,2015-11-04,,Indonesia
"M 7.5 - Hindu Kush region, Afghanistan",7.5,8,7,orange,0,1448,us,0,0.622,18,mww,231,36.5244,70.3676,2015-10-26,Asia,Afghanistan
"M 7.1 - 31 km NE of Port-Olry, Vanuatu",7.1,6,6,green,1,780,us,0,0.592,11,mww,135,-14.8595,167.303,2015-10-20,,Vanuatu
"M 6.6 - 28 km N of Sorong, Indonesia",6.6,7,7,green,0,671,us,0,2.486,13,mww,18,-0.6212,131.262,2015-09-24,,Indonesia
"M 6.6 - 22 km WSW of Illapel, Chile",6.6,5,7,green,1,820,us,0,1.064,14,mww,35,-31.7275,-71.3792,2015-09-21,South America,Chile
"M 6.7 - 61 km WNW of Illapel, Chile",6.7,5,7,green,0,718,us,0,0.853,35,mww,23,-31.5173,-71.804,2015-09-17,,Chile
"M 6.5 - 54 km WNW of Illapel, Chile",6.5,6,7,green,0,657,us,0,0.749,62,mww,27,-31.4244,-71.6876,2015-09-17,,Chile
"M 7.0 - 25 km WNW of Illapel, Chile",7,8,7,green,0,799,us,0,0.903,13,mww,28.41,-31.5622,-71.4262,2015-09-16,South America,Chile
"M 8.3 - 48 km W of Illapel, Chile",8.3,9,8,orange,1,1960,us,0,0.684,19,mww,22.44,-31.5729,-71.6744,2015-09-16,,Chile
"M 6.7 - 95 km SW of Topolobampo, Mexico",6.7,5,5,green,1,708,us,0,1.256,123,mww,10,24.913,-109.623,2015-09-13,,
"M 6.5 - 177 km SE of Gizo, Solomon Islands",6.5,0,5,green,1,650,us,0,2.045,16,mww,6.43,-9.3293,157.877,2015-08-12,,
"M 6.6 - 186 km WNW of Malango, Solomon Islands",6.6,3,5,green,1,671,us,0,1.872,20,mww,22,-9.3438,158.053,2015-08-10,,
"M 7.0 - 234 km W of Abepura, Indonesia",7,9,7,green,1,762,us,0,6.278,12,mww,48,-2.6286,138.528,2015-07-27,,Indonesia
"M 6.9 - Fox Islands, Aleutian Islands, Alaska",6.9,4,7,green,1,734,us,0,0.444,39,mww,29,52.376,-169.446,2015-07-27,,
"M 7.0 - 80 km WNW of Lata, Solomon Islands",7,8,6,green,1,759,us,0,5.205,22,mww,11,-10.4012,165.141,2015-07-18,,
"M 6.5 - 128 km NE of Bathsheba, Barbados",6.5,4,4,green,1,686,us,0,1.218,20,mww,20,13.8672,-58.5479,2015-07-16,,
"M 6.7 - 150 km WNW of Malango, Solomon Islands",6.7,4,5,green,1,691,us,0,1.529,11,mww,12,-9.307,158.403,2015-07-10,,Solomon Islands
"M 6.5 - Bonin Islands, Japan region",6.5,3,4,green,0,652,us,0,2.277,11,mww,460,27.7375,139.725,2015-06-23,,
"M 7.8 - Bonin Islands, Japan region",7.8,6,3,green,1,1151,us,0,1.675,12,mww,664,27.8386,140.493,2015-05-30,,
"M 6.8 - 117 km SSE of Ugashik, Alaska",6.8,5,6,green,1,762,ak,0,0,0,mw,72.6,56.594,-156.43,2015-05-29,,
"M 6.8 - 159 km ESE of Kirakira, Solomon Islands",6.8,1,5,green,1,711,us,0,3.619,18,mww,10,-11.1093,163.215,2015-05-22,,
"M 6.9 - 205 km ESE of Kirakira, Solomon Islands",6.9,1,4,green,1,732,us,0,4.024,22,mww,11.19,-11.0559,163.696,2015-05-22,,
"M 6.8 - 178 km W of Lata, Solomon Islands",6.8,1,4,green,1,711,us,0,4.395,15,mww,11,-10.8759,164.169,2015-05-20,,
"M 6.8 - 32 km SE of ?funato, Japan",6.8,8,6,green,1,831,us,0,1.422,8,mww,35,38.9056,142.032,2015-05-12,Asia,Japan
M 7.3 - Nepal,7.3,8,7,orange,0,1563,us,0,0.677,11,mww,15,27.8087,86.0655,2015-05-12,Asia,Nepal
"M 7.1 - 143 km SW of Panguna, Papua New Guinea",7.1,1,6,green,1,776,us,0,3.835,11,mww,10,-7.2175,154.557,2015-05-07,,
"M 7.5 - 131 km SSW of Kokopo, Papua New Guinea",7.5,7,8,green,1,869,us,0,1.295,22,mww,55,-5.4624,151.875,2015-05-05,,Papua New Guinea
"M 6.8 - 109 km SSW of Kokopo, Papua New Guinea",6.8,5,6,green,1,714,us,0,1.074,23,mww,44,-5.2005,151.777,2015-05-01,,Papua New Guinea
"M 6.7 - 126 km SSW of Kokopo, Papua New Guinea",6.7,5,6,green,1,692,us,0,1.239,12,mww,31,-5.375,151.771,2015-04-30,,Papua New Guinea
"M 6.7 - 21 km SSE of Kod?ri??, Nepal",6.7,7,7,yellow,0,1016,us,0,0.727,13,mww,22.91,27.7711,86.0173,2015-04-26,Asia,Nepal
"M 6.6 - 71 km NNE of Bharatpur, Nepal",6.6,8,7,yellow,0,733,us,0,1.778,16,mww,10,28.2244,84.8216,2015-04-25,Asia,Nepal
"M 7.8 - 67 km NNE of Bharatpur, Nepal",7.8,8,9,red,0,2820,us,0,1.857,12,mww,8.22,28.2305,84.7314,2015-04-25,Asia,Nepal
"M 6.5 - 181 km SSW of Alo, Wallis and Futuna",6.5,0,5,green,1,650,us,0,3.702,42,mww,10,-15.8815,-178.6,2015-04-17,,
"M 6.5 - 96 km ENE of Hihifo, Tonga",6.5,2,5,green,1,650,us,0,4.629,36,mww,11,-15.4994,-173.029,2015-03-30,,
"M 7.5 - 53 km SE of Kokopo, Papua New Guinea",7.5,6,7,green,1,872,us,0,0.666,19,mww,41,-4.7294,152.562,2015-03-29,,Papua New Guinea
"M 7.0 - 150 km NNE of Maumere, Indonesia",7,4,6,green,0,760,us,0,1.362,12,mww,552.06,-7.2968,122.535,2015-02-27,,Indonesia
"M 6.7 - 83 km ENE of Miyako, Japan",6.7,5,5,green,1,714,us,0,1.925,20,mww,23,39.8558,142.881,2015-02-16,,
"M 6.7 - 103 km W of El Aguilar, Argentina",6.7,4,6,green,1,700,us,0,2.11,16,mww,223,-23.1125,-66.688,2015-02-11,South America,Argentina
"M 6.8 - 81 km NNE of Port-Vila, Vanuatu",6.8,1,4,green,1,711,us,0,2.019,13,mww,219.96,-17.0309,168.52,2015-01-23,,Vanuatu
"M 6.5 - 236 km S of Punta de Burica, Panama",6.5,1,4,green,1,650,us,0,4.318,61,mww,8,5.9045,-82.6576,2015-01-07,,
"M 6.6 - 22 km ESE of Punta de Burica, Panama",6.6,7,6,green,1,709,us,0,2.485,43,mww,20,7.9401,-82.6865,2014-12-08,,Panama
"M 6.6 - 115 km W of Panguna, Papua New Guinea",6.6,1,5,green,1,670,us,0,3.246,12,mww,23,-6.5108,154.46,2014-12-07,,
"M 6.6 - 106 km WSW of Sangay, Philippines",6.6,1,3,green,0,670,us,0,2.6,9,mww,614,6.1572,123.126,2014-12-02,,Philippines
"M 6.8 - 157 km NW of Ternate, Indonesia",6.8,6,5,green,1,713,us,0,1.421,19,mww,39,1.9604,126.575,2014-11-26,,Indonesia
"M 6.5 - 123 km WNW of Tobelo, Indonesia",6.5,5,5,green,1,652,us,0,1.549,9,mww,35,2.2999,127.056,2014-11-21,,Indonesia
"M 6.7 - 183 km NE of Gisborne, New Zealand",6.7,7,4,green,1,698,us,0,1.079,25,mww,22,-37.6478,179.662,2014-11-16,,
"M 7.1 - 155 km NW of Ternate, Indonesia",7.1,4,6,green,1,779,us,0,1.397,18,mww,45,1.8929,126.522,2014-11-15,,Indonesia
"M 6.6 - 76 km NE of Finschhafen, Papua New Guinea",6.6,2,6,green,1,671,us,0,3.557,13,mww,53.19,-5.9873,148.232,2014-11-07,,Papua New Guinea
M 7.1 - Fiji region,7.1,3,6,green,1,776,us,0,4.415,13,mww,434,-19.6903,-177.759,2014-11-01,,
"M 7.3 - 74 km S of Intipucá, El Salvador",7.3,8,6,yellow,1,982,us,0,1.078,18,mww,40,12.5262,-88.1225,2014-10-14,,
"M 6.7 - 43 km NW of Piti Village, Guam",6.7,5,5,green,1,724,us,0,0.46,11,mww,130,13.7641,144.429,2014-09-17,,
"M 6.8 - 38 km NW of Aniso, Peru",6.8,6,6,green,1,741,us,0,4.107,18,mww,101,-14.598,-73.5714,2014-08-24,South America,Peru
M 6.9 - Federated States of Micronesia region,6.9,0,4,green,1,732,us,0,6.393,12,mww,13,0.8295,146.169,2014-08-03,,
M 6.9 - Fiji region,6.9,0,6,green,1,732,us,0,3.934,15,mww,615.42,-19.8015,-178.4,2014-07-21,,Fiji
"M 6.5 - 139 km ESE of Namie, Japan",6.5,5,4,green,1,706,us,0,2.421,9,mww,20,37.0052,142.452,2014-07-11,,
"M 6.9 - 4 km W of Puerto Madero, Mexico",6.9,8,7,orange,1,1079,us,0,0.263,51,mww,53,14.724,-92.4614,2014-07-07,,Mexico
"M 6.5 - 217 km SSE of Kokopo, Papua New Guinea",6.5,0,4,green,1,650,us,0,2.124,15,mww,20,-6.2304,152.807,2014-07-04,,
"M 6.7 - 201 km SSE of Mata-Utu, Wallis and Futuna",6.7,0,5,green,1,691,us,0,6.713,45,mww,18,-14.9831,-175.51,2014-06-29,,
M 6.9 - South Sandwich Islands region,6.9,0,5,green,1,732,us,0,4.838,25,mww,8,-55.4703,-28.3669,2014-06-29,,
"M 7.9 - Rat Islands, Aleutian Islands, Alaska",7.9,6,8,green,1,963,us,0,0.133,22,mww,109,51.8486,178.735,2014-06-23,North America,United States of America
"M 6.7 - Kermadec Islands, New Zealand",6.7,0,5,green,0,691,us,0,0.748,43,mwc,26.59,-29.9414,-177.607,2014-06-23,,
"M 6.5 - Kermadec Islands, New Zealand",6.5,0,5,green,0,650,us,0,0.778,30,mwc,10,-29.9379,-177.516,2014-06-23,,
"M 6.9 - Kermadec Islands, New Zealand",6.9,0,5,green,1,732,us,0,0.751,35,mww,20,-29.9772,-177.725,2014-06-23,,
"M 6.9 - 21 km SSW of Kamariótissa, Greece",6.9,9,7,green,0,951,us,0,0.402,25,mww,6.43,40.2893,25.3889,2014-05-24,Europe,Greece
"M 6.5 - 110 km SE of Punta de Burica, Panama",6.5,7,5,green,1,694,us,0,3.121,33,mww,10,7.2096,-82.3045,2014-05-13,,
"M 6.6 - 239 km SSE of Isangel, Vanuatu",6.6,0,5,green,1,670,us,0,3.34,10,mww,106,-21.4542,170.355,2014-05-01,,
"M 6.5 - 107 km WSW of Vernon, Canada",6.5,4,6,green,1,838,us,0,0,0,mww,10,49.6388,-127.732,2014-04-24,,
"M 7.5 - 70 km SW of Panguna, Papua New Guinea",7.5,0,6,green,1,865,us,0,3.82,16,mww,43.37,-6.7547,155.024,2014-04-19,,
"M 6.6 - 57 km SW of Panguna, Papua New Guinea",6.6,0,6,green,1,670,us,0,3.803,11,mww,29,-6.6558,155.087,2014-04-19,,Papua New Guinea
"M 7.2 - 9 km ENE of Coyuquilla Norte, Mexico",7.2,8,7,yellow,1,1017,us,0,2.25,46,mww,24,17.397,-100.972,2014-04-18,North America,Mexico
"M 6.6 - 75 km S of Kirakira, Solomon Islands",6.6,0,6,green,0,670,us,0,2.666,22,mww,10,-11.1284,162.052,2014-04-13,,
"M 7.4 - 112 km S of Kirakira, Solomon Islands",7.4,0,6,green,1,842,us,0,2.885,17,mww,39,-11.4633,162.051,2014-04-13,,
"M 7.6 - 93 km SSE of Kirakira, Solomon Islands",7.6,0,7,green,1,889,us,0,2.828,13,mww,22.56,-11.2701,162.148,2014-04-12,,
"M 6.6 - 15 km N of Belén, Nicaragua",6.6,6,5,green,1,677,us,0,0.761,20,mww,135,11.642,-85.8779,2014-04-11,,Nicaragua
"M 6.5 - 78 km SW of Panguna, Papua New Guinea",6.5,0,6,green,1,650,us,0,3.787,16,mww,20,-6.7878,154.95,2014-04-11,,
"M 7.1 - 56 km WSW of Panguna, Papua New Guinea",7.1,0,7,green,1,776,us,0,3.729,21,mww,60.53,-6.5858,155.048,2014-04-11,,Papua New Guinea
"M 7.7 - 53 km SW of Iquique, Chile",7.7,8,9,yellow,1,1057,us,0,1.029,44,mww,22.4,-20.5709,-70.4931,2014-04-03,,
"M 6.5 - 45 km WSW of Iquique, Chile",6.5,7,7,green,0,670,us,0,0.828,82,mww,24.07,-20.3113,-70.5756,2014-04-03,,
"M 6.9 - 90 km WNW of Iquique, Chile",6.9,0,5,green,0,732,us,0,0.828,119,mww,28.42,-19.8927,-70.9455,2014-04-01,,
"M 8.2 - 93 km NW of Iquique, Chile",8.2,9,8,yellow,1,1332,us,0,0.609,23,mww,25,-19.6097,-70.7691,2014-04-01,,
"M 6.7 - 63 km WNW of Iquique, Chile",6.7,7,7,green,1,718,us,0,1.008,44,mww,20,-19.9807,-70.7022,2014-03-16,,
"M 6.8 - 77 km WNW of Indianola, California",6.8,5,5,green,1,1211,nc,112,0.6568,229,mw,16.441,40.8287,-125.134,2014-03-10,,
"M 6.5 - 109 km NW of Nago, Japan",6.5,4,5,green,1,668,us,0,1.001,17,mww,119,27.4312,127.367,2014-03-02,,
"M 6.5 - 171 km NNE of Greenland, Barbados",6.5,5,4,green,1,681,us,0,1.635,30,mww,14.83,14.6682,-58.9272,2014-02-18,,
"M 6.9 - 272 km ESE of Hotan, China",6.9,3,8,yellow,0,733,us,0,7.496,18,mww,10,35.9053,82.5864,2014-02-12,Asia,People's Republic of China
"M 6.5 - 32 km E of Port-Olry, Vanuatu",6.5,0,5,green,1,650,us,0,0.409,20,mww,122,-15.0691,167.372,2014-02-07,,Vanuatu
M 6.5 - south of the Kermadec Islands,6.5,0,3,green,1,650,us,0,3.651,22,mww,44.26,-32.9076,-177.881,2014-02-02,,
"M 6.5 - 32 km W of Sola, Vanuatu",6.5,0,4,green,1,650,us,0,3.997,14,mww,187,-13.8633,167.249,2014-01-01,,Vanuatu
M 6.5 - Fiji region,6.5,3,4,green,0,651,us,0,5.194,22,mww,371,-17.1171,-176.545,2013-11-23,,
M 7.7 - Scotia Sea,7.7,1,8,green,1,912,us,0,8.05,23,mww,10,-60.2738,-46.4011,2013-11-17,,United Kingdom of Great Britain and Northern Ireland (the)
M 6.9 - Scotia Sea,6.9,0,5,green,1,732,us,0,8.284,17,mww,9.97,-60.2627,-47.0621,2013-11-16,,United Kingdom of Great Britain and Northern Ireland (the)
"M 6.6 - 41 km SSW of Coquimbo, Chile",6.6,6,7,green,1,723,us,0,0.636,31,mww,27,-30.2921,-71.5215,2013-10-31,South America,Chile
"M 7.1 - off the east coast of Honshu, Japan",7.1,6,4,green,1,872,us,0,3.968,10,mww,35,37.1557,144.661,2013-10-25,,
"M 6.6 - 98 km SW of Etchoropo, Mexico",6.6,8,5,green,1,692,us,0,1.98,44,mww,9.45,26.0913,-110.321,2013-10-19,,
"M 6.8 - 62 km WSW of Panguna, Papua New Guinea",6.8,0,6,green,1,711,us,0,5.79,9,mww,35,-6.4456,154.931,2013-10-16,,Papua New Guinea
"M 7.1 - 4 km SE of Sagbayan, Philippines",7.1,9,8,orange,1,1092,us,0,3.144,12,mww,19.04,9.8796,124.117,2013-10-15,,Philippines
"M 6.6 - 36 km W of Kíssamos, Greece",6.6,5,6,yellow,0,691,us,0,1.984,40,mww,40,35.5142,23.2523,2013-10-12,Europe,
M 6.7 - Sea of Okhotsk,6.7,0,3,green,0,691,us,0,2.958,11,mww,573,53.1995,152.786,2013-10-01,,
"M 6.5 - Kermadec Islands, New Zealand",6.5,0,4,green,1,650,us,0,1.709,21,mww,41.54,-30.9255,-178.323,2013-09-30,,
"M 6.8 - 129 km WSW of Khuzdar, Pakistan",6.8,7,7,orange,0,1005,us,0,7.359,17,mww,12,27.1825,65.5052,2013-09-28,Asia,Pakistan
"M 7.1 - 16 km WSW of Atiquipa, Peru",7.1,8,7,green,1,843,us,0,4.446,17,mww,40,-15.8385,-74.5112,2013-09-25,,Peru
"M 7.7 - 113 km NW of Bela, Pakistan",7.7,5,8,red,0,2015,us,0,7.241,17,mww,15,26.951,65.5009,2013-09-24,Asia,Pakistan
"M 6.5 - 81 km SSW of Atka, Alaska",6.5,0,6,green,1,650,us,0,0.735,24,mww,20,51.5573,-174.767,2013-09-04,,
"M 6.5 - Izu Islands, Japan region",6.5,5,3,green,0,739,us,0,3.276,26,mww,402,29.9377,138.833,2013-09-04,,
"M 6.5 - 180 km NE of Lospalos, Timor Leste",6.5,4,5,green,0,668,us,0,3.097,11,mww,112,-7.44,128.221,2013-09-01,,Indonesia
"M 7.0 - 101 km SW of Atka, Alaska",7,5,6,green,0,758,us,0,0.624,53,mww,29,51.537,-175.23,2013-08-30,,
"M 6.5 - 29 km SE of Blenheim, New Zealand",6.5,9,7,yellow,1,690,us,0,0,0,mww,8.2,-41.734,174.152,2013-08-16,,New Zealand
"M 6.7 - 101 km WSW of Bahía Solano, Colombia",6.7,4,5,green,1,715,us,0,3.741,22,mww,12,5.7732,-78.1999,2013-08-13,,
"M 6.5 - 38 km ESE of Blenheim, New Zealand",6.5,6,7,yellow,1,693,us,229,0,20,mww,17,-41.704,174.337,2013-07-21,,New Zealand
M 7.3 - South Sandwich Islands region,7.3,0,6,green,1,820,us,398,0,43,mww,11,-60.857,-25.07,2013-07-15,,United Kingdom of Great Britain and Northern Ireland (the)
"M 6.6 - 26 km NE of Kandrian, Papua New Guinea",6.6,4,6,green,0,674,us,139,0,14,mww,56,-6.029,149.706,2013-07-07,,Papua New Guinea
"M 7.3 - 190 km ENE of Kokopo, Papua New Guinea",7.3,0,4,green,1,820,us,117,0,24,mww,385.5,-3.917,153.927,2013-07-07,,Papua New Guinea
M 6.6 - northern Mid-Atlantic Ridge,6.6,0,7,green,1,670,us,111,0,16,mww,10,10.701,-42.594,2013-06-24,,
"M 6.5 - 44 km W of Masachapa, Nicaragua",6.5,5,6,green,1,679,us,698,0,27,mww,30,11.763,-86.926,2013-06-15,,
"M 6.7 - south of Java, Indonesia",6.7,5,4,green,0,710,us,515,0,24,mww,9,-10.004,107.236,2013-06-13,,
M 6.7 - Sea of Okhotsk,6.7,0,3,green,1,691,us,217,0,25.2,mwb,624,52.235,151.444,2013-05-24,,
M 8.3 - Sea of Okhotsk,8.3,5,5,green,1,1115,us,385,0,10,mww,598.1,54.892,153.221,2013-05-24,,
"M 7.4 - 292 km SW of Vaini, Tonga",7.4,0,6,green,1,842,us,626,0,16,mww,173.7,-23.009,-177.232,2013-05-23,,
"M 6.8 - Pagan region, Northern Mariana Islands",6.8,0,3,green,0,711,us,131,0,18,mww,602.2,18.728,145.288,2013-05-14,,
"M 6.5 - 33 km N of Rabaul, Papua New Guinea",6.5,0,6,green,1,650,us,264,0,16.6,mww,10,-3.898,152.127,2013-04-23,,Papua New Guinea
"M 6.6 - 56 km WSW of Linqiong, China",6.6,8,8,red,0,2083,us,548,0,12.6,mww,14,30.308,102.888,2013-04-20,Asia,People's Republic of China
"M 7.2 - 252 km ENE of Kuril’sk, Russia",7.2,5,7,green,1,804,us,770,0,10.1,mww,110,46.221,150.788,2013-04-19,Asia,Russia
"M 6.6 - 23 km ESE of Aitape, Papua New Guinea",6.6,7,7,green,1,672,us,445,0,11,mww,13,-3.214,142.542,2013-04-16,,Papua New Guinea
"M 7.7 - 79 km ESE of Kh?sh, Iran",7.7,8,8,yellow,0,1421,us,506,0,26.6,mww,80,28.033,61.996,2013-04-16,Asia,Iran
"M 6.6 - 98 km W of Panguna, Papua New Guinea",6.6,0,5,green,1,670,us,491,0,11.5,mww,31,-6.475,154.607,2013-04-14,,
"M 7.0 - 260 km WSW of Abepura, Indonesia",7,3,7,green,1,755,us,640,0,11.4,mww,66,-3.517,138.476,2013-04-06,,Indonesia
"M 6.5 - 36 km E of Finschhafen, Papua New Guinea",6.5,0,6,green,1,650,us,317,0,14.2,mww,28,-6.598,148.174,2013-03-10,,Papua New Guinea
"M 6.5 - 87 km SE of Ozernovskiy, Russia",6.5,3,6,green,0,651,us,480,0,20.7,mww,29,50.958,157.408,2013-03-01,Asia,
"M 6.9 - 81 km SE of Ozernovskiy, Russia",6.9,5,6,green,1,736,us,531,0,20.7,mww,41,50.954,157.283,2013-02-28,Asia,
"M 6.6 - 183 km SW of Belaya Gora, Russia",6.6,0,7,green,1,670,us,697,0,15.3,mww,11,67.631,142.508,2013-02-14,Asia,Russia
"M 6.6 - 30 km SSW of Lata, Solomon Islands",6.6,0,6,green,1,670,us,421,0,16.6,mww,18,-10.994,165.741,2013-02-09,,Solomon Islands
"M 6.9 - 2 km NNE of Yacuanquer, Colombia",6.9,5,5,green,1,904,us,562,0,23.7,mww,145,1.135,-77.393,2013-02-09,South America,Colombia
"M 7.1 - 32 km SE of Lata, Solomon Islands",7.1,9,6,green,1,780,us,334,0,16.5,mww,21,-10.928,166.018,2013-02-08,,Solomon Islands
"M 6.8 - 22 km ESE of Lata, Solomon Islands",6.8,0,7,green,1,711,us,400,0,17.5,mww,12,-10.838,165.969,2013-02-08,,Solomon Islands
"M 6.7 - 33 km SSW of Lata, Solomon Islands",6.7,0,6,green,1,691,us,387,0,26.5,mww,11,-10.997,165.655,2013-02-07,,Solomon Islands
"M 7.0 - 33 km NW of Lata, Solomon Islands",7,0,6,green,0,754,us,445,0,17.5,mww,8.8,-10.499,165.588,2013-02-06,,Solomon Islands
"M 7.1 - 112 km WSW of Lata, Solomon Islands",7.1,0,5,green,0,776,us,550,0,18.4,mww,10,-11.183,164.882,2013-02-06,,
"M 8.0 - 75 km W of Lata, Solomon Islands",8,8,7,green,1,993,us,460,0,20.9,mww,24,-10.799,165.114,2013-02-06,,
"M 6.9 - 18 km SSW of Obihiro, Japan",6.9,6,7,yellow,0,814,us,686,0,28,mww,107,42.77,143.092,2013-02-02,Asia,Japan
"M 6.8 - 54 km N of Vallenar, Chile",6.8,6,7,green,0,771,us,596,0,19.3,mww,45,-28.094,-70.653,2013-01-30,South America,Chile
"M 7.5 - 110 km SW of Edna Bay, Alaska",7.5,6,6,,0,1425,ak,0,0,0,mw,8.7,55.228,-134.859,2013-01-05,,
"M 6.7 - 59 km SSW of Sola, Vanuatu",6.7,0,4,,0,691,us,521,0,13.7,mww,200.7,-14.344,167.286,2012-12-21,,Vanuatu
M 7.1 - Banda Sea,7.1,5,5,,0,843,us,517,0,8.7,mww,155,-6.533,129.825,2012-12-10,,Indonesia
"M 7.3 - 234 km SE of ?funato, Japan",7.3,6,5,,0,1014,us,918,0,14.8,mww,31,37.89,143.949,2012-12-07,,
"M 6.5 - 32 km SW of Champerico, Guatemala",6.5,4,5,,0,708,us,598,0,57.3,mww,20,14.129,-92.164,2012-11-11,,
"M 6.8 - 51 km NNE of Shwebo, Myanmar",6.8,7,6,,0,795,us,391,0,13.7,mww,13.7,23.005,95.885,2012-11-11,Asia,Myanmar
"M 7.4 - 33 km S of Champerico, Guatemala",7.4,8,7,yellow,0,1455,us,751,0,25.5,mww,24,13.988,-91.895,2012-11-07,,
"M 7.8 - 206 km SW of Prince Rupert, Canada",7.8,8,7,,0,1726,us,807,0,42.7,mww,14,52.788,-132.101,2012-10-28,North America,Canada
M 6.5 - Costa Rica,6.5,6,6,,0,745,us,691,0,34.4,mww,17,10.086,-85.298,2012-10-24,,Costa Rica
"M 6.6 - 163 km ENE of Tual, Indonesia",6.6,3,5,,0,675,us,291,0,17.7,mww,13,-4.892,134.03,2012-10-12,,Indonesia
"M 7.3 - 11 km WNW of San Agustín, Colombia",7.3,7,6,,0,1221,us,934,0,15.5,mww,170,1.929,-76.362,2012-09-30,South America,Colombia
"M 7.6 - 11 km ENE of Hojancha, Costa Rica",7.6,8,7,,0,1555,us,703,0,34.3,mww,35,10.085,-85.315,2012-09-05,,Costa Rica
"M 7.6 - 89 km E of Sulangan, Philippines",7.6,8,5,,0,1115,us,682,0,10.2,mww,28,10.811,126.638,2012-08-31,,
"M 7.3 - 126 km S of Puerto El Triunfo, El Salvador",7.3,5,5,,0,994,us,417,0,37,mww,28,12.139,-88.59,2012-08-27,,
"M 6.6 - 140 km WNW of Tobelo, Indonesia",6.6,4,5,,0,678,us,497,0,14.6,mww,91.1,2.19,126.837,2012-08-26,,Indonesia
"M 7.7 - 156 km ENE of Poronaysk, Russia",7.7,7,4,,0,941,us,862,0,13.8,mww,583.2,49.8,145.064,2012-08-14,,
"M 6.5 - 105 km ESE of Kokopo, Papua New Guinea",6.5,5,6,,0,653,us,576,0,11.7,mww,41,-4.651,153.173,2012-07-28,,Papua New Guinea
"M 6.6 - 76 km W of Neiafu, Tonga",6.6,4,5,,0,675,us,529,0,15.7,mww,134.7,-18.685,-174.705,2012-04-28,,Tonga
"M 6.7 - 86 km SSE of Manokwari, Indonesia",6.7,0,7,,0,691,us,370,0,15.4,mww,16,-1.617,134.276,2012-04-21,,Indonesia
"M 6.8 - 140 km N of Lae, Papua New Guinea",6.8,6,5,,0,732,us,597,0,12.6,mww,198,-5.462,147.117,2012-04-17,,Papua New Guinea
"M 6.7 - 22 km NW of Hacienda La Calera, Chile",6.7,0,7,,0,691,us,518,0,26.9,mww,29,-32.625,-71.365,2012-04-17,South America,Chile
"M 7.0 - 69 km ENE of San Luis, Mexico",7,7,7,,0,1000,us,474,0,95.9,mww,13,28.696,-113.104,2012-04-12,North America,Mexico
"M 6.5 - 41 km NW of El Habillal, Mexico",6.5,7,6,,0,1171,us,599,0,54.1,mwb,20,18.229,-102.689,2012-04-11,North America,Mexico
M 8.2 - off the west coast of northern Sumatra,8.2,9,6,green,0,1213,us,341,0,14.9,mwc,25.1,0.802,92.463,2012-04-11,,
M 8.6 - off the west coast of northern Sumatra,8.6,9,7,yellow,0,2048,official,499,0,16.6,mw,20,2.327,93.063,2012-04-11,,
"M 7.1 - 23 km NE of Constitución, Chile",7.1,7,7,,0,1496,us,553,0,15.2,mww,40.7,-35.2,-72.217,2012-03-25,South America,Chile
"M 6.6 - 11 km ENE of Kainantu, Papua New Guinea",6.6,6,6,,0,709,us,640,0,10.1,mww,118,-6.242,145.955,2012-03-21,,Papua New Guinea
"M 7.4 - 6 km E of Santiago Llano Grande, Mexico",7.4,9,8,,0,1752,us,672,0,37.9,mww,20,16.493,-98.231,2012-03-20,North America,Mexico
"M 6.7 - 38 km NE of Saryg-Sep, Russia",6.7,7,7,,0,833,us,596,0,13.4,mww,12,51.708,95.991,2012-02-26,Asia,Russia
"M 6.7 - 2 km NNE of Jimalalud, Philippines",6.7,9,7,,0,1551,us,572,0,11.1,mww,11,9.999,123.206,2012-02-06,,Philippines
"M 7.1 - 125 km W of Port-Vila, Vanuatu",7.1,5,5,,0,793,us,573,0,12,mww,23,-17.827,167.133,2012-02-02,,
M 7.2 - off the west coast of northern Sumatra,7.2,4,4,,0,838,us,443,0,17,mww,19,2.433,93.21,2012-01-10,,
"M 6.6 - 45 km NNE of Saryg-Sep, Russia",6.6,0,7,,0,670,us,545,0,17.6,mww,15,51.842,95.911,2011-12-27,Asia,Russia
"M 7.1 - 25 km SSE of Wau, Papua New Guinea",7.1,6,6,,0,834,us,485,0,10.6,mww,135,-7.551,146.809,2011-12-14,,Papua New Guinea
"M 6.5 - 6 km SSW of Nuevo Balsas, Mexico",6.5,8,7,,0,1400,us,578,0,38.6,mww,59,17.986,-99.789,2011-12-11,North America,Mexico
"M 6.9 - 39 km SW of Santiago, Peru",6.9,6,7,,0,847,us,474,0,46.5,mww,24,-14.438,-75.966,2011-10-28,South America,Peru
"M 7.1 - 27 km NNE of Van, Turkey",7.1,9,9,,0,1096,us,693,0,19.7,mww,18,38.721,43.508,2011-10-23,Asia,Turkey
"M 6.5 - 4 km ESE of Finschhafen, Papua New Guinea",6.5,3,6,,0,655,us,423,0,12.6,mww,37,-6.57,147.881,2011-10-14,,Papua New Guinea
"M 6.9 - 43 km NW of Mangan, India",6.9,8,8,,0,1562,us,383,0,13,mww,50,27.73,88.155,2011-09-18,Asia,India
"M 6.7 - 99 km NE of Miyako, Japan",6.7,5,5,,0,712,us,667,0,10.9,mwc,30,40.273,142.779,2011-09-16,,
"M 6.7 - 68 km WSW of Kabanjahe, Indonesia",6.7,5,6,,0,915,us,447,0,15.3,mww,91,2.965,97.893,2011-09-05,,Indonesia
"M 7.0 - 133 km SSE of Isangel, Vanuatu",7,7,5,,0,761,us,406,0,15.3,mww,185.1,-20.671,169.716,2011-09-03,,
"M 7.0 - 64 km ESE of Contamana, Peru",7,6,6,,0,913,us,471,0,26.9,mww,147,-7.641,-74.525,2011-08-24,South America,Peru
"M 7.1 - 64 km S of Port-Vila, Vanuatu",7.1,5,6,,0,787,us,564,0,12.3,mww,28,-18.311,168.218,2011-08-20,,
"M 6.5 - 65 km SSW of Port-Vila, Vanuatu",6.5,0,5,,0,650,us,322,0,15,mwc,35,-18.308,168.156,2011-08-20,,
"M 7.2 - 71 km SSW of Port-Vila, Vanuatu",7.2,8,6,,0,813,us,280,0,18.4,mww,32,-18.365,168.143,2011-08-20,,
"M 6.6 - 103 km NE of Angoram, Papua New Guinea",6.6,3,6,,0,674,us,229,0,16.6,mww,10,-3.518,144.828,2011-07-31,,Papua New Guinea
M 7.6 - Kermadec Islands region,7.6,3,7,,0,893,us,567,0,33.5,mww,17,-29.539,-176.34,2011-07-06,,
"M 6.7 - 41 km NNE of Miyako, Japan",6.7,6,6,,0,749,us,592,0,24.9,mww,33,39.955,142.205,2011-06-22,Asia,Japan
"M 6.8 - 124 km NE of Wé, New Caledonia",6.8,4,5,,0,734,us,519,0,12.5,mww,11,-20.244,168.226,2011-05-10,,
"M 6.8 - 79 km W of Kirakira, Solomon Islands",6.8,5,6,,0,719,us,445,0,13,mww,79,-10.375,161.2,2011-04-23,,Solomon Islands
"M 6.6 - 17 km SSW of Ishikawa, Japan",6.6,7,7,,0,822,us,586,0,10.1,mww,11,37.001,140.401,2011-04-11,Asia,Japan
"M 7.1 - 29 km ESE of Ishinomaki, Japan",7.1,8,8,,0,1114,us,446,0,17.7,mww,42,38.276,141.588,2011-04-07,Asia,Japan
"M 6.6 - 7 km SW of Helio García Alfaro, Mexico",6.6,7,6,,0,897,us,518,0,37.2,mww,166.2,17.208,-94.338,2011-04-07,,Mexico
"M 6.9 - 27 km NNW of Tachilek, Myanmar",6.9,7,9,,0,1154,us,335,0,18.2,mww,8,20.687,99.822,2011-03-24,Asia,Myanmar
"M 6.6 - 50 km ESE of ?tsuchi, Japan",6.6,6,5,,0,673,us,668,0,9.5,ms,25.7,39.241,142.463,2011-03-11,,
"M 6.5 - 81 km NE of Hasaki, Japan",6.5,0,4,,0,650,us,369,0,18.7,mb,6.8,36.166,141.562,2011-03-11,,
"M 7.7 - 272 km ESE of Kamaishi, Japan",7.7,7,4,,0,931,us,507,0,10.8,mwc,18.6,38.058,144.59,2011-03-11,,
"M 7.9 - 47 km E of ?arai, Japan",7.9,8,7,,0,1140,us,163,0,48.4,mwc,42.6,36.281,141.111,2011-03-11,,
"M 9.1 - 2011 Great Tohoku Earthquake, Japan",9.1,9,8,,0,2184,official,541,0,9.5,mww,29,38.297,142.373,2011-03-11,,
"M 7.3 - 120 km SE of ?funato, Japan",7.3,5,5,,0,972,us,550,0,17.4,mww,32,38.435,142.842,2011-03-09,,
"M 6.7 - 38 km W of Constitución, Chile",6.7,5,6,,0,731,us,358,0,33.9,mww,21,-35.38,-72.834,2011-02-14,,
"M 6.9 - 21 km N of Tomé, Chile",6.9,7,7,,0,988,us,382,0,34.7,mww,26,-36.422,-72.96,2011-02-11,South America,Chile
"M 7.2 - 46 km WSW of Dalbandin, Pakistan",7.2,7,7,,0,1449,us,372,0,25.3,mww,68,28.777,63.951,2011-01-18,Asia,Pakistan
"M 7.0 - 118 km NNE of Tadine, New Caledonia",7,2,5,,0,755,us,578,0,13.3,mww,9,-20.628,168.471,2011-01-13,,
"M 7.2 - 42 km NNW of Carahue, Chile",7.2,8,7,,0,1054,us,397,0,30.1,mww,24,-38.355,-73.326,2011-01-02,South America,Chile
"M 7.3 - 141 km W of Isangel, Vanuatu",7.3,0,5,,0,820,us,409,0,12,mwc,16,-19.702,167.947,2010-12-25,,
"M 6.7 - 111 km SE of Bam, Iran",6.7,3,7,,0,708,us,279,0,24.3,mwc,12,28.412,59.18,2010-12-20,Asia,Iran
"M 6.6 - 52 km ENE of Kandrian, Papua New Guinea",6.6,0,6,,0,670,us,306,0,18.5,mwb,33,-6.001,149.977,2010-12-02,,Papua New Guinea
"M 7.8 - 215 km SW of Sungai Penuh, Indonesia",7.8,4,7,,0,946,us,379,0,23,mwc,20.1,-3.487,100.082,2010-10-25,,
"M 6.7 - 97 km SSW of El Huitusi, Mexico",6.7,5,5,,0,776,us,352,0,50.3,mwc,13,24.696,-109.156,2010-10-21,,
"M 7.0 - Near the south coast of Papua, Indonesia",7,8,5,,0,772,us,271,0,15.1,mwc,26,-4.963,133.76,2010-09-29,,Indonesia
"M 7.0 - 19 km NE of Methven, New Zealand",7,8,8,,0,1245,us,365,0,15.8,mwc,12,-43.522,171.83,2010-09-03,,New Zealand
M 7.1 - Ecuador,7.1,6,5,,0,945,us,672,0,12.4,mwc,206.7,-1.266,-77.306,2010-08-12,South America,Ecuador
"M 7.3 - 33 km NW of Port-Vila, Vanuatu",7.3,7,7,,0,850,us,405,0,20.2,mwc,25,-17.541,168.069,2010-08-10,,Vanuatu
"M 7.0 - 72 km ESE of Kimbe, Papua New Guinea",7,4,6,,0,757,us,396,0,12.7,mww,44,-5.746,150.765,2010-08-04,,Papua New Guinea
"M 6.5 - 118 km ESE of Madang, Papua New Guinea",6.5,5,4,,0,659,us,403,0,11.1,mwc,220,-5.486,146.822,2010-08-04,,Papua New Guinea
"M 7.6 - 61 km W of Bantogon, Philippines",7.6,5,3,,0,902,us,340,0,15.1,mwc,578,6.497,123.48,2010-07-23,,Philippines
"M 7.3 - New Britain region, Papua New Guinea",7.3,8,7,,0,831,us,397,0,18.2,mwc,35,-5.931,150.59,2010-07-18,,Papua New Guinea
"M 6.9 - 56 km SE of Kimbe, Papua New Guinea",6.9,4,7,,0,737,us,456,0,15.7,mwc,28,-5.966,150.428,2010-07-18,,Papua New Guinea
"M 6.6 - 30 km SSE of Cañete, Chile",6.6,6,7,,0,753,us,295,0,52.8,mwc,22,-38.067,-73.31,2010-07-14,South America,Chile
"M 6.7 - 55 km WSW of Kirakira, Solomon Islands",6.7,5,6,,0,696,us,392,0,18.7,mwc,35,-10.627,161.447,2010-06-26,,Solomon Islands
"M 6.6 - 135 km SSE of Biak, Indonesia",6.6,0,7,,0,670,us,309,0,25,mwc,10.5,-2.329,136.484,2010-06-16,,Indonesia
"M 7.0 - 121 km SSE of Biak, Indonesia",7,3,7,,0,755,us,307,0,18.1,mwc,18,-2.174,136.543,2010-06-16,,Indonesia
"M 7.5 - Nicobar Islands, India region",7.5,6,5,,0,1144,us,514,0,18.6,mwc,35,7.881,91.936,2010-06-12,,
"M 7.2 - 100 km WNW of Sola, Vanuatu",7.2,5,6,,0,804,us,327,0,11.7,mwc,31,-13.698,166.643,2010-05-27,,Vanuatu
"M 7.2 - 45 km SSW of Meulaboh, Indonesia",7.2,5,6,,0,918,us,611,0,20.6,mwc,38,3.748,96.018,2010-05-09,,Indonesia
"M 6.9 - 233 km NNW of Qamdo, China",6.9,6,9,,0,773,us,410,0,14.9,mwc,17,33.165,96.548,2010-04-13,Asia,People's Republic of China
"M 6.9 - 99 km WSW of Kirakira, Solomon Islands",6.9,4,5,,0,740,us,399,0,12.1,mwc,21,-10.878,161.116,2010-04-11,,
"M 7.8 - 75 km E of Sinabang, Indonesia",7.8,0,7,,0,936,us,352,0,19.2,mwc,31,2.383,97.048,2010-04-06,,Indonesia
"M 7.2 - 12km SW of Delta, B.C., MX",7.2,9,9,red,0,2910,ci,10,0.5137,239,mw,9.987,32.2862,-115.295,2010-04-04,North America,Mexico
"M 6.6 - 217 km N of Bamboo Flat, India",6.6,5,6,,0,701,us,413,0,16.7,mwc,34,13.667,92.831,2010-03-30,,India
"M 6.7 - 52 km NNW of Tomé, Chile",6.7,5,6,,0,856,us,312,0,34.7,mwc,18,-36.217,-73.257,2010-03-16,,
"M 6.5 - 59 km ENE of Namie, Japan",6.5,6,5,,0,810,us,491,0,27,mwc,32,37.745,141.59,2010-03-14,,
"M 7.0 - 52 km NW of Santa Cruz, Chile",7,7,7,,0,874,us,403,0,17.1,mwc,18,-34.326,-71.799,2010-03-11,South America,Chile
"M 6.9 - 61 km NW of Santa Cruz, Chile",6.9,7,7,,0,1280,us,415,0,12.5,mwc,11,-34.29,-71.891,2010-03-11,South America,Chile
"M 6.8 - 141 km W of Bengkulu, Indonesia",6.8,4,6,,0,717,us,401,0,23.2,mwc,26,-3.762,100.991,2010-03-05,,Indonesia
"M 6.6 - 23 km WNW of Talcahuano, Chile",6.6,7,7,,0,736,us,255,0,27.8,mwb,18,-36.665,-73.374,2010-03-05,,Chile
"M 6.5 - 48 km NW of Sola, Vanuatu",6.5,0,4,,0,650,us,426,0,18.7,mwb,176,-13.571,167.227,2010-03-04,,Vanuatu
"M 7.4 - 124 km W of Lebu, Chile",7.4,0,5,,0,842,us,409,0,17.6,mwc,35,-37.773,-75.048,2010-02-27,,
"M 8.8 - 36 km WNW of Quirihue, Chile",8.8,8,8,,0,1991,official,454,0,17.8,mww,22.9,-36.122,-72.898,2010-02-27,South America,Chile
"M 7.0 - 70 km SE of Katsuren-haebaru, Japan",7,6,6,,0,1180,us,487,0,15.7,mwc,25,25.93,128.425,2010-02-26,,
"M 7.0 - 10 km SE of Léogâne, Haiti",7,9,9,,0,1623,us,500,0,22.7,mwc,13,18.443,-72.571,2010-01-12,,Haiti
"M 6.5 - 37 km WNW of Ferndale, California",6.5,7,7,,0,1360,nc,51,0.3225,220,mw,28.737,40.652,-124.692,2010-01-10,North America,
"M 6.8 - 127 km SE of Gizo, Solomon Islands",6.8,3,6,,0,713,us,338,0,15,mwc,15.4,-9.019,157.551,2010-01-05,,
"M 7.1 - 94 km SE of Gizo, Solomon Islands",7.1,5,7,,0,780,us,377,0,15,mwc,10,-8.783,157.354,2010-01-03,,Solomon Islands
"M 6.6 - 98 km SE of Gizo, Solomon Islands",6.6,5,7,,0,672,us,282,0,16.6,mwc,10,-8.726,157.487,2010-01-03,,Solomon Islands
"M 6.5 - 92 km N of Iquique, Chile",6.5,6,7,,0,698,us,390,0,17.7,mwc,27,-19.394,-70.321,2009-11-13,South America,Chile
"M 7.3 - 77 km ENE of Ba, Fiji",7.3,0,4,,0,820,us,430,0,15,mwc,595,-17.239,178.331,2009-11-09,,Fiji
"M 6.6 - 29 km NNW of Bima, Indonesia",6.6,7,6,,0,677,us,305,0,20.4,mwc,18,-8.207,118.631,2009-11-08,,Indonesia
"M 6.8 - 98 km NNE of Naze, Japan",6.8,0,6,,0,711,us,424,0,21.4,mwc,34,29.218,129.782,2009-10-30,,
"M 6.9 - 268 km WSW of Tual, Indonesia",6.9,4,6,,0,972,us,397,0,11,mwc,130,-6.133,130.385,2009-10-24,,Indonesia
"M 6.8 - 188 km WNW of Sola, Vanuatu",6.8,0,5,,0,711,us,174,0,30.2,mwc,35,-13.298,165.91,2009-10-08,,
"M 7.4 - 143 km NW of Sola, Vanuatu",7.4,0,7,,0,842,us,314,0,20.2,mwc,31.1,-13.093,166.497,2009-10-07,,Vanuatu
"M 7.8 - 196 km NW of Sola, Vanuatu",7.8,0,6,,0,936,us,195,0,20.3,mwc,35,-12.517,166.382,2009-10-07,,
"M 7.7 - 148 km NW of Sola, Vanuatu",7.7,4,7,,0,916,us,283,0,23.2,mww,45,-13.006,166.51,2009-10-07,,Vanuatu
"M 6.6 - 49 km SSE of Sungai Penuh, Indonesia",6.6,7,7,,0,787,us,417,0,30.1,mwc,9,-2.482,101.524,2009-10-01,,Indonesia
"M 7.6 - 30 km WSW of Pariaman, Indonesia",7.6,8,8,,0,1639,us,498,0,14,mwc,81,-0.72,99.867,2009-09-30,,Indonesia
"M 8.1 - 168 km SSW of Matavai, Samoa",8.1,7,6,,0,1055,us,520,0,20.8,mwc,18,-15.489,-172.095,2009-09-29,,
"M 7.0 - 66 km SSW of Banjar, Indonesia",7,7,7,,0,1175,us,312,0,16.3,mwc,46,-7.782,107.297,2009-09-02,,Indonesia
"M 6.7 - 112 km WSW of Padang, Indonesia",6.7,5,6,,0,753,us,369,0,14.9,mwc,20,-1.479,99.49,2009-08-16,,Indonesia
"M 6.6 - 244 km SSE of Tateyama, Japan",6.6,4,5,,0,703,us,336,0,14.1,mwc,53,32.821,140.395,2009-08-12,,
"M 7.5 - 266 km N of Bamboo Flat, India",7.5,7,6,,0,1248,us,303,0,18.2,mwc,24,14.099,92.902,2009-08-10,,
"M 7.1 - 161 km S of ?yama, Japan",7.1,5,4,,0,1005,us,447,0,14.2,mwc,292,33.167,137.944,2009-08-09,,
"M 6.9 - 96 km WNW of Bahía de Kino, Mexico",6.9,5,7,,0,1202,us,243,0,35,mwc,10,29.039,-112.903,2009-08-03,North America,Mexico
"M 7.8 - 97 km WSW of Te Anau, New Zealand",7.8,6,8,,0,1165,us,434,0,16.8,mwc,12,-45.762,166.562,2009-07-15,,New Zealand
"M 6.7 - 190 km ESE of Kokopo, Papua New Guinea",6.7,5,5,,0,693,us,269,0,13.8,mwc,64,-5.157,153.782,2009-06-23,,Papua New Guinea
"M 7.3 - 46 km NW of Guanaja, Honduras",7.3,7,8,,0,1560,us,464,0,27.2,mwc,19,16.731,-86.217,2009-05-28,,
"M 7.6 - 191 km S of ‘Ohonua, Tonga",7.6,7,5,,0,916,us,504,0,14,mwc,31,-23.043,-174.66,2009-03-19,,
"M 7.2 - 196 km SSE of Sarangani, Philippines",7.2,3,7,,0,802,us,432,0,18.6,mwc,20,3.886,126.387,2009-02-11,,Indonesia
"M 7.4 - 86 km WNW of Manokwari, Indonesia",7.4,7,7,,0,846,us,314,0,21.1,mwc,23,-0.691,133.305,2009-01-03,,Indonesia
"M 6.6 - 50 km S of Jurm, Afghanistan",6.6,5,4,,0,765,us,344,0,22.6,mwc,204.8,36.419,70.743,2009-01-03,Asia,Afghanistan
"M 7.7 - 140 km WNW of Manokwari, Indonesia",7.7,5,7,,0,918,us,288,0,29.8,mwc,17,-0.414,132.885,2009-01-03,,Indonesia
"M 7.4 - 135 km NW of Gorontalo, Indonesia",7.4,9,7,,0,848,us,365,0,33.7,mww,30,1.271,122.091,2008-11-16,,Indonesia
"M 6.7 - 19 km SW of Brisas Barra de Suchiate, Mexico",6.7,5,6,,0,731,us,481,0,28.6,mwc,24,14.423,-92.364,2008-10-16,,Mexico
"M 6.7 - 131 km SE of Nookat, Kyrgyzstan",6.7,0,6,,0,691,us,529,0,22.3,mwc,27.4,39.533,73.824,2008-10-05,Asia,Kyrgyzstan
"M 6.8 - 122 km SSE of Obihiro, Japan",6.8,0,6,,0,711,us,500,0,22.2,mwc,25,41.892,143.754,2008-09-11,,
"M 6.6 - 73 km WNW of Tobelo, Indonesia",6.6,0,6,,0,670,us,463,0,14.1,mwc,96,1.885,127.363,2008-09-11,,Indonesia
"M 6.9 - 75 km WNW of Sola, Vanuatu",6.9,0,6,,0,732,us,531,0,14.9,mwc,110,-13.501,166.967,2008-09-08,,Vanuatu
"M 6.7 - 221 km NE of Jumla, Nepal",6.7,4,7,,0,692,us,325,0,28,mwc,12,30.901,83.52,2008-08-25,Asia,People's Republic of China
"M 6.8 - 29 km ENE of Morioka, Japan",6.8,8,7,,0,1046,us,633,0,20.2,mwc,108,39.802,141.464,2008-07-23,Asia,Japan
"M 7.0 - 107 km E of Namie, Japan",7,5,5,,0,840,us,577,0,18.2,mwc,22,37.552,142.214,2008-07-19,,
"M 6.9 - 151 km E of Namie, Japan",6.9,5,5,,0,825,duputel,0,0,0,mww,25.5,37.55,142.714,2008-07-19,,
"M 6.6 - 124 km SW of Bamboo Flat, India",6.6,4,5,,0,680,us,630,0,18.4,mwc,17,11.005,91.824,2008-06-27,,
"M 6.9 - 24 km WSW of Mizusawa, Japan",6.9,7,8,,0,888,us,654,0,17.1,mwc,7.8,39.03,140.881,2008-06-13,Asia,Japan
"M 7.9 - 58 km W of Tianpeng, China",7.9,9,9,,0,1870,us,774,0,11.3,mwc,19,31.002,103.322,2008-05-12,Asia,People's Republic of China
"M 6.9 - 78 km NE of Hasaki, Japan",6.9,5,5,,0,910,us,519,0,21.1,mwc,27,36.164,141.526,2008-05-07,,
"M 7.3 - 71 km SW of Isangel, Vanuatu",7.3,0,6,,0,820,us,486,0,13.4,mwc,33,-20.071,168.892,2008-04-09,,
"M 7.2 - 226 km SE of Hotan, China",7.2,0,7,,0,798,us,532,0,25.9,mwc,10,35.49,81.467,2008-03-20,Asia,People's Republic of China
M 6.9 - Philippine Islands region,6.9,4,5,,0,740,us,544,0,25.9,mwc,24,13.351,125.63,2008-03-03,,
"M 6.7 - 155 km SSW of Padang, Indonesia",6.7,5,6,,0,696,us,543,0,15.1,mwc,25,-2.245,99.808,2008-02-25,,Indonesia
"M 6.6 - 161 km SSW of Padang, Indonesia",6.6,4,6,,0,674,us,421,0,17.7,mwc,25,-2.332,99.891,2008-02-25,,Indonesia
"M 7.2 - 164 km WSW of Sungai Penuh, Indonesia",7.2,4,7,,0,832,us,505,0,18.4,mwc,25,-2.486,99.972,2008-02-25,,Indonesia
"M 6.5 - 166 km WSW of Sungai Penuh, Indonesia",6.5,4,6,,0,654,us,429,0,28.3,mwc,22,-2.405,99.931,2008-02-24,,Indonesia
"M 7.4 - 56 km NW of Sinabang, Indonesia",7.4,5,7,,0,914,us,607,0,16.4,mwc,26,2.768,95.964,2008-02-20,,Indonesia
"M 6.5 - 50 km S of Koróni, Greece",6.5,8,5,,0,692,us,650,0,30.7,mwc,28,36.345,21.863,2008-02-14,Europe,
"M 6.9 - 35 km S of Methóni, Greece",6.9,6,6,,0,941,us,645,0,30.6,mwc,29,36.501,21.67,2008-02-14,Europe,
"M 6.5 - 9 km SSW of General Pascual Fentes, Mexico",6.5,7,6,,0,723,us,521,0,27.6,mwc,83,16.357,-94.304,2008-02-12,,Mexico
"M 6.6 - 46 km SSE of Gisborne, New Zealand",6.6,7,6,,0,808,us,461,0,18.8,mwc,20,-39.011,178.291,2007-12-20,,
"M 6.7 - 80 km NNE of Antofagasta, Chile",6.7,5,7,,0,704,us,481,0,30.3,mwb,45,-22.954,-70.182,2007-12-16,South America,Chile
"M 7.4 - 18 km WNW of Basse-Pointe, Martinique",7.4,7,7,,0,1542,us,663,0,13.4,mwb,156,14.944,-61.274,2007-11-29,,Martinique
"M 6.6 - 60 km SSE of Kirakira, Solomon Islands",6.6,3,6,,0,672,us,280,0,26.9,mwc,16,-10.95,162.149,2007-11-27,,Solomon Islands
"M 6.5 - 34 km N of Dompu, Indonesia",6.5,5,7,,0,653,us,272,0,27.6,mwc,18,-8.224,118.467,2007-11-25,,Indonesia
"M 6.5 - 28 km NNW of Dompu, Indonesia",6.5,7,7,,0,657,us,353,0,27.5,mwc,20,-8.292,118.37,2007-11-25,,Indonesia
"M 6.8 - 107 km N of Lae, Papua New Guinea",6.8,6,6,,0,722,us,341,0,15.9,mwc,53,-5.757,147.098,2007-11-22,,Papua New Guinea
"M 6.8 - 30 km E of Macas, Ecuador",6.8,7,6,,0,790,us,649,0,27,mwc,122.9,-2.312,-77.838,2007-11-16,South America,Ecuador
"M 6.8 - 82 km NNE of Antofagasta, Chile",6.8,6,7,,0,716,us,285,0,40.1,mwc,26,-22.925,-70.237,2007-11-15,South America,Chile
"M 7.7 - 36 km ESE of Tocopilla, Chile",7.7,8,7,,0,995,us,610,0,22.4,mwc,40,-22.247,-69.89,2007-11-14,South America,Chile
"M 6.8 - 138 km W of Bengkulu, Indonesia",6.8,3,5,,0,713,us,494,0,23.9,mwc,21,-3.899,101.02,2007-10-24,,Indonesia
"M 6.8 - 70 km N of Te Anau, New Zealand",6.8,4,7,,0,744,us,338,0,19,mwc,18,-44.796,167.553,2007-10-15,,New Zealand
"M 6.8 - 154 km ESE of Kokopo, Papua New Guinea",6.8,4,5,,0,713,us,348,0,15.5,mwc,40,-4.99,153.5,2007-09-26,,Papua New Guinea
"M 6.7 - 118 km SSW of Padang, Indonesia",6.7,3,5,,0,696,us,503,0,26.9,mwc,30,-1.999,100.141,2007-09-20,,Indonesia
"M 7.0 - 153 km SSW of Padang, Indonesia",7,4,7,,0,768,us,537,0,23.1,mwc,22,-2.13,99.627,2007-09-13,,Indonesia
"M 6.5 - Kepulauan Mentawai region, Indonesia",6.5,0,5,,0,650,us,409,0,26.2,mwc,28.9,-1.689,99.668,2007-09-13,,Indonesia
"M 7.9 - 87 km SW of Sungai Penuh, Indonesia",7.9,8,7,,0,1133,us,446,0,29.1,mwc,35,-2.625,100.841,2007-09-12,,Indonesia
"M 7.8 - 148 km WSW of Sungai Penuh, Indonesia",7.8,7,8,,0,1152,duputel,0,0,0,mww,40.5,-2.52,100.139,2007-09-12,Asia,Indonesia
"M 8.4 - 122 km SW of Bengkulu, Indonesia",8.4,0,6,,0,1086,official,411,0,32.3,mww,34,-4.438,101.367,2007-09-12,,Indonesia
"M 6.8 - 39 km WNW of Timbiquí, Colombia",6.8,5,6,,0,747,us,653,0,17.6,mwc,15,2.966,-77.963,2007-09-10,,Colombia
"M 7.2 - 97 km S of Lata, Solomon Islands",7.2,0,5,,0,798,us,312,0,21.3,mwc,35,-11.61,165.762,2007-09-02,,
"M 6.5 - 31 km WSW of Malango, Solomon Islands",6.5,5,6,,0,675,us,382,0,12.8,mwc,15,-9.834,159.465,2007-08-16,,
"M 8.0 - 41 km SW of San Vicente de Cañete, Peru",8,9,8,,0,1385,us,625,0,25.7,mwc,39,-13.386,-76.603,2007-08-15,,Peru
"M 7.5 - 35 km NNE of Rengasdengklok, Indonesia",7.5,0,5,,0,865,us,228,0,30.7,mwc,280,-5.859,107.419,2007-08-08,,Indonesia
"M 7.2 - 56 km E of Luganville, Vanuatu",7.2,7,7,,0,803,us,494,0,20.4,mwb,120,-15.595,167.68,2007-08-01,,Vanuatu
"M 6.9 - 140 km NNW of Tobelo, Indonesia",6.9,3,5,,0,734,us,374,0,24.1,mwb,25,2.872,127.464,2007-07-26,,Indonesia
"M 6.8 - 133 km WNW of Mikuni, Japan",6.8,5,4,,0,779,us,664,0,18.2,mwb,350.4,36.808,134.85,2007-07-16,,
"M 6.6 - 20 km NNW of Kashiwazaki, Japan",6.6,8,8,,0,831,us,782,0,16.7,mwc,12,37.535,138.446,2007-07-16,Asia,Japan
"M 6.7 - 43 km SSE of Iztapa, Guatemala",6.7,6,6,,0,972,us,468,0,37.7,mwc,23,13.554,-90.618,2007-06-13,,
"M 6.9 - 113 km SSE of Panguna, Papua New Guinea",6.9,0,7,,0,732,us,305,0,15.3,mwc,10,-7.306,155.741,2007-04-01,,Solomon Islands
"M 6.6 - 99 km SSE of Panguna, Papua New Guinea",6.6,0,7,,0,670,us,251,0,16,mb,10,-7.169,155.777,2007-04-01,,Solomon Islands
"M 8.1 - 45 km SSE of Gizo, Solomon Islands",8.1,9,8,,0,1025,us,439,0,14.7,mwc,24,-8.466,157.043,2007-04-01,,Solomon Islands
"M 6.7 - 46 km NW of Nanao, Japan",6.7,7,8,,0,782,us,493,0,23.9,mwc,8,37.336,136.588,2007-03-25,Asia,Japan
"M 7.1 - 119 km S of Isangel, Vanuatu",7.1,3,6,,0,779,us,426,0,25.3,mwb,34,-20.617,169.357,2007-03-25,,
"M 6.7 - 206 km SSW of Sofifi, Indonesia",6.7,0,6,,0,691,us,253,0,40.3,mwc,12,-1.034,126.976,2007-02-20,,Indonesia
"M 7.5 - 126 km WNW of Ternate, Indonesia",7.5,6,5,,0,874,us,570,0,21.6,mwc,22,1.065,126.282,2007-01-21,,Indonesia
M 8.1 - east of the Kuril Islands,8.1,4,5,,0,1034,us,606,0,14,mwc,10,46.243,154.524,2007-01-13,,
"M 6.9 - 26 km W of Hengchun, Taiwan",6.9,6,7,,0,798,us,466,0,31.6,mwc,10,21.974,120.493,2006-12-26,Asia,Taiwan
"M 7.1 - 30 km SW of Hengchun, Taiwan",7.1,8,7,,0,1023,us,744,0,29.1,mwb,10,21.799,120.547,2006-12-26,Asia,Taiwan
M 8.3 - Kuril Islands,8.3,4,7,,0,1064,us,576,0,20.9,mwc,10,46.592,153.266,2006-11-15,,
"M 6.6 - 155 km SE of Kimbe, Papua New Guinea",6.6,0,6,,0,670,us,352,0,18.6,mwc,11,-6.482,151.195,2006-11-07,,
"M 6.7 - 52 km SW of San Vicente de Cañete, Peru",6.7,5,6,,0,732,us,444,0,53.4,mwc,23,-13.457,-76.677,2006-10-20,,Peru
"M 6.7 - 100 km ESE of Kimbe, Papua New Guinea",6.7,5,6,,0,692,us,533,0,15.6,mwc,32,-5.881,150.982,2006-10-17,,Papua New Guinea
"M 6.7 - 14 km SW of Puako, Hawaii",6.7,8,9,,0,1481,hv,43,0,124,md,38.182,19.877,-155.935,2006-10-15,,United States of America
"M 6.9 - 201 km ESE of Hihifo, Tonga",6.9,3,3,,0,737,us,702,0,20.9,mwc,28,-16.592,-172.033,2006-09-28,,
"M 6.8 - 49 km S of Panguna, Papua New Guinea",6.8,0,6,,0,711,us,459,0,28.4,mwb,38,-6.759,155.512,2006-09-01,,Papua New Guinea
"M 6.5 - 81 km ESE of Ozernovskiy, Russia",6.5,0,6,,0,650,us,700,0,47.4,mwb,43,51.148,157.522,2006-08-24,Asia,Russia
"M 6.8 - 51 km NE of Norsup, Vanuatu",6.8,5,5,,0,713,us,551,0,26.2,mwb,150,-15.798,167.789,2006-08-07,,Vanuatu
"M 7.7 - 226 km SSW of Singaparna, Indonesia",7.7,7,5,,0,947,us,357,0,36.8,mwc,20,-9.284,107.419,2006-07-17,,
"M 6.5 - 111 km E of Kimbe, Papua New Guinea",6.5,0,6,,0,650,us,477,0,20.3,mwc,34,-5.724,151.133,2006-05-28,,Papua New Guinea
"M 6.6 - 42 km NNW of Tilichiki, Russia",6.6,0,7,,0,670,us,548,0,28,mwc,19,60.772,165.743,2006-05-22,Asia,Russia
"M 6.8 - 256 km SSW of Singkil, Indonesia",6.8,4,5,,0,719,us,701,0,16.3,mwb,12,0.093,97.05,2006-05-16,,
"M 8.0 - 47 km SSE of Pangai, Tonga",8,7,7,,0,1013,us,626,0,20.7,mwc,55,-20.187,-174.123,2006-05-03,,
"M 8.0 - 50 km ESE of Pangai, Tonga",8,8,9,,0,1026,duputel,0,0,0,mww,60.5,-19.99,-173.907,2006-05-03,,
"M 6.5 - 73 km WNW of Copiapó, Chile",6.5,7,7,,0,653,us,282,0,46.3,mwc,12,-27.211,-71.056,2006-04-30,,Chile
"M 6.7 - 78 km WNW of Copiapó, Chile",6.7,6,7,,0,696,us,277,0,25.6,mwb,12,-27.017,-71.022,2006-04-30,,Chile
"M 6.6 - 80 km E of Tilichiki, Russia",6.6,0,8,,0,670,us,645,0,28.4,mwc,11,60.491,167.516,2006-04-29,Asia,Russia
"M 7.6 - 80 km NE of Tilichiki, Russia",7.6,0,8,,0,889,us,579,0,18.5,mwc,22,60.949,167.089,2006-04-20,Asia,Russia
"M 6.5 - 130 km NNW of Lautoka, Fiji",6.5,3,5,,0,654,us,247,0,25.5,mwc,14,-16.527,176.989,2006-04-07,,
"M 6.7 - 108 km W of Ambon, Indonesia",6.7,0,7,,0,691,us,306,0,21.3,mwb,30.1,-3.595,127.214,2006-03-14,,Indonesia
"M 7.0 - 160 km SE of Chipinge, Zimbabwe",7,5,9,,0,891,us,412,0,23.2,mwb,11,-21.324,33.583,2006-02-22,Africa,Mozambique
"M 6.7 - 26 km NE of Kýthira, Greece",6.7,7,6,,0,934,us,769,0,19.7,mwb,66,36.311,23.212,2006-01-08,Europe,Greece
"M 6.6 - 75 km SSW of Bahía de Kino, Mexico",6.6,7,6,,0,703,us,323,0,48.2,mwc,14,28.164,-112.117,2006-01-04,,
"M 6.5 - 53 km SW of Ashk?sham, Afghanistan",6.5,6,5,,0,721,us,529,0,20.5,mwb,224.6,36.357,71.093,2005-12-12,Asia,Afghanistan
"M 6.8 - 76 km ESE of Kalemie, Democratic Republic of the Congo",6.8,5,7,,0,744,us,561,0,20,mwc,22,-6.224,29.83,2005-12-05,Africa,Tanzania
"M 6.5 - 80 km ESE of Ishinomaki, Japan",6.5,4,5,,0,683,us,464,0,48.8,mwc,29,38.089,142.122,2005-12-02,,
"M 6.5 - 57 km SE of Sinabang, Indonesia",6.5,3,6,,0,651,us,358,0,20.7,mwb,21,2.164,96.786,2005-11-19,,Indonesia
"M 6.8 - 68 km NNE of San Pedro de Atacama, Chile",6.8,0,6,,0,711,us,509,0,30.1,mwb,147,-22.361,-67.895,2005-11-17,South America,Bolivia
"M 7.6 - 21 km NNE of Muzaffar?b?d, Pakistan",7.6,9,9,,0,1267,us,724,0,21.1,mwc,26,34.539,73.588,2005-10-08,Asia,Pakistan
"M 6.6 - 129 km SSW of Kokopo, Papua New Guinea",6.6,0,6,,0,670,us,402,0,17.7,mwc,25,-5.437,151.84,2005-09-29,,Papua New Guinea
"M 7.5 - 39 km NW of Yurimaguas, Peru",7.5,8,7,,0,1018,us,696,0,26.2,mwb,115,-5.678,-76.398,2005-09-26,South America,Peru
"M 7.6 - 135 km E of Kokopo, Papua New Guinea",7.6,5,7,,0,891,us,502,0,20,mwc,90,-4.539,153.474,2005-09-09,,Papua New Guinea
"M 7.2 - 66 km ESE of Ishinomaki, Japan",7.2,7,7,,0,1104,us,698,0,19.6,mwc,36,38.276,142.039,2005-08-16,,
"M 7.2 - Nicobar Islands, India region",7.2,4,5,,0,808,us,636,0,26.4,mwc,16,7.92,92.19,2005-07-24,,
"M 6.7 - 94 km WSW of Singkil, Indonesia",6.7,3,6,,0,693,us,398,0,22.3,mwc,21,1.819,97.082,2005-07-05,,Indonesia
"M 6.6 - 32 km W of San Juan del Sur, Nicaragua",6.6,6,5,,0,719,us,446,0,21.1,mwc,27,11.245,-86.172,2005-07-02,,
"M 7.2 - 153 km W of Big Lagoon, California",7.2,5,4,,0,1318,us,420,0,31.4,mwc,16,41.292,-125.953,2005-06-15,,
"M 7.8 - 102 km ENE of Iquique, Chile",7.8,8,7,,0,1020,us,714,0,16.1,mwb,115.6,-19.987,-69.197,2005-06-13,South America,Chile
"M 6.9 - 89 km WSW of Singkil, Indonesia",6.9,5,7,,0,740,us,635,0,26,mwc,30,1.989,97.041,2005-05-19,,Indonesia
"M 6.7 - 125 km SW of Padangsidempuan, Indonesia",6.7,6,5,,0,731,us,695,0,20.9,mwb,34,0.587,98.459,2005-05-14,,Indonesia
"M 6.5 - 106 km SW of Padang, Indonesia",6.5,3,6,,0,657,us,478,0,21.2,mwc,30,-1.714,99.779,2005-04-10,,Indonesia
"M 6.7 - 113 km SW of Padang, Indonesia",6.7,5,6,,0,717,us,656,0,21.2,mwc,19,-1.644,99.607,2005-04-10,,Indonesia
"M 8.6 - 78 km WSW of Singkil, Indonesia",8.6,0,8,,0,1138,official,510,0,22.1,mww,30,2.085,97.108,2005-03-28,,Indonesia
"M 6.6 - 28 km NNW of Maebaru-ch??, Japan",6.6,8,7,,0,805,us,401,0,22.9,mwc,10,33.807,130.131,2005-03-20,Asia,Japan
M 7.1 - Banda Sea,7.1,0,5,,0,776,us,569,0,18.1,mwb,201.7,-6.527,129.933,2005-03-02,,Indonesia
"M 6.8 - 99 km WNW of Sinabang, Indonesia",6.8,0,6,,0,711,us,444,0,33.8,mwb,36,2.908,95.592,2005-02-26,,Indonesia
"M 6.5 - 81 km SSW of Katabu, Indonesia",6.5,0,7,,0,650,us,371,0,31.8,mwb,10,-5.562,122.129,2005-02-19,,Indonesia
"M 6.5 - Pulau-Pulau Talaud, Indonesia",6.5,3,5,,0,652,us,286,0,47.3,mwc,39.7,4.756,126.421,2005-02-15,,Indonesia
"M 6.7 - 52 km SW of Sola, Vanuatu",6.7,0,4,,0,691,us,457,0,30.2,mwb,206.3,-14.252,167.259,2005-02-08,,Vanuatu
"M 7.1 - 138 km SW of Palimbang, Philippines",7.1,7,3,,0,782,us,640,0,26.4,mwc,525,5.293,123.337,2005-02-05,,
"M 6.6 - 161 km SE of Katsuura, Japan",6.6,6,4,,0,676,us,225,0,78.5,mwc,27.8,34.064,141.491,2005-01-19,,
"M 6.6 - Nicobar Islands, India region",6.6,0,5,,0,670,us,353,0,31.9,mwc,16.1,8.879,92.375,2004-12-26,,
"M 7.2 - 284 km WNW of Sabang, Indonesia",7.2,5,6,,0,802,us,385,0,27.9,mwc,39.2,6.91,92.958,2004-12-26,,
M 9.1 - 2004 Sumatra - Andaman Islands Earthquake,9.1,0,8,,0,1274,official,601,0,22,mw,30,3.295,95.982,2004-12-26,,Indonesia
M 8.1 - north of Macquarie Island,8.1,0,5,,0,1009,us,331,0,59.3,mwc,10,-49.312,161.345,2004-12-23,,
"M 6.8 - 36 km S of George Town, Cayman Islands",6.8,5,6,,0,858,us,639,0,21.8,mwb,10,18.958,-81.409,2004-12-14,,
"M 6.8 - 54 km SSW of Nemuro, Japan",6.8,4,7,,0,724,us,759,0,23.6,mwb,35,42.9,145.228,2004-12-06,Asia,Japan
"M 7.0 - 51 km SW of Nemuro, Japan",7,4,7,,0,771,us,929,0,23.9,mwb,39,43.006,145.119,2004-11-28,Asia,Japan
"M 7.1 - 29 km SSW of Nabire, Indonesia",7.1,0,7,,0,776,us,439,0,28.8,mwc,10,-3.609,135.404,2004-11-26,,Indonesia
"M 7.1 - 255 km W of Riverton, New Zealand",7.1,5,5,,0,782,us,585,0,14.7,mwc,10,-46.676,164.721,2004-11-22,,
"M 7.2 - 32 km SSW of Pizarro, Colombia",7.2,8,8,,0,820,us,708,0,50.2,mwb,15,4.695,-77.508,2004-11-15,,Colombia
"M 7.5 - 63 km NW of Maubara, Timor Leste",7.5,5,7,,0,870,us,301,0,33.8,mwc,10,-8.152,124.868,2004-11-11,,Indonesia
"M 6.7 - 80 km SSE of Kirakira, Solomon Islands",6.7,0,6,,0,691,us,233,0,21.5,mwb,10,-11.128,162.208,2004-11-11,,
"M 6.7 - 189 km SW of Port McNeill, Canada",6.7,7,4,,0,703,us,459,0,37.3,mwb,10,49.277,-128.772,2004-11-02,,
"M 6.6 - 8 km SSW of Ojiya, Japan",6.6,0,8,,0,670,us,782,0,37,mwc,16,37.226,138.779,2004-10-23,Asia,Japan
"M 6.7 - 31 km WNW of Yonakuni, Japan",6.7,5,6,,0,705,us,698,0,24.7,mwb,94,24.53,122.694,2004-10-15,,
"M 7.0 - 43 km SSW of Masachapa, Nicaragua",7,0,6,,0,754,us,441,0,32.2,mwc,35,11.422,-86.665,2004-10-09,,
"M 6.5 - 9 km W of Talisay, Philippines",6.5,5,5,,0,665,us,526,0,18.3,mwb,105,13.925,120.534,2004-10-08,,Philippines
"M 6.8 - 60 km SSE of Kirakira, Solomon Islands",6.8,0,6,,0,711,us,545,0,15.7,mwb,36,-10.951,162.161,2004-10-08,,Solomon Islands
"M 6.6 - 129 km ESE of Shing?, Japan",6.6,0,4,,0,670,us,478,0,29.8,mwc,10,33.205,137.227,2004-09-06,,
"M 7.4 - 118 km ESE of Shing?, Japan",7.4,0,5,,0,842,us,594,0,27.5,mwb,10,33.184,137.071,2004-09-05,,
"M 7.2 - 94 km SE of Shing?, Japan",7.2,0,5,,0,798,us,643,0,28.4,mwc,14,33.07,136.618,2004-09-05,,
"M 6.5 - 67 km ESE of Teno, Chile",6.5,0,7,,0,650,us,349,0,30.1,mwb,5,-35.173,-70.525,2004-08-28,South America,Chile
"M 6.5 - 117 km WNW of Manokwari, Indonesia",6.5,0,7,,0,650,us,305,0,39,mwc,13.4,-0.443,133.091,2004-07-28,,Indonesia
"M 6.9 - 24 km ENE of Atlasovo, Russia",6.9,0,5,,0,732,us,798,0,31.2,mwb,188.6,55.682,160.003,2004-06-10,Asia,Russia
"M 6.6 - 11 km N of Cañete, Chile",6.6,0,7,,0,670,us,282,0,46.9,mwb,21,-37.695,-73.406,2004-05-03,South America,Chile
"M 6.7 - 105 km WNW of Naisano Dua, Indonesia",6.7,0,5,,0,691,us,386,0,27.6,mwb,65.8,-9.362,122.839,2004-04-23,,Indonesia
"M 6.5 - 86 km NNW of Sola, Vanuatu",6.5,0,4,,0,650,us,424,0,29.9,mwb,228.4,-13.174,167.198,2004-04-09,,Vanuatu
M 6.6 - Afghanistan-Tajikistan-Pakistan region,6.6,0,4,,0,670,us,728,0,18.3,mwb,187.1,36.512,71.029,2004-04-05,Asia,Afghanistan
"M 6.7 - 38 km SSW of Nabire, Indonesia",6.7,0,7,,0,691,us,256,0,33.3,mwc,25.7,-3.665,135.339,2004-02-08,,Indonesia
"M 7.3 - Near the south coast of Papua, Indonesia",7.3,0,7,,0,820,us,390,0,23,mwb,10,-4.003,135.023,2004-02-07,,Indonesia
"M 7.0 - 28 km S of Nabire, Indonesia",7,0,7,,0,754,us,367,0,33,mwc,16.6,-3.615,135.538,2004-02-05,,Indonesia
"M 6.7 - 107 km NW of Ambon, Indonesia",6.7,0,6,,0,691,us,243,0,42.5,mwb,17.4,-3.12,127.4,2004-01-28,,Indonesia
"M 7.3 - 201 km ESE of Tadine, New Caledonia",7.3,0,4,,0,820,us,235,0,46.6,mwc,10,-22.015,169.766,2003-12-27,,
"M 6.6 - 13 km SSW of Bam, Iran",6.6,0,9,,0,670,us,552,0,44.8,mwc,10,28.995,58.311,2003-12-26,Asia,Iran
"M 6.5 - 3 km SSE of Progreso, Panama",6.5,0,6,,0,650,us,405,0,48.4,mwb,33,8.416,-82.824,2003-12-25,,Panama
"M 6.5 - 10 km NE of San Simeon, California",6.5,7,9,,0,1390,nc,65,0.04685,71,mw,8.382,35.7005,-121.101,2003-12-22,North America,United States of America
"M 6.8 - 92 km E of Yujing, Taiwan",6.8,0,7,,0,711,us,447,0,27.7,mwb,10,23.039,121.362,2003-12-10,Asia,Taiwan
"M 6.6 - 82 km E of Kimbe, Papua New Guinea",6.6,0,6,,0,670,us,384,0,25.1,mwb,35,-5.581,150.88,2003-11-25,,Papua New Guinea
"M 6.5 - 4 km NW of Can-Avid, Philippines",6.5,0,6,,0,650,us,487,0,45.9,mwb,35,12.025,125.416,2003-11-18,,Philippines
"M 6.6 - 51 km NW of Isangel, Vanuatu",6.6,0,5,,0,670,us,475,0,26.2,mwb,113.7,-19.262,168.892,2003-11-06,,
"M 7.0 - 133 km ESE of Ishinomaki, Japan",7,0,5,,0,754,us,568,0,61.2,mwb,10,37.812,142.619,2003-10-31,,
"M 6.7 - 39 km SSE of Kushiro, Japan",6.7,0,6,,0,691,us,556,0,55.4,mwc,32,42.648,144.57,2003-10-08,Asia,
"M 6.7 - 9 km S of Aktash, Russia",6.7,0,7,,0,691,us,643,0,24.5,mwb,10,50.211,87.721,2003-10-01,Asia,Russia
"M 6.5 - 58 km S of Kushiro, Japan",6.5,0,5,,0,650,us,586,0,71.3,mwc,25,42.45,144.38,2003-09-29,,
"M 7.3 - 29 km S of Aktash, Russia",7.3,0,7,,0,820,us,667,0,24.5,mwb,16,50.038,87.813,2003-09-27,Asia,Russia
"M 7.4 - 119 km ESE of Shizunai-furukawach?, Japan",7.4,0,7,,0,842,us,514,0,78.8,mwc,33,41.774,143.593,2003-09-25,Asia,
"M 8.2 - 134 km SSW of Kushiro, Japan",8.16,0,9,,0,1024,official,0,0,0,mww,27,41.815,143.91,2003-09-25,,
"M 6.6 - 16 km SE of Taungdwingyi, Myanmar",6.6,0,7,,0,670,us,518,0,24.7,mwb,10,19.917,95.672,2003-09-21,Asia,Myanmar
"M 7.2 - 56 km NW of Te Anau, New Zealand",7.2,0,7,,0,798,us,428,0,17.5,mwc,28,-45.104,167.144,2003-08-21,,New Zealand
M 7.6 - Scotia Sea,7.6,0,6,,0,889,us,315,0,25.2,mwc,10,-60.532,-43.411,2003-08-04,,United Kingdom of Great Britain and Northern Ireland (the)
"M 6.5 - 41 km N of Rabaul, Papua New Guinea",6.5,0,6,,0,650,us,156,0,31.4,mwb,33,-3.828,152.174,2003-07-15,,Papua New Guinea
"M 6.8 - 42 km W of Ovalle, Chile",6.8,0,7,,0,711,us,398,0,39.1,mwc,33,-30.608,-71.637,2003-06-20,South America,Chile
"M 6.9 - 25 km ESE of Atlasovo, Russia",6.9,0,5,,0,732,us,733,0,26.7,mwb,174.8,55.492,159.999,2003-06-16,Asia,Russia
"M 6.6 - 87 km SSE of Kokopo, Papua New Guinea",6.6,0,6,,0,670,us,419,0,27.8,mwc,33,-5.095,152.502,2003-06-07,,Papua New Guinea
"M 7.0 - 116 km NE of Tobelo, Indonesia",7,0,6,,0,754,us,473,0,30.3,mwc,31,2.354,128.855,2003-05-26,,Indonesia
"M 7.0 - 27 km SSW of ?funato, Japan",7,0,7,,0,754,us,690,0,19.1,mwb,68,38.849,141.568,2003-05-26,Asia,Japan
"M 6.8 - 25 km WNW of Dellys, Algeria",6.8,0,9,,0,711,us,534,0,19.4,mwc,12,36.964,3.634,2003-05-21,,Algeria
"M 6.5 - 46 km NE of Ruteng, Indonesia",6.5,0,7,,0,650,us,247,0,28.7,mwc,33,-8.294,120.743,2003-03-25,,Indonesia
"M 6.8 - 114 km ESE of Kokopo, Papua New Guinea",6.8,0,7,,0,711,us,431,0,38.4,mwc,40.2,-4.694,153.238,2003-03-11,,Papua New Guinea
"M 7.6 - 16 km SSW of Cuyutlán, Mexico",7.6,0,7,,0,889,us,551,0,0,mwb,24,18.77,-104.104,2003-01-22,North America,Mexico
"M 6.5 - 33 km S of Puerto San José, Guatemala",6.5,0,6,,0,650,us,316,0,0,mwc,24,13.626,-90.774,2003-01-21,,
"M 7.3 - 126 km W of Kirakira, Solomon Islands",7.3,0,6,,0,820,us,457,0,0,mwc,33,-10.491,160.77,2003-01-20,,
"M 6.7 - 191 km SE of Kokopo, Papua New Guinea",6.7,0,5,,0,691,us,323,0,0,mwb,71.9,-5.311,153.701,2003-01-10,,
"M 6.7 - New Ireland region, Papua New Guinea",6.7,0,6,,0,691,us,453,0,0,mwb,34,-4.786,153.275,2002-12-12,,Papua New Guinea
"M 7.9 - 75 km E of Cantwell, Alaska",7.9,8,9,,0,1750,ak,0,0,0,mw,4.2,63.5141,-147.453,2002-11-03,North America,United States of America
"M 7.4 - 50 km NW of Sinabang, Indonesia",7.4,0,7,,0,842,us,418,0,0,mwb,30,2.824,96.085,2002-11-02,,Indonesia
"M 6.6 - 53 km ENE of Cantwell, Alaska",6.6,0,7,,0,670,ak,0,0,0,mw,4.2,63.5144,-147.912,2002-10-23,North America,United States of America
"M 6.7 - 72 km S of Manokwari, Indonesia",6.7,0,7,,0,691,us,250,0,0,ms,10,-1.511,133.973,2002-10-10,,Indonesia
"M 7.6 - 102 km SSE of Manokwari, Indonesia",7.6,0,7,,0,889,us,375,0,0,mwc,10,-1.757,134.297,2002-10-10,,Indonesia
"M 6.5 - 152 km NNE of Bamboo Flat, India",6.5,0,6,,0,650,us,646,0,0,mwc,21,13.036,93.068,2002-09-13,,India
"M 7.6 - 68 km ESE of Aitape, Papua New Guinea",7.6,0,7,,0,889,us,428,0,0,mwc,13,-3.302,142.945,2002-09-08,,Papua New Guinea
"M 6.5 - 114 km SSE of San Jose Village, Northern Mariana Islands",6.5,0,4,,0,650,us,260,0,0,mwc,30,14.101,146.199,2002-08-14,,
"M 6.5 - 14 km SE of Punta de Burica, Panama",6.5,0,7,,0,650,us,533,0,0,mwc,10,7.929,-82.793,2002-07-31,,Panama
"M 6.5 - 59 km SSW of Abhar, Iran",6.5,0,8,,0,650,us,555,0,0,mwc,10,35.626,49.047,2002-06-22,Asia,Iran
"M 6.6 - 20 km SW of Monte Patria, Chile",6.6,0,7,,0,670,us,420,0,0,mwb,54,-30.805,-71.124,2002-06-18,South America,Chile
"M 6.7 - 190 km NW of Sola, Vanuatu",6.7,0,5,,0,691,us,272,0,0,mwc,33,-12.592,166.383,2002-06-17,,
"M 7.1 - 20 km SSW of Merizo Village, Guam",7.1,0,7,,0,776,us,257,0,0,mwc,85.7,13.088,144.619,2002-04-26,,United States of America
"M 6.7 - 31 km SW of Copiapó, Chile",6.7,0,7,,0,691,us,462,0,0,mwb,62,-27.535,-70.586,2002-04-18,South America,Chile
"M 6.8 - 27 km SSW of Nuxco, Mexico",6.8,0,6,,0,711,us,292,0,0,mwc,24.9,16.985,-100.865,2002-04-18,North America,
"M 7.1 - 67 km ENE of Hualien City, Taiwan",7.1,0,6,,0,776,us,550,0,0,mwc,32.8,24.279,122.179,2002-03-31,Asia,
"M 6.5 - 107 km NE of Calama, Chile",6.5,0,5,,0,650,us,486,0,0,mwc,125.1,-21.663,-68.329,2002-03-28,South America,Chile
"M 7.5 - Mindanao, Philippines",7.5,0,7,,0,865,us,321,0,0,mwc,31,6.033,124.249,2002-03-05,,Philippines
"M 7.4 - 51 km SW of Jurm, Afghanistan",7.4,0,5,,0,842,us,138,0,0,mwc,225.6,36.502,70.482,2002-03-03,Asia,Afghanistan
"M 6.6 - 125 km E of Kimbe, Papua New Guinea",6.6,0,6,,0,670,us,444,0,0,mwc,39,-5.345,151.248,2002-02-05,,Papua New Guinea
"M 6.5 - 5 km NE of Sultanda??, Turkey",6.5,0,7,,0,650,us,482,0,0,mwc,5,38.573,31.271,2002-02-03,Asia,Turkey
"M 6.7 - 11 km SE of Aitape, Papua New Guinea",6.7,0,8,,0,691,us,333,0,0,mwc,11,-3.212,142.427,2002-01-10,,Papua New Guinea
"M 6.6 - 33 km WNW of Port-Vila, Vanuatu",6.6,0,6,,0,670,us,386,0,0,mwc,10,-17.664,168.004,2002-01-03,,Vanuatu
"M 7.2 - 50 km WNW of Port-Vila, Vanuatu",7.2,0,6,,0,798,us,427,0,0,mwc,21,-17.6,167.856,2002-01-02,,Vanuatu
"M 6.8 - 22 km WNW of Malango, Solomon Islands",6.8,0,7,,0,711,us,385,0,0,mwc,16,-9.613,159.53,2001-12-23,,Solomon Islands
"M 6.8 - 62 km SSW of Yonakuni, Japan",6.8,0,5,,0,711,us,499,0,0,mwc,14,23.954,122.734,2001-12-18,,
"M 6.5 - 3 km NW of Hanamaki, Japan",6.5,0,5,,0,650,us,605,0,0,mwc,123.8,39.402,141.089,2001-12-02,Asia,Japan
"M 7.8 - Southern Qinghai, China",7.8,0,9,,0,936,us,368,0,0,mwc,10,35.946,90.541,2001-11-14,Asia,People's Republic of China
"M 7.0 - 40 km S of Kimbe, Papua New Guinea",7,0,7,,0,754,us,254,0,0,mwc,33,-5.912,150.196,2001-10-31,,Papua New Guinea
"M 7.5 - 155 km E of Kendari, Indonesia",7.5,0,6,,0,865,us,234,0,0,mwc,33,-4.102,123.907,2001-10-19,,Indonesia
"M 7.0 - 69 km SSE of Inarajan Village, Guam",7,0,6,,0,754,us,482,0,0,mwc,37,12.686,144.98,2001-10-12,,
"M 6.5 - 108 km WNW of Manokwari, Indonesia",6.5,0,6,,0,650,us,174,0,0,mwc,33,-0.578,133.13,2001-09-11,,Indonesia
"M 6.6 - 74 km S of Kokhanok, Alaska",6.6,6,6,,0,754,ak,0,0,0,mw,131.8,58.775,-154.701,2001-07-28,North America,United States of America
"M 6.5 - 32 km WNW of Skýros, Greece",6.5,0,8,,0,650,us,483,0,0,mwc,10,39.059,24.244,2001-07-26,Europe,Greece
"M 7.6 - 51 km SW of Punta de Bombón, Peru",7.6,0,7,,0,889,us,398,0,0,mwc,33,-17.543,-72.077,2001-07-07,,Peru
"M 6.6 - 31 km S of Achanizo, Peru",6.6,0,7,,0,670,us,324,0,0,mwc,62,-16.086,-73.987,2001-07-05,,Peru
"M 6.7 - 34 km WSW of Pacocha, Peru",6.7,0,6,,0,691,us,422,0,0,mwc,24,-17.745,-71.649,2001-06-26,,Peru
"M 8.4 - 6 km SSW of Atico, Peru",8.4,0,8,,0,1086,official,518,0,0,mww,33,-16.265,-73.641,2001-06-23,,Peru
"M 6.7 - 128 km SSE of Panguna, Papua New Guinea",6.7,0,6,,0,691,us,282,0,0,mwc,17,-7.41,155.865,2001-04-19,,Solomon Islands
"M 6.8 - 16 km SSW of Kure, Japan",6.8,0,7,,0,711,us,596,0,0,mwc,50,34.083,132.526,2001-03-24,Asia,Japan
"M 6.5 - 41 km SSW of Ambon, Indonesia",6.5,0,6,,0,650,us,206,0,0,mwc,33,-4.029,128.02,2001-03-19,,Indonesia
"M 6.8 - 7 km SSE of Longbranch, Washington",6.8,7,7,,0,1441,uw,67,0,31,md,51.798,47.149,-122.727,2001-02-28,North America,United States of America
"M 7.1 - 137 km WNW of Ternate, Indonesia",7.1,0,7,,0,776,us,426,0,0,mwc,35,1.271,126.249,2001-02-24,,Indonesia
"M 7.4 - 102 km SSE of Bengkulu, Indonesia",7.4,0,6,,0,842,us,221,0,0,mwc,36,-4.68,102.562,2001-02-13,,Indonesia
"M 6.6 - 5 km S of Cojutepeque, El Salvador",6.6,0,8,,0,670,us,273,0,0,mwc,10,13.671,-88.938,2001-02-13,,El Salvador
"M 7.7 - 17 km NW of Bhach?u, India",7.7,0,9,,0,912,us,472,0,0,mwc,16,23.419,70.232,2001-01-26,Asia,India
"M 6.9 - 59 km WSW of Bengkulu, Indonesia",6.9,0,6,,0,732,us,117,0,0,mwb,28,-4.022,101.776,2001-01-16,,Indonesia
"M 7.7 - 28 km SSW of Puerto El Triunfo, El Salvador",7.7,0,8,,0,912,us,427,0,0,mwc,60,13.049,-88.66,2001-01-13,,
"M 6.9 - 47 km S of Old Harbor, Alaska",6.9,5,7,,0,745,ak,0,0,0,mw,36.4,56.7744,-153.281,2001-01-10,North America,
"M 7.1 - 16 km NE of Port-Olry, Vanuatu",7.1,0,7,,0,776,us,372,0,0,mwb,103,-14.928,167.17,2001-01-09,,Vanuatu
"M 6.8 - Mindanao, Philippines",6.8,0,5,,0,711,us,64,0,0,mwc,33,6.631,126.899,2001-01-01,,
"M 7.5 - 21 km SE of Lukatan, Philippines",7.5,0,7,,0,865,us,324,0,0,mwc,33,6.898,126.579,2001-01-01,,Philippines
"M 6.5 - 52 km ENE of Kokopo, Papua New Guinea",6.5,0,7,,0,650,us,401,0,0,mwc,31,-4.218,152.725,2000-12-06,,Papua New Guinea
"M 7.0 - 37 km E of Balkanabat, Turkmenistan",7,0,7,,0,754,us,495,0,0,mwc,30,39.566,54.799,2000-12-06,Asia,Turkmenistan
"M 6.5 - 23 km SSE of Badamdar, Azerbaijan",6.5,0,6,,0,650,us,268,0,0,mwc,33,40.167,49.954,2000-11-25,Asia,Azerbaijan
"M 6.8 - 15 km SSE of Baku, Azerbaijan",6.8,0,6,,0,711,us,446,0,0,mwc,50.4,40.245,49.946,2000-11-25,Asia,Azerbaijan
"M 6.8 - 112 km SSW of Kokopo, Papua New Guinea",6.8,0,6,,0,711,us,402,0,0,mwb,33,-5.228,151.771,2000-11-18,,Papua New Guinea
"M 6.6 - 131 km SE of Kokopo, Papua New Guinea",6.6,0,6,,0,670,us,267,0,0,mwc,33,-5.097,153.181,2000-11-18,,Papua New Guinea
"M 7.8 - 138 km SSW of Kokopo, Papua New Guinea",7.8,0,7,,0,936,us,346,0,0,mwc,33,-5.496,151.781,2000-11-17,,Papua New Guinea
"M 6.5 - 118 km ESE of Kokopo, Papua New Guinea",6.5,0,6,,0,650,us,71,0,0,mb,33,-4.827,153.226,2000-11-16,,Papua New Guinea
"M 7.8 - 135 km SE of Kokopo, Papua New Guinea",7.8,0,7,,0,936,us,294,0,0,mwc,30,-5.233,153.102,2000-11-16,,
"M 8.0 - 24 km N of Rabaul, Papua New Guinea",8,0,7,,0,985,us,254,0,0,mwc,33,-3.98,152.169,2000-11-16,,Papua New Guinea
"M 6.5 - 10 km SW of Juradó, Colombia",6.5,0,7,,0,650,us,462,0,0,mwc,17,7.042,-77.829,2000-11-08,,Colombia
"M 7.0 - 191 km ESE of Kokopo, Papua New Guinea",7,0,7,,0,754,us,60,0,0,mwc,50,-4.766,153.945,2000-10-29,,Papua New Guinea
"M 6.8 - 29 km SW of Labuan, Indonesia",6.8,0,6,,0,711,us,415,0,0,mwc,38,-6.549,105.63,2000-10-25,,Indonesia
"M 6.7 - 8 km ESE of Matsue, Japan",6.7,0,8,,0,691,us,390,0,0,mwc,10,35.456,133.134,2000-10-06,Asia,Japan
"M 7.0 - 29 km WNW of Luganville, Vanuatu",7,0,7,,0,754,us,357,0,0,mwc,23,-15.421,166.91,2000-10-04,,Vanuatu
"M 6.5 - 15 km W of Nkove, Tanzania",6.5,0,6,,0,650,us,415,0,0,mwb,34,-7.977,30.709,2000-10-02,Africa,Tanzania
"M 6.8 - 98 km WSW of Ambon, Indonesia",6.8,0,6,,0,711,us,336,0,0,mwc,16,-4.11,127.394,2000-08-28,,Indonesia
"M 6.5 - 24 km NNW of El Habillal, Mexico",6.5,0,6,,0,650,us,481,0,0,mwc,45.8,18.198,-102.48,2000-08-09,North America,Mexico
"M 6.8 - 35 km SSE of Uglegorsk, Russia",6.8,0,7,,0,711,us,593,0,0,mwc,10,48.786,142.246,2000-08-04,Asia,Russia
"M 6.6 - 161 km SSE of Lata, Solomon Islands",6.6,0,6,,0,670,us,218,0,0,mwc,33,-12.037,166.448,2000-08-03,,
"M 6.5 - 94 km SSE of Shimoda, Japan",6.5,0,7,,0,650,us,428,0,0,mwc,10,33.901,139.376,2000-07-30,,Japan
"M 6.6 - 227 km SE of Kandrian, Papua New Guinea",6.6,0,5,,0,670,us,367,0,0,mwc,10,-7.747,150.917,2000-07-16,,
"M 6.5 - 24 km SSW of Larsen Bay, Alaska",6.5,0,6,,0,650,ak,0,0,0,mw,42.9,57.3546,-154.198,2000-07-11,North America,United States of America
"M 6.5 - 12 km ENE of Selfoss, Iceland",6.5,0,9,,0,650,us,351,0,0,mwc,10,63.98,-20.758,2000-06-21,,Iceland
M 7.9 - South Indian Ocean,7.9,0,5,,0,960,us,405,0,0,mwc,10,-13.802,97.453,2000-06-18,,
"M 6.5 - 25 km E of Selfoss, Iceland",6.5,0,8,,0,650,us,406,0,0,mwc,10,63.966,-20.487,2000-06-17,,Iceland
"M 6.7 - 98 km SSW of Bengkulu, Indonesia",6.7,0,5,,0,691,us,352,0,0,mwc,33,-4.612,101.905,2000-06-07,,Indonesia
"M 6.7 - 95 km S of Bengkulu, Indonesia",6.7,0,5,,0,691,us,147,0,0,mb,33,-4.646,102.102,2000-06-04,,Indonesia
"M 7.9 - 103 km S of Bengkulu, Indonesia",7.9,0,8,,0,960,us,379,0,0,mwc,33,-4.721,102.087,2000-06-04,,Indonesia
"M 7.2 - 75 km N of San Antonio de los Cobres, Argentina",7.2,0,5,,0,798,us,0,0,0,mwc,225,-23.548,-66.452,2000-05-12,South America,Argentina
"M 7.6 - 89 km E of Luwuk, Indonesia",7.6,0,7,,0,889,us,0,0,0,mwc,26,-1.105,123.573,2000-05-04,,Indonesia
"M 6.6 - 62 km SSW of Ialibu, Papua New Guinea",6.6,0,8,,0,670,us,0,0,0,mwc,10,-6.817,143.807,2000-03-03,,Papua New Guinea
"M 6.6 - 87 km ESE of Kimbe, Papua New Guinea",6.6,0,6,,0,670,us,0,0,0,mwc,33,-5.844,150.876,2000-02-06,,Papua New Guinea
"M 6.8 - 84 km S of Shikotan, Russia",6.8,0,6,,0,711,us,0,0,0,mwc,61.1,43.046,146.837,2000-01-28,,
"M 7.2 - 117 km SSW of Hihifo, Tonga",7.2,0,6,,0,798,us,0,0,0,mwc,183.4,-16.925,-174.248,2000-01-08,,
"M 6.9 - 50 km WSW of Lata, Solomon Islands",6.9,0,6,,0,732,us,0,0,0,mwb,33,-10.86,165.354,1999-12-29,,
"M 6.5 - 59 km SSW of Labuan, Indonesia",6.5,0,6,,0,650,us,0,0,0,mwb,56,-6.845,105.555,1999-12-21,,Indonesia
"M 7.3 - 14 km WNW of Bolitoc, Philippines",7.3,0,7,,0,820,us,0,0,0,mwc,33,15.766,119.74,1999-12-11,,Philippines
"M 7.0 - 26 km SSE of Karluk, Alaska",7,0,7,,0,754,ak,0,0,0,mw,43.6,57.3424,-154.347,1999-12-06,North America,United States of America
"M 6.6 - 127 km ESE of Arica, Chile",6.6,0,5,,0,670,us,0,0,0,mwb,128.1,-18.901,-69.171,1999-11-30,South America,Chile
"M 7.5 - 92 km ESE of Lakatoro, Vanuatu",7.5,0,7,,0,865,us,0,0,0,mwc,33,-16.423,168.214,1999-11-26,,Vanuatu
"M 7.0 - 88 km W of Kandrian, Papua New Guinea",7,0,6,,0,754,us,0,0,0,mwc,33,-6.351,148.763,1999-11-19,,Papua New Guinea
"M 6.9 - 84 km WNW of Kandrian, Papua New Guinea",6.9,0,6,,0,732,us,0,0,0,mwc,47.5,-5.978,148.82,1999-11-17,,Papua New Guinea
"M 7.2 - 8 km S of Düzce, Turkey",7.2,0,9,,0,798,us,0,0,0,mwc,10,40.758,31.161,1999-11-12,Asia,Turkey
"M 6.5 - 31 km SW of Ashk?sham, Afghanistan",6.5,0,4,,0,650,us,0,0,0,mwc,228.4,36.522,71.24,1999-11-08,Asia,Afghanistan
"M 7.1 - Hector Mine, CA Earthquake",7.1,8,8,,0,1576,ci,73,0,57,mw,13.73,34.6033,-116.265,1999-10-16,North America,United States of America
"M 7.5 - 15 km W of San Baltazar Loxicha, Mexico",7.5,0,8,,0,865,us,0,0,0,mwc,60.6,16.059,-96.931,1999-09-30,North America,Mexico
"M 6.5 - 31 km SE of Puli, Taiwan",6.5,0,7,,0,650,us,0,0,0,mwc,17,23.738,121.158,1999-09-25,Asia,Taiwan
"M 7.7 - 21 km S of Puli, Taiwan",7.7,0,9,,0,912,us,0,0,0,mwc,33,23.772,120.982,1999-09-20,Asia,Taiwan
"M 6.6 - 66 km E of Lakatoro, Vanuatu",6.6,0,6,,0,670,us,0,0,0,mwc,33,-16.117,168.039,1999-08-22,,Vanuatu
"M 6.9 - 42 km S of Quepos, Costa Rica",6.9,0,6,,0,732,us,0,0,0,mwc,20,9.044,-84.159,1999-08-20,,
"M 7.6 - 4 km ESE of Derince, Turkey",7.6,0,9,,0,889,us,0,0,0,mwc,17,40.748,29.864,1999-08-17,Asia,Turkey
"M 6.7 - 16 km N of Potrerillos, Honduras",6.7,0,8,,0,691,us,0,0,0,mwc,10,15.782,-88.33,1999-07-11,,Guatemala
"M 7.0 - 1 km SE of Texcala, Mexico",7,0,7,,0,754,us,0,0,0,mwc,70,18.386,-97.436,1999-06-15,North America,Mexico
"M 6.6 - 113 km SE of Kokopo, Papua New Guinea",6.6,0,5,,0,670,us,0,0,0,mwc,27,-5.165,152.877,1999-05-17,,Papua New Guinea
"M 7.1 - 51 km SSE of Kokopo, Papua New Guinea",7.1,0,7,,0,776,us,0,0,0,mwc,73.7,-4.751,152.486,1999-05-16,,Papua New Guinea
"M 7.1 - 92 km ENE of Kimbe, Papua New Guinea",7.1,0,7,,0,776,us,0,0,0,mwb,138,-5.159,150.88,1999-05-10,,Papua New Guinea
"M 6.8 - 132 km WSW of Haveluloto, Tonga",6.8,0,5,,0,711,us,0,0,0,mwc,164.2,-21.422,-176.46,1999-04-13,,
"M 7.4 - 63 km W of Kimbe, Papua New Guinea",7.4,0,7,,0,842,us,0,0,0,mwc,150,-5.591,149.568,1999-04-05,,Papua New Guinea
"M 6.8 - 6 km SE of Camaná, Peru",6.8,0,7,,0,711,us,0,0,0,mwc,87.2,-16.66,-72.662,1999-04-03,South America,Peru
"M 6.6 - 9 km NNW of P?palkoti, India",6.6,0,7,,0,670,us,0,0,0,mwb,15,30.512,79.403,1999-03-28,Asia,India
"M 6.9 - 78 km WSW of Adak, Alaska",6.9,0,6,,0,732,us,0,0,0,mwc,33,51.587,-177.668,1999-03-20,North America,United States of America
"M 6.9 - 123 km SE of Vilyuchinsk, Russia",6.9,0,5,,0,732,us,0,0,0,mwc,56.6,52.056,159.52,1999-03-08,,
"M 7.1 - 69 km S of Tabiauan, Philippines",7.1,0,6,,0,776,us,0,0,0,mwc,33,5.397,121.937,1999-03-04,,
"M 6.6 - 110 km SSE of K?h Sef?d, Iran",6.6,0,7,,0,670,us,0,0,0,mwc,33,28.343,57.193,1999-03-04,Asia,Iran
"M 7.3 - 146 km NW of Sola, Vanuatu",7.3,0,7,,0,820,us,0,0,0,mwc,90.1,-12.853,166.697,1999-02-06,,
"M 6.6 - 18 km WSW of Nikolski, Alaska",6.6,0,6,,0,670,us,0,0,0,mwc,67.2,52.886,-169.123,1999-01-28,North America,United States of America
"M 7.0 - 110 km ESE of Kokopo, Papua New Guinea",7,0,7,,0,754,us,0,0,0,mwc,114.1,-4.596,153.235,1999-01-19,,Papua New Guinea
"M 6.8 - 131 km WSW of Haveluloto, Tonga",6.8,0,5,,0,711,us,0,0,0,mwc,144.3,-21.632,-176.376,1998-12-27,,
"M 7.7 - 264 km ESE of Luwuk, Indonesia",7.7,0,7,,0,912,us,0,0,0,mwc,33,-2.071,124.891,1998-11-29,,Indonesia
"M 7.0 - 278 km NE of Lospalos, Timor Leste",7,0,7,,0,754,us,0,0,0,mwc,33,-6.92,128.946,1998-11-09,,Indonesia
"M 6.7 - 282 km NE of Lospalos, Timor Leste",6.7,0,6,,0,691,us,0,0,0,mwc,33,-6.954,129.022,1998-11-09,,Indonesia
"M 6.6 - 8 km WSW of Sumberpucung, Indonesia",6.6,0,5,,0,670,us,0,0,0,mwb,151.6,-8.194,112.413,1998-09-28,,Indonesia
"M 6.6 - 66 km NNW of Coquimbo, Chile",6.6,0,6,,0,670,us,0,0,0,mwc,27,-29.45,-71.715,1998-09-03,,Chile
"M 6.8 - 123 km SSE of Pondaguitan, Philippines",6.8,0,5,,0,711,us,0,0,0,mwc,50,5.41,126.764,1998-09-02,,Indonesia
"M 7.2 - 3 km E of Bahía de Caráquez, Ecuador",7.2,0,7,,0,798,us,0,0,0,mwc,33,-0.593,-80.393,1998-08-04,South America,Ecuador
"M 6.7 - 192 km W of Abepura, Indonesia",6.7,0,6,,0,691,us,0,0,0,mwc,33,-2.693,138.901,1998-07-29,,Indonesia
"M 7.0 - 50 km WNW of Aitape, Papua New Guinea",7,0,7,,0,754,us,0,0,0,mwc,10,-2.961,141.926,1998-07-17,,Papua New Guinea
"M 7.0 - 52 km SE of Lata, Solomon Islands",7,0,7,,0,754,us,0,0,0,mwc,110.2,-11.04,166.16,1998-07-16,,Solomon Islands
"M 6.6 - 24 km E of Rust?q, Afghanistan",6.6,0,6,,0,670,us,0,0,0,mwb,33,37.106,70.11,1998-05-30,Asia,Afghanistan
"M 6.6 - 25 km NNW of Mizque, Bolivia",6.6,0,8,,0,670,us,0,0,0,mwb,24,-17.731,-65.431,1998-05-22,South America,Bolivia
"M 6.7 - 127 km NNW of Palu, Indonesia",6.7,0,6,,0,691,us,0,0,0,mwb,33,0.207,119.584,1998-05-21,,Indonesia
"M 6.6 - 108 km SW of Kokopo, Papua New Guinea",6.6,0,6,,0,670,us,0,0,0,mwc,61.4,-5.147,151.714,1998-05-13,,Papua New Guinea
"M 7.5 - 254 km SSE of Ishigaki, Japan",7.5,0,5,,0,865,us,0,0,0,mwb,33,22.306,125.308,1998-05-03,,
"M 6.6 - 43 km NE of San Fernando, Peru",6.6,0,5,,0,670,us,0,0,0,mwc,164.6,-8.148,-74.238,1998-04-03,South America,Peru
"M 7.0 - 95 km W of Pariaman, Indonesia",7,0,6,,0,754,us,0,0,0,mwc,55.7,-0.544,99.261,1998-04-01,,Indonesia
"M 6.6 - 52 km ESE of Kerman, Iran",6.6,0,8,,0,670,us,0,0,0,mwc,9,30.154,57.605,1998-03-14,Asia,Iran
"M 7.1 - 34 km SSE of Antofagasta, Chile",7.1,0,7,,0,776,us,0,0,0,mwc,42,-23.913,-70.207,1998-01-30,South America,Chile
"M 6.7 - 149 km ENE of Labasa, Fiji",6.7,0,6,,0,691,us,0,0,0,mwc,23.4,-15.848,-179.376,1998-01-12,,Fiji
"M 6.6 - 47 km SSW of Ovalle, Chile",6.6,0,7,,0,670,us,0,0,0,mwc,34.8,-30.985,-71.41,1998-01-12,South America,Chile
"M 6.6 - 10 km SSW of San José El Ídolo, Guatemala",6.6,0,6,,0,670,us,0,0,0,mwc,33,14.374,-91.473,1998-01-10,,Guatemala
"M 7.2 - 117 km N of Finschhafen, Papua New Guinea",7.2,0,6,,0,798,us,0,0,0,mwc,179.3,-5.495,147.867,1997-12-22,,Papua New Guinea
"M 7.8 - 156 km S of Ust’-Kamchatsk Staryy, Russia",7.8,0,7,,0,936,us,0,0,0,mwc,33,54.841,162.035,1997-12-05,Asia,Russia
"M 7.0 - 97 km NW of Gorontalo, Indonesia",7,0,6,,0,754,us,0,0,0,mwc,24,1.241,122.536,1997-11-25,,Indonesia
"M 6.6 - 22 km SW of Lithakiá, Greece",6.6,0,7,,0,670,us,0,0,0,mwc,33,37.57,20.656,1997-11-18,Europe,
"M 7.0 - 34 km ESE of Port-Olry, Vanuatu",7,0,6,,0,754,us,0,0,0,mwc,123.1,-15.145,167.375,1997-11-15,,Vanuatu
"M 6.5 - 13 km NNE of San Sebastián, El Salvador",6.5,0,4,,0,650,us,0,0,0,mwb,176.4,13.849,-88.808,1997-11-09,,El Salvador
M 7.5 - western Xizang,7.5,0,7,,0,865,us,0,0,0,mwc,33,35.069,87.325,1997-11-08,Asia,People's Republic of China
"M 7.2 - 51 km N of Barranca, Peru",7.2,0,7,,0,798,us,0,0,0,mwc,112,-4.368,-76.681,1997-10-28,South America,Peru
"M 7.1 - 36 km SW of Monte Patria, Chile",7.1,0,7,,0,776,us,0,0,0,mwc,58,-30.933,-71.22,1997-10-15,South America,Chile
"M 7.8 - 192 km WSW of Haveluloto, Tonga",7.8,0,7,,0,936,us,0,0,0,mwb,167.3,-22.101,-176.772,1997-10-14,,
"M 6.5 - 18 km E of Talisay, Philippines",6.5,0,5,,0,650,us,0,0,0,mwb,105.6,9.79,125.779,1997-10-06,,Philippines
"M 6.8 - 24 km SW of Roncesvalles, Colombia",6.8,0,5,,0,711,us,0,0,0,mwb,198.7,3.849,-75.749,1997-09-02,South America,Colombia
"M 6.6 - 64 km NNE of Angoram, Papua New Guinea",6.6,0,6,,0,670,us,0,0,0,mwc,22.8,-3.562,144.362,1997-08-29,,Papua New Guinea
"M 6.9 - 4 km ENE of El Ciruelo, Mexico",6.9,0,6,,0,732,us,0,0,0,mwb,33,16.333,-98.216,1997-07-19,North America,Mexico
"M 7.0 - 26 km WSW of Carúpano, Venezuela",7,0,8,,0,754,us,0,0,0,mwc,19.9,10.598,-63.486,1997-07-09,,Venezuela
"M 6.8 - 52 km WSW of Coquimbo, Chile",6.8,0,6,,0,711,us,0,0,0,mwc,19,-30.058,-71.872,1997-07-06,,
"M 6.5 - 5 km ENE of Churumuco de Morelos, Mexico",6.5,0,6,,0,650,us,0,0,0,mwc,70,18.684,-101.604,1997-05-22,North America,Mexico
"M 6.8 - 99 km S of Isangel, Vanuatu",6.8,0,6,,0,711,us,0,0,0,mwc,57,-20.438,169.287,1997-05-21,,
"M 6.5 - 51 km S of Jurm, Afghanistan",6.5,0,4,,0,650,us,0,0,0,mwb,196,36.411,70.945,1997-05-13,Asia,Afghanistan
"M 7.3 - 58 km E of Q?’en, Iran",7.3,0,9,,0,820,us,0,0,0,mwb,10,33.825,59.809,1997-05-10,Asia,Iran
"M 6.5 - 49 km N of Yigo Village, Guam",6.5,0,6,,0,650,us,0,0,0,mwc,100.8,13.986,144.901,1997-04-23,,
"M 6.7 - 18 km WSW of Scarborough, Trinidad and Tobago",6.7,0,7,,0,691,us,0,0,0,mwb,5,11.112,-60.892,1997-04-22,,Trinidad and Tobago
"M 7.7 - 171 km NNW of Sola, Vanuatu",7.7,0,6,,0,912,us,0,0,0,mwc,33,-12.584,166.676,1997-04-21,,
"M 6.5 - 49 km W of Finschhafen, Papua New Guinea",6.5,0,6,,0,650,us,0,0,0,mwc,69.1,-6.485,147.408,1997-04-05,,Papua New Guinea
"M 6.9 - 121 km E of Kinablangan, Philippines",6.9,0,5,,0,732,us,0,0,0,mwb,10,7.742,127.647,1997-03-11,,
"M 7.1 - 29 km ESE of Harnai, Pakistan",7.1,0,6,,0,776,us,0,0,0,mwc,33,29.976,68.208,1997-02-27,Asia,Pakistan
M 6.5 - Turkmenistan-Iran border region,6.5,0,8,,0,650,us,0,0,0,mwc,10,37.661,57.291,1997-02-04,Asia,Iran
"M 7.2 - 46 km WNW of El Habillal, Mexico",7.2,0,7,,0,798,us,0,0,0,mwb,33,18.219,-102.756,1997-01-11,North America,Mexico
"M 6.5 - 131 km W of Iwanai, Japan",6.5,0,4,,0,650,us,0,0,0,mwc,226.5,43.207,138.92,1996-12-22,,
"M 6.7 - 17 km SW of Miyazaki, Japan",6.7,0,6,,0,691,us,0,0,0,mwc,49.2,31.789,131.314,1996-12-02,Asia,Japan
"M 6.9 - 130 km ENE of Thang, India",6.9,0,7,,0,732,us,0,0,0,mwc,33,35.345,78.133,1996-11-19,Asia,People's Republic of China
"M 7.7 - 60 km SW of Changuillo, Peru",7.7,0,7,,0,912,us,0,0,0,mwc,33,-14.993,-75.675,1996-11-12,,Peru
"M 6.7 - 5 km SE of Miyazaki, Japan",6.7,0,7,,0,691,us,0,0,0,mwc,22,31.885,131.468,1996-10-19,Asia,Japan
"M 6.6 - 20 km SSE of Nishinoomote, Japan",6.6,0,7,,0,670,us,0,0,0,mwc,10,30.568,131.093,1996-10-18,Asia,Japan
"M 6.8 - 90 km S of Panguna, Papua New Guinea",6.8,0,6,,0,711,us,0,0,0,mwc,24,-7.133,155.568,1996-10-14,,Solomon Islands
"M 6.8 - 36 km SW of Paphos, Cyprus",6.8,0,6,,0,711,us,0,0,0,mwc,33,34.556,32.126,1996-10-09,Asia,
"M 6.6 - 24 km NE of Cortes, Philippines",6.6,0,6,,0,670,us,0,0,0,mwc,33,9.454,126.334,1996-09-20,,Philippines
"M 6.6 - 22 km NNE of Cortes, Philippines",6.6,0,6,,0,670,us,0,0,0,mwc,33,9.463,126.284,1996-09-20,,Philippines
"M 6.8 - 78 km E of Hengchun, Taiwan",6.8,0,6,,0,711,us,0,0,0,mwc,20,21.898,121.498,1996-09-05,,Taiwan
"M 6.9 - 62 km WSW of Kirakira, Solomon Islands",6.9,0,6,,0,732,us,0,0,0,mwc,33,-10.769,161.445,1996-08-02,,Solomon Islands
"M 7.0 - 220 km NNE of Palu, Indonesia",7,0,6,,0,754,us,0,0,0,mwc,33,1,120.45,1996-07-22,,Indonesia
"M 6.6 - 217 km NNE of Palu, Indonesia",6.6,0,6,,0,670,us,0,0,0,mwb,33,1.016,120.254,1996-07-16,,Indonesia
"M 6.8 - 26 km NNE of Coyuquilla Norte, Mexico",6.8,0,6,,0,711,us,0,0,0,mwb,18.3,17.6,-100.965,1996-07-15,North America,Mexico
"M 7.9 - 169 km NNE of Maumere, Indonesia",7.9,0,4,,0,960,us,0,0,0,mwc,587.3,-7.137,122.589,1996-06-17,,Indonesia
"M 7.1 - 8 km NNE of Palapag, Philippines",7.1,0,6,,0,776,us,0,0,0,mwc,33,12.614,125.154,1996-06-11,,Philippines
"M 7.3 - 46 km SSW of Adak, Alaska",7.3,0,7,,0,820,us,0,0,0,mwc,26.3,51.478,-176.847,1996-06-10,North America,United States of America
"M 7.9 - 77 km WSW of Adak, Alaska",7.9,0,7,,0,960,us,0,0,0,mwc,33,51.564,-177.632,1996-06-10,North America,United States of America
"M 6.7 - 63 km NW of Sola, Vanuatu",6.7,0,4,,0,691,us,0,0,0,mwc,200.1,-13.481,167.13,1996-06-10,,Vanuatu
"M 7.2 - 58 km WSW of Panguna, Papua New Guinea",7.2,0,6,,0,798,us,0,0,0,mwc,44,-6.518,154.999,1996-04-29,,Papua New Guinea
"M 6.6 - 44 km SE of Antofagasta, Chile",6.6,0,7,,0,670,us,0,0,0,mwb,49.5,-23.944,-70.093,1996-04-19,South America,Chile
"M 6.7 - 44 km NNE of Port-Olry, Vanuatu",6.7,0,5,,0,691,us,0,0,0,mwc,164.4,-14.705,167.297,1996-03-17,,Vanuatu
"M 6.7 - 30 km WSW of Villa El Carmen, Nicaragua",6.7,0,6,,0,691,us,0,0,0,mwc,33,11.905,-86.772,1996-03-03,,Nicaragua
"M 6.6 - 39 km WSW of Masachapa, Nicaragua",6.6,0,6,,0,670,us,0,0,0,mwc,33,11.657,-86.856,1996-03-03,,
"M 7.1 - 24 km SSW of Santa María Chico Ometepec, Mexico",7.1,0,7,,0,776,us,0,0,0,mw,21.1,15.978,-98.07,1996-02-25,North America,Mexico
"M 7.5 - 123 km WSW of Puerto Santa, Peru",7.5,0,6,,0,865,us,0,0,0,mw,10,-9.593,-79.587,1996-02-21,,Peru
"M 6.5 - 32 km NNE of Biak, Indonesia",6.5,0,6,,0,650,us,0,0,0,mw,31.9,-0.917,136.225,1996-02-17,,Indonesia
"M 6.5 - 67 km NNW of Insrom, Indonesia",6.5,0,6,,0,650,us,0,0,0,mw,19.2,-0.567,135.84,1996-02-17,,Indonesia
"M 8.1 - 101 km ENE of Biak, Indonesia",8.09,0,8,,0,1007,official,0,0,0,mww,33,-0.891,136.952,1996-02-17,,
"M 6.7 - 123 km E of Namie, Japan",6.7,0,4,,0,691,us,0,0,0,mw,40.8,37.353,142.38,1996-02-16,,
"M 7.2 - 158 km E of Kuril’sk, Russia",7.2,0,6,,0,798,us,0,0,0,mw,42.6,45.324,149.892,1996-02-07,,
"M 6.6 - 47 km N of Lijiang, China",6.6,0,10,,0,670,us,0,0,0,mw,11.1,27.291,100.276,1996-02-03,Asia,People's Republic of China
"M 6.6 - 106 km NE of Yelizovo, Russia",6.6,0,7,,0,670,us,0,0,0,ms,33,53.826,159.586,1996-01-01,Asia,Russia
"M 7.9 - 181 km N of Palu, Indonesia",7.9,0,8,,0,960,us,0,0,0,mw,24,0.729,119.931,1996-01-01,,Indonesia
"M 7.1 - 297 km NE of Lospalos, Timor Leste",7.1,0,6,,0,776,us,0,0,0,mw,141.9,-6.903,129.151,1995-12-25,,Indonesia
"M 6.5 - 130 km SSW of Abepura, Indonesia",6.5,0,6,,0,650,us,0,0,0,mwb,63.4,-3.703,140.233,1995-12-19,,Indonesia
"M 7.9 - 128 km ESE of Kuril’sk, Russia",7.9,0,6,,0,960,us,0,0,0,mw,33,44.663,149.3,1995-12-03,,
"M 7.2 - 27 km SSE of Nuwaybi‘a, Egypt",7.2,0,9,,0,798,us,0,0,0,mw,10,28.826,34.799,1995-11-22,Asia,Saudi Arabia
"M 6.7 - 73 km WSW of Vallenar, Chile",6.7,0,7,,0,691,us,0,0,0,mw,19.9,-28.906,-71.417,1995-11-01,,Chile
"M 7.2 - 13 km NW of Ocozocoautla de Espinosa, Mexico",7.2,0,6,,0,798,us,0,0,0,mw,159.3,16.84,-93.469,1995-10-21,,Mexico
"M 6.8 - 71 km ESE of Naze, Japan",6.8,0,6,,0,711,us,0,0,0,mw,19.7,28.094,130.148,1995-10-19,,
"M 7.1 - 83 km SE of Naze, Japan",7.1,0,6,,0,776,us,0,0,0,mw,28.4,27.929,130.175,1995-10-18,,
"M 8.0 - 5 km E of El Colomo, Mexico",8,0,8,,0,985,us,0,0,0,mw,33,19.055,-104.205,1995-10-09,North America,Mexico
"M 6.8 - 5 km ENE of Sungai Penuh, Indonesia",6.8,0,7,,0,711,us,0,0,0,mw,33,-2.045,101.436,1995-10-06,,Indonesia
"M 6.5 - 50 km SE of Sucúa, Ecuador",6.5,0,7,,0,650,us,0,0,0,mw,16.7,-2.778,-77.851,1995-10-03,South America,Ecuador
"M 7.0 - 45 km SE of Sucúa, Ecuador",7,0,7,,0,754,us,0,0,0,mw,24.4,-2.75,-77.881,1995-10-03,South America,Ecuador
"M 6.5 - 81 km W of Paramonga, Peru",6.5,0,5,,0,650,us,0,0,0,mwb,59.9,-10.68,-78.581,1995-09-23,,Peru
"M 7.4 - 5 km N of Azoyú, Mexico",7.4,0,7,,0,842,us,0,0,0,mwb,23,16.779,-98.597,1995-09-14,North America,Mexico
"M 6.6 - 95 km SW of Etchoropo, Mexico",6.6,0,5,,0,670,us,0,0,0,mwb,12.2,26.092,-110.284,1995-08-28,,
"M 6.6 - 7 km WSW of Neira, Colombia",6.6,0,6,,0,670,us,0,0,0,mw,119.6,5.139,-75.577,1995-08-19,South America,Colombia
"M 7.2 - 139 km WNW of Panguna, Papua New Guinea",7.2,0,6,,0,798,us,0,0,0,mw,33,-5.771,154.347,1995-08-16,,
"M 6.6 - 205 km SE of Kokopo, Papua New Guinea",6.6,0,4,,0,670,us,0,0,0,mw,18.7,-5.429,153.773,1995-08-16,,
"M 7.7 - 155 km WNW of Panguna, Papua New Guinea",7.7,0,6,,0,912,us,0,0,0,mw,30.1,-5.799,154.178,1995-08-16,,
"M 6.7 - 99 km WSW of Kokopo, Papua New Guinea",6.7,0,6,,0,691,us,0,0,0,mw,127.9,-4.836,151.515,1995-08-14,,Papua New Guinea
"M 8.0 - 36 km NNE of Antofagasta, Chile",8,0,8,,0,985,us,0,0,0,mw,45.6,-23.34,-70.294,1995-07-30,South America,Chile
"M 6.8 - 158 km W of Jinghong, China",6.8,0,8,,0,711,us,0,0,0,mw,12.5,21.966,99.196,1995-07-11,Asia,Myanmar
"M 6.6 - 0 km ESE of Isangel, Vanuatu",6.6,0,5,,0,670,us,0,0,0,mw,139.4,-19.544,169.287,1995-06-29,,Vanuatu
"M 6.5 - 8 km WNW of Galaxídhion, Greece",6.5,0,7,,0,650,us,0,0,0,mw,14.2,38.401,22.283,1995-06-15,Europe,Greece
"M 7.1 - 85 km S of Tungor, Russia",7.1,0,9,,0,776,us,0,0,0,mwb,11,52.629,142.827,1995-05-27,Asia,Russia
"M 7.7 - 249 km E of Vao, New Caledonia",7.7,0,4,,0,912,us,0,0,0,mw,20.2,-23.008,169.9,1995-05-16,,
"M 6.9 - 27 km NNW of Maubara, Timor Leste",6.9,0,6,,0,732,us,0,0,0,mw,11.2,-8.378,125.127,1995-05-14,,Indonesia
"M 6.6 - 10 km W of Aianí, Greece",6.6,0,9,,0,670,us,0,0,0,mw,14,40.149,21.695,1995-05-13,Europe,Greece
"M 7.1 - 14 km NE of Cabatuan, Philippines",7.1,0,7,,0,776,us,0,0,0,mw,16,12.626,125.297,1995-05-05,,Philippines
