Cause,fires_count,burned_area_ha,temperature_c,humidity_percent,wind_speed_kmh,latitude,longitude,event_date_utc
Lightning,353,76920,33,91,25,,,1881-08-01
Lightning,154,64920,38,34,39,,,1881-07-01
Unknown,196,83204,36,93,50,,,1881-06-01
Lightning,63,84578,42,64,16,,,1881-07-01
Deforestation,450,84754,17,55,8,,,1881-10-01
Lightning,333,80138,18,93,61,,,1881-09-01
Human,246,43101,40,57,3,,,1881-10-01
Unknown,96,23583,22,51,36,,,1881-08-01
Lightning,85,92167,18,6,7,,,1881-10-01
Climate Change,110,53095,32,94,45,,,1881-10-01
Unknown,206,92193,28,52,16,,,1881-06-01
Human,219,91487,35,84,54,,,1881-10-01
Unknown,221,86879,43,19,46,,,1881-06-01
Human,349,40874,38,5,9,,,1881-05-01
Deforestation,85,33259,49,37,6,,,1881-07-01
Human,235,64605,42,11,13,,,1881-06-01
Climate Change,37,89235,49,48,36,,,1881-06-01
Deforestation,231,8210,15,9,15,,,1881-05-01
Lightning,397,306,27,55,64,,,1881-07-01
Unknown,56,54368,44,27,16,,,1881-05-01
Climate Change,33,33927,46,75,60,,,1881-07-01
Lightning,90,22399,20,32,29,,,1881-07-01
Deforestation,48,26039,42,93,63,,,1881-08-01
Human,389,66942,27,7,28,,,1881-05-01
Human,322,3848,38,83,60,,,1881-05-01
Human,164,95939,26,43,3,,,1881-10-01
Human,117,67272,31,63,3,,,1881-07-01
Climate Change,224,954,46,5,20,,,1881-06-01
Unknown,134,87192,40,36,33,,,1882-10-01
Deforestation,443,98606,31,42,25,,,1882-08-01
Deforestation,376,65833,30,77,60,,,1882-09-01
Deforestation,468,15808,34,63,37,,,1882-10-01
Deforestation,350,34854,34,75,53,,,1882-07-01
Lightning,421,83979,15,15,58,,,1882-05-01
Lightning,438,47354,49,11,17,,,1882-05-01
Unknown,116,16471,16,5,49,,,1882-06-01
Climate Change,144,21032,46,13,20,,,1882-10-01
Human,408,6395,38,79,37,,,1882-07-01
Deforestation,108,61367,39,29,19,,,1882-10-01
Deforestation,342,77605,30,65,42,,,1882-10-01
Human,165,38567,28,25,49,,,1882-08-01
Deforestation,388,46314,31,37,49,,,1882-08-01
Climate Change,447,40918,22,31,28,,,1882-08-01
Human,281,54145,42,68,62,,,1882-06-01
Unknown,8,73844,42,34,47,,,1882-07-01
Unknown,10,47302,38,50,54,,,1882-09-01
Unknown,192,54340,35,36,34,,,1882-07-01
Human,132,26741,45,58,59,,,1882-07-01
Lightning,364,51985,46,51,24,,,1882-07-01
Lightning,131,82174,16,94,18,,,1882-06-01
Climate Change,397,78169,40,54,26,,,1882-05-01
Human,320,87645,34,69,9,,,1882-09-01
Unknown,404,76529,37,19,67,,,1882-10-01
Lightning,55,93948,36,62,59,,,1882-10-01
Deforestation,309,70413,47,12,54,,,1882-10-01
Climate Change,496,48847,18,10,48,,,1882-08-01
Unknown,315,72715,30,17,31,,,1883-07-01
Deforestation,149,73947,42,62,56,,,1883-07-01
Climate Change,233,32317,37,13,13,,,1883-06-01
Lightning,133,66717,15,38,49,,,1883-09-01
Climate Change,492,56656,15,20,62,,,1883-05-01
Deforestation,282,59738,26,30,17,,,1883-09-01
Human,489,72889,43,82,48,,,1883-07-01
Unknown,98,96081,19,80,17,,,1883-05-01
Climate Change,478,35347,47,27,11,,,1883-06-01
Lightning,329,97479,45,14,20,,,1883-10-01
Climate Change,100,60260,18,20,25,,,1883-06-01
Deforestation,480,91107,34,28,13,,,1883-06-01
Human,167,35295,47,65,52,,,1883-06-01
Human,105,97956,24,47,45,,,1883-07-01
Lightning,401,86127,49,91,9,,,1883-09-01
Lightning,414,15405,48,11,69,,,1883-09-01
Deforestation,118,26192,43,40,22,,,1883-06-01
Climate Change,253,44525,23,28,65,,,1883-09-01
Unknown,181,83142,32,28,24,,,1883-07-01
Unknown,228,61576,27,27,31,,,1883-10-01
Unknown,373,14497,39,90,14,,,1883-05-01
Unknown,23,47380,26,65,20,,,1883-07-01
Unknown,269,35370,28,56,17,,,1883-08-01
Unknown,73,89212,35,57,24,,,1883-09-01
Climate Change,43,84176,28,9,36,,,1883-05-01
Lightning,239,90030,26,13,59,,,1883-09-01
Climate Change,405,77152,23,54,28,,,1883-08-01
Climate Change,198,83560,33,12,66,,,1883-06-01
Human,149,57954,18,40,32,,,1884-10-01
Deforestation,449,26890,24,94,20,,,1884-07-01
Climate Change,455,86288,42,62,21,,,1884-10-01
Human,460,13216,15,7,63,,,1884-08-01
Human,195,99935,39,60,34,,,1884-05-01
Unknown,121,67741,46,49,62,,,1884-10-01
Climate Change,84,93145,25,40,20,,,1884-09-01
Human,445,71826,28,19,32,,,1884-08-01
Human,377,68966,25,16,17,,,1884-05-01
Unknown,464,24059,22,40,9,,,1884-10-01
Unknown,320,32021,42,45,65,,,1884-06-01
Human,451,38188,34,81,30,,,1884-07-01
Lightning,50,45545,19,51,26,,,1884-09-01
Lightning,14,84891,19,37,66,,,1884-06-01
Lightning,228,62392,39,90,60,,,1884-06-01
Human,181,46640,48,5,22,,,1884-07-01
Climate Change,480,18484,45,9,4,,,1884-10-01
Climate Change,27,23624,24,78,18,,,1884-09-01
Human,82,38865,27,8,63,,,1884-09-01
Lightning,373,45643,42,76,40,,,1884-05-01
Deforestation,254,58117,26,69,55,,,1884-06-01
Deforestation,393,24385,31,51,24,,,1884-08-01
Lightning,345,77809,25,55,39,,,1884-09-01
Lightning,230,7049,48,86,31,,,1884-08-01
Lightning,439,61986,47,92,31,,,1884-07-01
Climate Change,55,43188,43,8,11,,,1884-06-01
Unknown,334,20063,38,73,35,,,1884-05-01
Climate Change,57,5669,25,27,56,,,1884-10-01
Unknown,378,22515,18,60,26,,,1885-07-01
Climate Change,356,33534,46,54,62,,,1885-07-01
Climate Change,55,24054,19,86,43,,,1885-06-01
Human,26,79352,19,16,47,,,1885-09-01
Climate Change,437,91965,41,77,27,,,1885-06-01
Deforestation,51,5340,31,30,37,,,1885-05-01
Climate Change,12,79814,29,51,57,,,1885-05-01
Lightning,18,28799,40,18,60,,,1885-10-01
Deforestation,11,5222,32,42,16,,,1885-07-01
Lightning,123,10367,31,90,45,,,1885-05-01
Unknown,149,3696,39,72,11,,,1885-05-01
Unknown,237,26834,36,38,9,,,1885-07-01
Lightning,240,72374,20,56,27,,,1885-05-01
Deforestation,447,75803,20,37,54,,,1885-06-01
Unknown,281,1705,44,79,63,,,1885-10-01
Human,354,14018,17,35,41,,,1885-10-01
Lightning,40,9211,34,79,5,,,1885-09-01
Deforestation,122,84571,16,83,9,,,1885-10-01
Unknown,439,88336,19,74,27,,,1885-06-01
Unknown,328,92022,47,24,13,,,1885-10-01
Climate Change,94,78577,25,81,4,,,1885-05-01
Lightning,394,59483,19,27,11,,,1885-05-01
Lightning,390,5387,34,69,64,,,1885-08-01
Human,333,19316,25,19,25,,,1885-09-01
Human,423,93889,19,66,61,,,1885-10-01
Deforestation,438,67544,23,38,36,,,1885-08-01
Unknown,300,36259,43,76,12,,,1885-05-01
Deforestation,233,30623,35,41,6,,,1885-05-01
Lightning,383,177,18,93,43,,,1886-07-01
Deforestation,406,43403,47,27,64,,,1886-05-01
Human,157,67828,16,82,54,,,1886-05-01
Deforestation,43,67606,21,55,43,,,1886-07-01
Human,19,71424,44,31,37,,,1886-08-01
Human,42,97820,41,59,34,,,1886-09-01
Lightning,200,19129,24,9,39,,,1886-10-01
Unknown,163,29586,38,56,57,,,1886-09-01
Climate Change,140,64872,18,80,46,,,1886-09-01
Deforestation,415,16578,40,47,28,,,1886-06-01
Lightning,152,77934,20,76,24,,,1886-09-01
Unknown,306,90574,40,17,63,,,1886-06-01
Unknown,477,15428,26,72,6,,,1886-06-01
Lightning,332,226,42,35,10,,,1886-09-01
Human,55,44427,36,15,24,,,1886-10-01
Climate Change,306,22216,40,40,55,,,1886-05-01
Deforestation,5,53273,29,25,48,,,1886-05-01
Lightning,313,97516,40,45,36,,,1886-05-01
Lightning,29,73609,21,86,35,,,1886-08-01
Deforestation,21,6883,38,29,53,,,1886-07-01
Human,348,46340,43,67,23,,,1886-10-01
Climate Change,160,16341,21,85,50,,,1886-06-01
Unknown,122,25017,21,5,14,,,1886-08-01
Deforestation,219,2582,33,66,33,,,1886-10-01
Climate Change,289,28052,43,34,17,,,1886-10-01
Deforestation,22,33636,16,42,52,,,1886-07-01
Climate Change,389,52587,17,36,11,,,1886-08-01
Lightning,471,75729,47,91,56,,,1886-06-01
Climate Change,292,85482,22,69,58,,,1887-08-01
Deforestation,476,30778,22,58,68,,,1887-07-01
Lightning,101,85695,49,92,33,,,1887-07-01
Unknown,495,12275,35,18,56,,,1887-10-01
Human,11,4525,37,89,20,,,1887-06-01
Climate Change,407,13959,32,6,2,,,1887-09-01
Lightning,408,85614,16,71,13,,,1887-09-01
Human,265,33672,48,57,45,,,1887-08-01
Human,346,17871,24,34,60,,,1887-07-01
Human,219,86243,31,18,10,,,1887-10-01
Human,241,99708,36,8,27,,,1887-06-01
Lightning,33,77008,37,41,19,,,1887-06-01
Human,46,38343,48,21,38,,,1887-09-01
Climate Change,490,78511,36,89,28,,,1887-05-01
Deforestation,291,82665,48,16,54,,,1887-05-01
Lightning,177,11764,35,66,47,,,1887-06-01
Deforestation,314,61220,40,33,22,,,1887-06-01
Unknown,300,89699,49,58,56,,,1887-07-01
Human,410,89499,34,87,63,,,1887-10-01
Lightning,369,38990,23,30,67,,,1887-07-01
Human,77,15148,15,93,62,,,1887-09-01
Human,108,55437,49,7,45,,,1887-07-01
Lightning,482,20681,26,23,45,,,1887-07-01
Human,309,35872,24,61,56,,,1887-07-01
Deforestation,307,20591,22,25,26,,,1887-05-01
Deforestation,93,77554,40,30,48,,,1887-06-01
Human,20,70442,37,30,8,,,1887-06-01
Human,339,8920,22,63,40,,,1887-10-01
Lightning,406,17950,31,18,32,,,1888-07-01
Climate Change,112,96543,48,7,38,,,1888-07-01
Unknown,428,97341,29,8,26,,,1888-07-01
Climate Change,214,94323,16,59,43,,,1888-09-01
Climate Change,418,29530,27,22,33,,,1888-06-01
Unknown,383,40074,43,66,63,,,1888-07-01
Unknown,240,13084,24,34,26,,,1888-09-01
Human,393,10916,17,49,15,,,1888-08-01
Climate Change,328,33013,39,52,66,,,1888-10-01
Human,498,35500,38,72,13,,,1888-09-01
Deforestation,297,45128,20,43,57,,,1888-07-01
Climate Change,348,29857,48,29,53,,,1888-10-01
Climate Change,63,57079,24,61,42,,,1888-08-01
Climate Change,263,14299,19,58,48,,,1888-05-01
Unknown,13,76998,49,54,63,,,1888-05-01
Deforestation,220,24678,27,93,69,,,1888-05-01
Human,361,17774,17,33,10,,,1888-10-01
Unknown,413,88901,23,83,41,,,1888-07-01
Deforestation,265,58862,48,92,39,,,1888-05-01
Lightning,393,70931,32,74,38,,,1888-07-01
Unknown,180,3120,19,81,41,,,1888-08-01
Deforestation,228,2496,17,60,41,,,1888-09-01
Climate Change,44,92208,47,10,20,,,1888-06-01
Deforestation,357,96926,27,49,54,,,1888-08-01
Deforestation,360,86306,21,9,46,,,1888-06-01
Lightning,253,49238,24,36,54,,,1888-06-01
Unknown,43,92341,16,82,13,,,1888-10-01
Deforestation,228,95856,31,64,65,,,1888-06-01
Deforestation,167,1107,44,75,64,,,1889-09-01
Climate Change,64,91457,43,26,69,,,1889-08-01
Lightning,356,45639,18,68,18,,,1889-08-01
Lightning,410,63988,15,26,51,,,1889-08-01
Unknown,196,24960,49,56,8,,,1889-10-01
Deforestation,399,44164,25,62,27,,,1889-09-01
Climate Change,434,13125,18,85,14,,,1889-06-01
Climate Change,43,68978,43,79,33,,,1889-05-01
Unknown,179,78897,36,79,28,,,1889-06-01
Unknown,341,44513,42,25,48,,,1889-07-01
Deforestation,447,53431,19,7,2,,,1889-09-01
Lightning,384,20082,49,68,26,,,1889-06-01
Unknown,278,38258,30,31,61,,,1889-08-01
Climate Change,477,5876,22,83,28,,,1889-10-01
Deforestation,54,30807,43,68,45,,,1889-10-01
Lightning,28,44959,17,24,47,,,1889-09-01
Unknown,226,11636,34,13,39,,,1889-05-01
Climate Change,448,5209,16,92,12,,,1889-05-01
Lightning,213,26689,45,42,33,,,1889-09-01
Human,305,41788,22,15,52,,,1889-07-01
Human,405,39599,46,83,55,,,1889-05-01
Human,96,48887,24,44,33,,,1889-10-01
Human,357,49253,47,81,31,,,1889-06-01
Lightning,81,57085,40,50,16,,,1889-05-01
Unknown,110,9178,25,65,68,,,1889-06-01
Human,394,84076,45,36,42,,,1889-07-01
Unknown,208,26389,34,66,8,,,1889-06-01
Unknown,88,98611,20,62,23,,,1889-07-01
Human,387,98918,28,79,13,,,1890-06-01
Climate Change,401,1660,33,59,46,,,1890-08-01
Deforestation,123,2456,32,74,19,,,1890-09-01
Human,154,37512,17,32,36,,,1890-07-01
Human,97,16409,21,80,50,,,1890-09-01
Climate Change,217,59421,38,24,38,,,1890-10-01
Unknown,224,26063,38,54,50,,,1890-08-01
Unknown,100,65228,48,70,35,,,1890-07-01
Lightning,266,45450,26,7,19,,,1890-08-01
Deforestation,403,57156,40,12,43,,,1890-09-01
Lightning,18,88497,19,42,42,,,1890-08-01
Human,320,94688,34,6,18,,,1890-10-01
Unknown,349,92252,16,39,6,,,1890-07-01
Unknown,428,86575,37,51,32,,,1890-05-01
Lightning,14,44838,43,14,2,,,1890-07-01
Unknown,280,79630,15,61,65,,,1890-09-01
Deforestation,472,85212,26,41,50,,,1890-10-01
Unknown,124,26255,29,10,62,,,1890-05-01
Human,374,81637,34,30,30,,,1890-08-01
Climate Change,123,1158,19,37,52,,,1890-05-01
Climate Change,16,41335,38,47,51,,,1890-10-01
Deforestation,189,15498,37,48,39,,,1890-09-01
Climate Change,155,23011,30,54,9,,,1890-08-01
Climate Change,345,23296,36,51,35,,,1890-06-01
Deforestation,315,15677,24,34,18,,,1890-05-01
Human,140,65938,26,76,47,,,1890-06-01
Climate Change,293,31990,19,94,63,,,1890-08-01
Human,454,17187,47,45,49,,,1890-08-01
Human,77,85250,25,72,5,,,1891-09-01
Lightning,23,65065,32,17,24,,,1891-10-01
Human,369,3812,35,19,66,,,1891-07-01
Deforestation,203,9208,43,93,34,,,1891-08-01
Deforestation,228,93780,40,15,67,,,1891-05-01
Lightning,269,22712,22,52,67,,,1891-10-01
Climate Change,416,31448,40,29,13,,,1891-10-01
Climate Change,486,53651,29,48,16,,,1891-09-01
Lightning,436,27066,35,27,48,,,1891-07-01
Human,128,39410,25,55,16,,,1891-09-01
Lightning,281,37750,28,72,53,,,1891-08-01
Unknown,31,42752,49,12,17,,,1891-10-01
Lightning,424,64257,16,53,5,,,1891-06-01
Deforestation,349,86465,21,78,40,,,1891-06-01
Human,163,3754,34,72,8,,,1891-09-01
Climate Change,389,21775,27,26,22,,,1891-10-01
Lightning,224,94188,23,19,11,,,1891-10-01
Lightning,125,75488,22,28,50,,,1891-06-01
Unknown,351,34184,38,23,61,,,1891-06-01
Deforestation,349,65781,24,59,48,,,1891-06-01
Human,487,17733,35,85,23,,,1891-05-01
Unknown,147,92678,21,36,12,,,1891-09-01
Climate Change,461,27313,39,6,65,,,1891-06-01
Lightning,267,65208,17,46,40,,,1891-07-01
Unknown,245,55854,33,72,43,,,1891-05-01
Climate Change,498,12423,47,40,4,,,1891-09-01
Deforestation,140,54724,20,45,69,,,1891-05-01
Lightning,53,64415,19,48,28,,,1891-09-01
Lightning,268,56649,17,48,59,,,1892-09-01
Lightning,346,98217,37,48,3,,,1892-07-01
Unknown,213,9786,22,26,45,,,1892-10-01
Climate Change,40,42928,45,51,56,,,1892-06-01
Human,450,88833,30,16,18,,,1892-06-01
Deforestation,140,39991,30,34,24,,,1892-08-01
Climate Change,119,48331,34,69,31,,,1892-08-01
Lightning,88,86057,22,36,34,,,1892-09-01
Unknown,276,10799,48,18,37,,,1892-09-01
Climate Change,155,88277,16,89,3,,,1892-05-01
Deforestation,253,84516,17,56,63,,,1892-07-01
Deforestation,200,65077,36,47,16,,,1892-06-01
Unknown,320,64712,26,53,43,,,1892-10-01
Deforestation,86,87568,44,92,31,,,1892-10-01
Unknown,138,52390,28,77,16,,,1892-10-01
Deforestation,167,6821,16,39,21,,,1892-09-01
Human,260,94573,16,29,55,,,1892-06-01
Human,168,73922,30,58,53,,,1892-05-01
Human,487,51212,27,12,22,,,1892-07-01
Unknown,456,17020,26,36,14,,,1892-06-01
Unknown,24,52288,20,36,44,,,1892-10-01
Deforestation,134,92922,45,9,35,,,1892-10-01
Deforestation,349,55777,45,60,10,,,1892-06-01
Unknown,153,71084,21,84,17,,,1892-07-01
Unknown,101,97639,31,56,53,,,1892-08-01
Climate Change,128,57109,49,11,28,,,1892-08-01
Climate Change,474,99953,36,9,56,,,1892-08-01
Climate Change,66,89918,29,25,11,,,1892-06-01
Climate Change,380,5642,15,17,54,,,1893-06-01
Unknown,489,53520,31,64,12,,,1893-06-01
Lightning,312,29400,18,38,53,,,1893-09-01
Deforestation,86,21323,43,56,30,,,1893-08-01
Lightning,46,55416,27,68,18,,,1893-10-01
Unknown,429,64741,43,14,59,,,1893-05-01
Unknown,236,91000,25,38,9,,,1893-08-01
Human,218,51499,29,21,61,,,1893-07-01
Unknown,471,47784,15,91,9,,,1893-09-01
Deforestation,204,61020,15,55,25,,,1893-09-01
Climate Change,156,76916,34,25,59,,,1893-07-01
Unknown,232,9966,29,87,8,,,1893-10-01
Deforestation,32,58006,19,9,9,,,1893-07-01
Unknown,42,28370,31,12,26,,,1893-06-01
Lightning,454,96818,17,53,37,,,1893-05-01
Human,328,26289,39,66,11,,,1893-10-01
Deforestation,168,25327,16,17,54,,,1893-09-01
Lightning,230,57966,29,21,41,,,1893-08-01
Human,187,45100,28,93,23,,,1893-06-01
Climate Change,418,14391,46,55,47,,,1893-08-01
Deforestation,380,61432,46,43,13,,,1893-05-01
Climate Change,435,56949,27,25,9,,,1893-05-01
Unknown,364,55633,46,79,23,,,1893-10-01
Unknown,349,43641,43,17,3,,,1893-07-01
Deforestation,217,55831,45,83,24,,,1893-09-01
Climate Change,465,3854,47,60,4,,,1893-08-01
Climate Change,23,82042,44,43,26,,,1893-10-01
Lightning,115,88299,30,76,2,,,1893-09-01
Human,265,49766,18,68,11,,,1894-08-01
Deforestation,388,80202,41,70,42,,,1894-09-01
Lightning,397,84999,40,62,55,,,1894-09-01
Human,213,63537,48,57,21,,,1894-08-01
Deforestation,404,89922,18,8,21,,,1894-07-01
Deforestation,28,66649,40,41,55,,,1894-06-01
Unknown,206,92297,34,21,5,,,1894-09-01
Climate Change,18,69222,30,62,56,,,1894-09-01
Lightning,392,36827,44,86,20,,,1894-08-01
Deforestation,64,69026,36,28,31,,,1894-08-01
Unknown,490,13528,33,52,46,,,1894-06-01
Human,354,28954,47,22,64,,,1894-08-01
Unknown,117,84830,25,61,46,,,1894-08-01
Unknown,405,45353,34,51,16,,,1894-05-01
Unknown,51,84145,25,13,17,,,1894-10-01
Lightning,65,8429,17,81,52,,,1894-09-01
Deforestation,407,83469,40,73,65,,,1894-09-01
Climate Change,472,2196,24,68,6,,,1894-09-01
Unknown,74,26301,49,5,25,,,1894-08-01
Human,104,42921,45,88,25,,,1894-05-01
Unknown,40,23352,44,90,8,,,1894-05-01
Lightning,443,19775,30,20,55,,,1894-07-01
Unknown,221,33072,23,49,57,,,1894-06-01
Lightning,88,40885,35,72,51,,,1894-07-01
Lightning,479,97898,46,79,21,,,1894-05-01
Unknown,430,77565,28,61,38,,,1894-09-01
Deforestation,25,28328,37,94,38,,,1894-06-01
Human,407,57814,35,16,62,,,1894-05-01
Climate Change,165,7445,18,75,34,,,1895-05-01
Climate Change,156,97952,48,32,59,,,1895-05-01
Human,173,55818,31,74,66,,,1895-07-01
Human,345,83557,16,78,17,,,1895-06-01
Unknown,129,69386,38,44,39,,,1895-07-01
Deforestation,63,48877,46,11,22,,,1895-08-01
Unknown,158,63970,36,19,15,,,1895-08-01
Lightning,385,27724,42,30,64,,,1895-07-01
Deforestation,413,22363,22,48,43,,,1895-06-01
Unknown,231,21353,37,93,51,,,1895-08-01
Deforestation,407,6952,25,16,9,,,1895-07-01
Unknown,480,21900,35,76,56,,,1895-08-01
Lightning,51,40946,34,74,13,,,1895-05-01
Deforestation,267,37811,17,31,41,,,1895-06-01
Climate Change,421,85220,46,52,5,,,1895-10-01
Deforestation,458,55761,46,13,13,,,1895-10-01
Climate Change,306,54500,35,34,14,,,1895-07-01
Lightning,264,33791,45,63,28,,,1895-06-01
Human,29,55526,18,29,21,,,1895-09-01
Deforestation,158,88808,42,13,51,,,1895-06-01
Human,215,81935,25,70,48,,,1895-10-01
Climate Change,368,18988,38,90,4,,,1895-08-01
Lightning,480,59265,35,32,63,,,1895-08-01
Unknown,473,59142,48,45,52,,,1895-05-01
Human,318,33966,37,52,23,,,1895-06-01
Deforestation,329,56015,44,19,36,,,1895-05-01
Lightning,216,27616,16,44,29,,,1895-05-01
Unknown,205,38647,15,76,64,,,1895-10-01
Human,8,98845,29,67,22,,,1896-07-01
Climate Change,317,93912,28,80,18,,,1896-07-01
Climate Change,359,51039,29,86,7,,,1896-05-01
Deforestation,223,68090,41,50,39,,,1896-07-01
Deforestation,104,86616,33,34,26,,,1896-10-01
Human,158,34618,33,55,4,,,1896-10-01
Unknown,279,24364,34,49,64,,,1896-06-01
Human,255,14047,33,51,15,,,1896-05-01
Unknown,441,79776,31,34,10,,,1896-10-01
Human,380,64407,28,79,54,,,1896-05-01
Human,493,98334,18,72,9,,,1896-07-01
Human,365,89809,30,66,49,,,1896-06-01
Deforestation,272,54406,35,25,49,,,1896-10-01
Unknown,361,43046,47,77,62,,,1896-08-01
Human,328,91270,48,92,66,,,1896-05-01
Unknown,347,32274,26,50,48,,,1896-09-01
Unknown,151,26749,43,26,22,,,1896-05-01
Human,42,96119,43,55,5,,,1896-07-01
Unknown,32,99175,17,90,67,,,1896-08-01
Human,351,11290,15,76,39,,,1896-06-01
Human,218,94005,26,10,28,,,1896-10-01
Human,384,29133,43,44,15,,,1896-07-01
Unknown,436,56144,27,65,50,,,1896-07-01
Deforestation,373,58657,34,94,40,,,1896-10-01
Lightning,249,17187,23,92,38,,,1896-09-01
Climate Change,45,33723,27,68,12,,,1896-05-01
Climate Change,151,21486,15,44,20,,,1896-10-01
Climate Change,76,78379,26,65,34,,,1896-08-01
Unknown,94,55498,19,12,26,,,1897-09-01
Climate Change,178,79290,37,53,48,,,1897-07-01
Lightning,342,46837,18,37,37,,,1897-08-01
Unknown,489,98038,34,80,16,,,1897-06-01
Climate Change,427,71525,24,70,52,,,1897-05-01
Lightning,465,74737,23,43,29,,,1897-07-01
Climate Change,88,60158,16,42,4,,,1897-07-01
Human,300,22885,26,39,66,,,1897-10-01
Climate Change,467,31805,35,66,50,,,1897-09-01
Human,283,50683,42,25,55,,,1897-05-01
Human,150,36368,44,64,33,,,1897-07-01
Unknown,199,79103,29,45,64,,,1897-07-01
Lightning,52,47875,47,28,40,,,1897-07-01
Climate Change,444,40703,21,72,38,,,1897-06-01
Unknown,197,84626,33,33,61,,,1897-05-01
Deforestation,480,44114,25,53,39,,,1897-06-01
Unknown,396,1029,26,69,32,,,1897-09-01
Lightning,117,83920,19,34,60,,,1897-08-01
Unknown,79,70288,40,31,47,,,1897-07-01
Deforestation,367,72227,20,63,16,,,1897-10-01
Climate Change,34,53261,49,91,7,,,1897-09-01
Human,278,71775,43,81,60,,,1897-08-01
Unknown,405,59600,19,41,50,,,1897-10-01
Climate Change,166,8656,37,55,4,,,1897-09-01
Lightning,358,56982,35,50,22,,,1897-06-01
Unknown,143,458,15,67,25,,,1897-08-01
Lightning,487,37872,25,55,18,,,1897-09-01
Human,256,57269,38,23,38,,,1897-07-01
Climate Change,12,1407,31,40,20,,,1898-09-01
Climate Change,121,24942,26,25,12,,,1898-07-01
Unknown,9,91188,26,74,18,,,1898-08-01
Unknown,151,60111,46,74,56,,,1898-07-01
Deforestation,232,72905,47,66,24,,,1898-06-01
Human,207,13091,31,55,54,,,1898-07-01
Unknown,223,94389,18,11,36,,,1898-10-01
Climate Change,332,82135,31,85,20,,,1898-05-01
Climate Change,327,68126,27,51,62,,,1898-10-01
Deforestation,484,36288,17,58,11,,,1898-06-01
Climate Change,324,78049,30,80,67,,,1898-06-01
Human,156,81542,44,51,36,,,1898-05-01
Lightning,374,10603,21,34,8,,,1898-07-01
Human,69,68999,15,19,38,,,1898-07-01
Climate Change,236,78571,23,5,37,,,1898-09-01
Human,198,15138,48,50,5,,,1898-07-01
Deforestation,483,1481,49,76,4,,,1898-10-01
Climate Change,192,61488,46,38,46,,,1898-10-01
Lightning,87,74185,31,38,17,,,1898-09-01
Unknown,192,46192,48,43,68,,,1898-10-01
Deforestation,124,53217,43,57,40,,,1898-10-01
Climate Change,405,15692,27,25,20,,,1898-05-01
Human,279,89500,36,35,56,,,1898-09-01
Unknown,78,81005,22,58,53,,,1898-10-01
Lightning,164,12245,42,57,25,,,1898-08-01
Climate Change,34,84327,37,12,13,,,1898-10-01
Lightning,294,37813,25,80,50,,,1898-10-01
Lightning,483,58708,43,30,19,,,1898-05-01
Lightning,298,22836,22,45,7,,,1899-10-01
Climate Change,432,55203,42,15,66,,,1899-09-01
Deforestation,151,53484,48,48,69,,,1899-07-01
Climate Change,342,91030,33,53,57,,,1899-08-01
Lightning,183,32541,43,37,61,,,1899-08-01
Lightning,221,23578,37,89,22,,,1899-07-01
Human,17,29896,38,15,18,,,1899-07-01
Human,435,54140,35,88,13,,,1899-08-01
Climate Change,302,46068,42,45,48,,,1899-09-01
Human,260,5455,21,17,14,,,1899-06-01
Human,35,80869,23,42,55,,,1899-08-01
Climate Change,485,27847,37,49,35,,,1899-10-01
Unknown,220,90987,32,7,29,,,1899-05-01
Climate Change,496,58383,42,58,55,,,1899-10-01
Unknown,360,61048,49,17,58,,,1899-05-01
Lightning,122,10393,24,50,14,,,1899-05-01
Lightning,106,18299,36,85,15,,,1899-09-01
Deforestation,167,24572,31,16,55,,,1899-06-01
Deforestation,28,12928,39,64,66,,,1899-08-01
Human,123,19711,42,62,28,,,1899-08-01
Human,185,71454,48,41,7,,,1899-10-01
Lightning,157,41092,21,61,13,,,1899-09-01
Climate Change,377,21063,21,55,33,,,1899-07-01
Human,268,27706,22,49,60,,,1899-07-01
Climate Change,108,90406,43,32,45,,,1899-08-01
Human,8,21707,19,60,51,,,1899-06-01
Unknown,147,61315,36,21,60,,,1899-07-01
Lightning,496,60714,40,29,11,,,1899-06-01
Deforestation,305,97718,27,57,69,,,1900-07-01
Human,463,74318,38,58,61,,,1900-08-01
Human,51,90370,40,9,53,,,1900-05-01
Human,463,35163,41,19,62,,,1900-05-01
Lightning,281,27176,28,78,47,,,1900-06-01
Deforestation,227,67393,44,10,9,,,1900-09-01
Unknown,497,93518,47,85,51,,,1900-08-01
Unknown,355,14079,20,45,17,,,1900-07-01
Deforestation,359,25951,40,66,12,,,1900-08-01
Deforestation,93,63861,37,59,27,,,1900-09-01
Deforestation,264,66255,43,63,18,,,1900-10-01
Lightning,303,24920,48,12,14,,,1900-07-01
Unknown,12,76353,44,69,44,,,1900-06-01
Lightning,191,93883,36,90,45,,,1900-05-01
Unknown,425,22701,42,32,43,,,1900-05-01
Unknown,473,18701,16,59,49,,,1900-07-01
Deforestation,282,92872,43,71,14,,,1900-07-01
Human,14,68423,41,38,2,,,1900-09-01
Human,97,53674,17,88,21,,,1900-05-01
Deforestation,98,3796,40,82,18,,,1900-09-01
Unknown,177,5056,41,86,69,,,1900-06-01
Lightning,118,63332,40,24,11,,,1900-05-01
Human,207,9356,19,69,18,,,1900-07-01
Climate Change,358,64603,43,72,12,,,1900-10-01
Unknown,153,22726,40,23,61,,,1900-07-01
Climate Change,44,7912,28,8,24,,,1900-06-01
Lightning,88,50674,43,12,42,,,1900-06-01
Unknown,116,82634,41,72,16,,,1900-07-01
Deforestation,425,47076,38,31,41,,,1901-07-01
Climate Change,168,62533,38,28,5,,,1901-09-01
Climate Change,294,27156,37,73,54,,,1901-07-01
Climate Change,173,50076,20,61,11,,,1901-10-01
Unknown,89,77216,17,55,48,,,1901-10-01
Deforestation,480,85129,19,17,59,,,1901-08-01
Climate Change,34,35617,39,31,52,,,1901-06-01
Deforestation,189,86611,30,26,55,,,1901-10-01
Deforestation,460,15188,45,46,33,,,1901-09-01
Human,166,97122,31,15,11,,,1901-07-01
Unknown,277,94119,39,25,66,,,1901-10-01
Human,55,77703,38,70,16,,,1901-05-01
Lightning,202,19556,31,38,42,,,1901-07-01
Unknown,77,21744,17,85,64,,,1901-09-01
Climate Change,80,18387,15,85,68,,,1901-05-01
Unknown,275,85191,32,87,44,,,1901-06-01
Lightning,423,19019,47,18,35,,,1901-08-01
Deforestation,251,79847,43,87,7,,,1901-09-01
Climate Change,485,10678,15,73,28,,,1901-05-01
Deforestation,492,67491,33,80,44,,,1901-10-01
Unknown,93,69367,37,6,23,,,1901-06-01
Deforestation,317,86088,30,87,52,,,1901-07-01
Unknown,468,16299,47,16,54,,,1901-06-01
Unknown,393,97662,31,10,6,,,1901-07-01
Climate Change,416,72625,47,66,51,,,1901-05-01
Climate Change,23,86841,16,51,40,,,1901-05-01
Unknown,293,46320,21,83,15,,,1901-08-01
Climate Change,132,23031,38,86,64,,,1901-07-01
Lightning,365,94876,43,78,18,,,1902-06-01
Unknown,10,95656,19,86,42,,,1902-06-01
Unknown,223,87828,21,7,11,,,1902-05-01
Lightning,349,79750,38,78,39,,,1902-06-01
Deforestation,158,97818,43,24,42,,,1902-10-01
Deforestation,152,64719,34,70,31,,,1902-10-01
Deforestation,294,81830,24,77,49,,,1902-09-01
Deforestation,237,37063,16,33,69,,,1902-10-01
Human,87,42237,24,57,60,,,1902-05-01
Unknown,439,99675,48,34,26,,,1902-10-01
Human,288,63012,18,11,50,,,1902-09-01
Human,168,65718,24,40,47,,,1902-05-01
Human,420,24451,24,31,55,,,1902-06-01
Deforestation,423,51031,35,29,29,,,1902-06-01
Human,97,2526,41,30,20,,,1902-08-01
Human,277,4238,34,44,40,,,1902-08-01
Unknown,249,1234,47,73,44,,,1902-05-01
Climate Change,300,10542,17,66,59,,,1902-06-01
Lightning,335,67187,44,52,11,,,1902-05-01
Deforestation,42,60130,27,50,4,,,1902-06-01
Deforestation,362,97188,22,55,7,,,1902-06-01
Human,349,82314,42,58,38,,,1902-07-01
Deforestation,342,12955,35,6,62,,,1902-05-01
Unknown,367,63710,29,22,64,,,1902-06-01
Climate Change,143,7452,18,90,8,,,1902-10-01
Unknown,367,29593,42,83,2,,,1902-09-01
Lightning,466,76809,15,42,30,,,1902-07-01
Lightning,206,18552,21,71,48,,,1902-09-01
Unknown,87,82822,19,5,69,,,1903-08-01
Lightning,448,35198,37,29,22,,,1903-08-01
Unknown,323,26589,38,29,56,,,1903-09-01
Unknown,36,48616,30,89,62,,,1903-10-01
Deforestation,10,59600,36,45,6,,,1903-05-01
Unknown,91,76340,37,84,68,,,1903-06-01
Human,317,27618,43,41,14,,,1903-10-01
Climate Change,376,62034,31,89,67,,,1903-10-01
Lightning,138,15055,44,26,34,,,1903-09-01
Deforestation,213,70369,46,46,11,,,1903-10-01
Lightning,119,44039,23,32,12,,,1903-08-01
Deforestation,171,69266,29,32,25,,,1903-10-01
Human,141,15634,47,23,68,,,1903-07-01
Climate Change,428,8740,48,17,2,,,1903-06-01
Climate Change,97,12307,43,43,27,,,1903-06-01
Lightning,75,58792,17,11,59,,,1903-05-01
Human,107,91032,31,47,26,,,1903-05-01
Climate Change,257,32230,46,30,17,,,1903-07-01
Human,314,42156,43,90,42,,,1903-05-01
Human,368,44054,21,82,30,,,1903-07-01
Deforestation,151,94736,25,57,47,,,1903-07-01
Lightning,61,42315,16,12,23,,,1903-10-01
Human,208,93010,29,61,50,,,1903-10-01
Climate Change,86,48037,29,24,65,,,1903-09-01
Climate Change,127,91981,17,87,4,,,1903-09-01
Deforestation,210,22435,18,64,31,,,1903-10-01
Human,390,9377,23,35,62,,,1903-07-01
Human,424,21739,46,62,65,,,1903-05-01
Unknown,33,86698,23,10,30,,,1904-08-01
Deforestation,405,93683,35,68,37,,,1904-06-01
Lightning,489,87896,26,46,62,,,1904-06-01
Deforestation,271,32921,16,80,11,,,1904-09-01
Human,399,21939,40,6,51,,,1904-08-01
Lightning,375,99261,46,66,39,,,1904-08-01
Deforestation,243,53542,44,65,2,,,1904-05-01
Unknown,177,88131,35,17,28,,,1904-10-01
Lightning,395,73593,29,83,5,,,1904-08-01
Lightning,476,26039,34,80,34,,,1904-10-01
Climate Change,396,90980,36,74,22,,,1904-08-01
Lightning,83,19359,20,93,57,,,1904-07-01
Climate Change,191,44635,21,81,19,,,1904-10-01
Human,268,68014,41,24,13,,,1904-06-01
Deforestation,449,64386,46,65,68,,,1904-07-01
Climate Change,351,46854,27,39,60,,,1904-09-01
Unknown,442,79918,49,90,39,,,1904-09-01
Unknown,412,52756,46,59,59,,,1904-10-01
Climate Change,7,46387,35,14,26,,,1904-07-01
Deforestation,65,71296,16,78,62,,,1904-08-01
Deforestation,157,84278,48,59,29,,,1904-07-01
Deforestation,195,70632,35,16,51,,,1904-09-01
Lightning,250,5332,34,42,26,,,1904-08-01
Deforestation,207,53635,32,31,56,,,1904-10-01
Deforestation,214,72667,35,48,6,,,1904-10-01
Human,63,97890,24,26,66,,,1904-05-01
Unknown,197,18162,36,90,48,,,1904-08-01
Lightning,97,59921,34,54,34,,,1904-05-01
Unknown,47,86895,44,42,4,,,1905-07-01
Climate Change,188,57533,27,70,38,,,1905-08-01
Lightning,234,53127,25,76,41,,,1905-05-01
Climate Change,154,15095,40,34,56,,,1905-07-01
Climate Change,322,22350,41,57,36,,,1905-10-01
Lightning,216,42888,31,61,9,,,1905-07-01
Unknown,226,31185,26,53,18,,,1905-09-01
Deforestation,354,91136,25,54,59,,,1905-06-01
Lightning,255,92535,38,14,33,,,1905-06-01
Deforestation,275,19639,22,44,57,,,1905-08-01
Climate Change,114,25579,44,60,61,,,1905-07-01
Unknown,43,15508,27,40,27,,,1905-06-01
Lightning,8,44354,38,91,23,,,1905-10-01
Deforestation,35,89562,42,50,63,,,1905-06-01
Lightning,196,45641,38,48,61,,,1905-09-01
Lightning,347,19620,48,13,23,,,1905-10-01
Lightning,93,33555,26,44,18,,,1905-09-01
Climate Change,275,38962,31,36,10,,,1905-06-01
Climate Change,222,28478,32,81,64,,,1905-08-01
Unknown,432,17718,21,52,19,,,1905-08-01
Climate Change,191,35403,31,10,61,,,1905-08-01
Unknown,274,1730,22,29,33,,,1905-06-01
Unknown,490,3362,44,71,29,,,1905-07-01
Lightning,241,7001,30,26,39,,,1905-07-01
Deforestation,189,25905,24,7,60,,,1905-10-01
Climate Change,181,9118,19,66,53,,,1905-08-01
Climate Change,131,63500,34,26,5,,,1905-05-01
Lightning,49,10978,34,81,55,,,1905-09-01
Climate Change,485,69604,31,28,59,,,1906-08-01
Deforestation,223,86224,40,63,14,,,1906-06-01
Climate Change,160,71228,30,6,18,,,1906-09-01
Lightning,363,94320,43,86,14,,,1906-10-01
Climate Change,473,64193,31,44,16,,,1906-07-01
Unknown,184,78488,44,37,58,,,1906-05-01
Human,141,34585,49,79,10,,,1906-08-01
Human,485,19792,22,76,28,,,1906-08-01
Deforestation,272,91556,25,47,18,,,1906-10-01
Climate Change,420,75576,37,60,7,,,1906-05-01
Climate Change,438,90120,22,53,12,,,1906-10-01
Lightning,153,23766,33,32,18,,,1906-05-01
Unknown,151,80155,16,42,38,,,1906-10-01
Lightning,248,97959,27,56,59,,,1906-07-01
Unknown,109,99655,33,62,57,,,1906-05-01
Lightning,288,5092,32,52,41,,,1906-07-01
Lightning,451,55855,18,42,28,,,1906-05-01
Unknown,371,44019,45,92,15,,,1906-05-01
Deforestation,29,97157,38,77,27,,,1906-09-01
Deforestation,452,44141,17,28,6,,,1906-08-01
Human,446,19838,29,39,54,,,1906-07-01
Lightning,286,79634,37,54,13,,,1906-08-01
Human,91,67866,39,70,31,,,1906-08-01
Human,382,28920,34,53,63,,,1906-07-01
Climate Change,485,46039,29,56,47,,,1906-09-01
Human,281,74811,19,74,48,,,1906-05-01
Climate Change,95,25205,42,90,24,,,1906-08-01
Lightning,44,56661,39,56,62,,,1906-07-01
Climate Change,382,60752,43,73,60,,,1907-09-01
Deforestation,453,14111,44,15,40,,,1907-06-01
Climate Change,209,50142,42,77,59,,,1907-06-01
Lightning,188,65106,45,56,2,,,1907-09-01
Human,44,91848,15,67,55,,,1907-10-01
Human,409,5554,36,42,9,,,1907-06-01
Climate Change,179,60093,31,42,46,,,1907-10-01
Climate Change,167,72145,29,58,28,,,1907-10-01
Climate Change,245,2562,49,64,7,,,1907-09-01
Human,474,66042,48,30,48,,,1907-09-01
Deforestation,478,11895,32,8,18,,,1907-09-01
Climate Change,18,58929,21,48,16,,,1907-05-01
Unknown,67,24142,49,85,36,,,1907-07-01
Deforestation,408,18119,46,52,45,,,1907-07-01
Deforestation,385,61684,15,36,37,,,1907-09-01
Climate Change,458,48029,29,72,41,,,1907-09-01
Unknown,212,4927,40,32,67,,,1907-07-01
Deforestation,250,28907,45,77,46,,,1907-07-01
Unknown,268,55978,30,34,19,,,1907-06-01
Climate Change,201,81880,48,47,46,,,1907-06-01
Lightning,354,57321,18,27,7,,,1907-09-01
Lightning,150,94066,46,77,7,,,1907-06-01
Deforestation,451,3822,31,8,64,,,1907-07-01
Deforestation,341,33676,19,36,36,,,1907-08-01
Deforestation,197,20535,27,7,10,,,1907-10-01
Human,80,90810,32,77,24,,,1907-08-01
Climate Change,87,16608,37,34,26,,,1907-06-01
Human,486,32080,24,82,59,,,1907-08-01
Human,379,6882,39,82,49,,,1908-10-01
Deforestation,270,75974,25,89,22,,,1908-06-01
Human,177,27626,16,80,43,,,1908-10-01
Deforestation,58,60510,30,22,60,,,1908-06-01
Human,148,47465,26,64,5,,,1908-06-01
Deforestation,134,5022,41,83,8,,,1908-10-01
Unknown,67,23627,26,17,44,,,1908-10-01
Human,67,61792,35,12,37,,,1908-05-01
Unknown,122,92096,44,27,17,,,1908-08-01
Climate Change,462,66730,43,71,16,,,1908-10-01
Unknown,435,12305,33,81,22,,,1908-08-01
Unknown,31,23962,43,24,26,,,1908-09-01
Lightning,323,91399,36,20,19,,,1908-10-01
Climate Change,442,20423,33,91,35,,,1908-09-01
Climate Change,431,83929,36,56,53,,,1908-09-01
Deforestation,333,57162,33,42,58,,,1908-08-01
Unknown,13,83331,32,9,21,,,1908-08-01
Lightning,79,3848,18,48,35,,,1908-10-01
Lightning,302,39660,45,11,69,,,1908-09-01
Human,494,78086,35,65,32,,,1908-07-01
Lightning,99,387,24,6,67,,,1908-07-01
Climate Change,476,98164,45,92,2,,,1908-08-01
Lightning,379,26727,26,85,66,,,1908-07-01
Lightning,185,56013,38,8,20,,,1908-08-01
Deforestation,463,41877,25,71,13,,,1908-06-01
Human,494,84862,16,53,17,,,1908-07-01
Unknown,320,15129,42,29,11,,,1908-06-01
Human,302,33883,30,26,58,,,1908-08-01
Deforestation,246,59854,30,38,33,,,1909-08-01
Human,93,5643,26,94,11,,,1909-06-01
Unknown,230,22291,16,69,52,,,1909-05-01
Deforestation,168,63577,16,35,58,,,1909-08-01
Unknown,198,7552,42,88,25,,,1909-10-01
Climate Change,398,19153,32,92,15,,,1909-09-01
Unknown,132,10653,36,74,37,,,1909-06-01
Climate Change,424,7289,39,37,46,,,1909-09-01
Deforestation,152,7797,37,20,60,,,1909-08-01
Deforestation,456,76536,28,82,13,,,1909-09-01
Climate Change,497,57018,21,50,33,,,1909-05-01
Unknown,405,25356,48,9,28,,,1909-08-01
Deforestation,347,56163,28,83,44,,,1909-08-01
Deforestation,249,40322,31,87,55,,,1909-05-01
Climate Change,475,66571,34,39,6,,,1909-10-01
Human,289,16809,45,26,67,,,1909-05-01
Human,329,84798,22,5,45,,,1909-09-01
Deforestation,427,4178,43,58,17,,,1909-07-01
Deforestation,24,50833,15,62,54,,,1909-07-01
Climate Change,341,95013,34,74,9,,,1909-05-01
Human,116,3094,17,64,36,,,1909-09-01
Unknown,479,7471,34,77,40,,,1909-09-01
Deforestation,247,86105,41,49,44,,,1909-08-01
Unknown,401,52764,36,47,43,,,1909-09-01
Lightning,244,23254,37,47,29,,,1909-06-01
Deforestation,24,64027,26,83,56,,,1909-05-01
Lightning,271,76541,41,15,39,,,1909-10-01
Unknown,431,42531,42,69,60,,,1909-06-01
Deforestation,378,83986,18,29,13,,,1910-08-01
Unknown,362,30673,38,84,14,,,1910-06-01
Human,385,86233,18,79,50,,,1910-05-01
Unknown,126,76398,37,49,24,,,1910-10-01
Human,32,82766,40,29,55,,,1910-06-01
Unknown,471,7108,28,82,36,,,1910-09-01
Deforestation,352,33140,30,34,46,,,1910-10-01
Lightning,221,1046,37,93,8,,,1910-10-01
Human,341,28469,24,14,58,,,1910-10-01
Deforestation,310,13129,47,5,54,,,1910-09-01
Human,422,1639,18,47,5,,,1910-08-01
Lightning,75,64065,23,65,36,,,1910-05-01
Unknown,412,12342,41,36,19,,,1910-09-01
Deforestation,417,27251,45,8,38,,,1910-08-01
Lightning,43,5137,18,34,31,,,1910-05-01
Unknown,207,72047,32,94,54,,,1910-10-01
Lightning,261,43490,40,91,7,,,1910-09-01
Deforestation,48,10027,32,34,43,,,1910-10-01
Unknown,462,56648,44,31,40,,,1910-05-01
Unknown,250,49656,43,37,63,,,1910-05-01
Climate Change,275,22295,32,7,8,,,1910-09-01
Climate Change,214,26447,47,63,12,,,1910-07-01
Unknown,383,78645,48,92,23,,,1910-08-01
Lightning,176,61922,39,61,56,,,1910-06-01
Unknown,148,88002,46,55,50,,,1910-07-01
Climate Change,446,72195,37,73,43,,,1910-05-01
Lightning,484,77342,29,75,30,,,1910-09-01
Deforestation,371,71142,24,33,36,,,1910-07-01
Climate Change,400,36233,43,23,68,,,1911-10-01
Unknown,344,37138,35,71,46,,,1911-06-01
Human,199,52819,28,81,16,,,1911-09-01
Human,230,19980,15,14,57,,,1911-10-01
Unknown,477,33173,39,85,61,,,1911-05-01
Human,498,30163,37,47,7,,,1911-06-01
Lightning,431,27772,27,47,29,,,1911-09-01
Human,319,28191,42,55,57,,,1911-06-01
Human,164,86226,46,88,69,,,1911-07-01
Deforestation,253,21573,40,12,7,,,1911-10-01
Climate Change,433,68976,39,24,67,,,1911-10-01
Unknown,305,97749,27,59,20,,,1911-06-01
Lightning,491,38296,28,49,45,,,1911-07-01
Deforestation,197,21142,36,27,57,,,1911-05-01
Unknown,279,55471,42,64,60,,,1911-10-01
Deforestation,407,13951,40,44,39,,,1911-05-01
Unknown,130,83386,36,20,29,,,1911-09-01
Unknown,448,8976,36,89,27,,,1911-07-01
Deforestation,413,10404,37,47,24,,,1911-09-01
Lightning,81,590,37,83,22,,,1911-10-01
Deforestation,107,21498,32,92,48,,,1911-05-01
Lightning,174,21738,34,10,10,,,1911-07-01
Climate Change,113,81820,40,44,46,,,1911-09-01
Unknown,181,14778,42,21,29,,,1911-09-01
Lightning,454,30332,20,79,39,,,1911-05-01
Lightning,433,83697,17,28,20,,,1911-10-01
Climate Change,452,59351,38,39,63,,,1911-06-01
Human,488,51728,48,93,17,,,1911-05-01
Deforestation,225,47094,39,20,55,,,1912-06-01
Lightning,333,42724,33,38,56,,,1912-07-01
Climate Change,38,90556,20,25,49,,,1912-06-01
Lightning,43,80258,24,34,19,,,1912-07-01
Climate Change,92,59223,23,19,5,,,1912-08-01
Lightning,113,46316,18,85,17,,,1912-05-01
Climate Change,381,8087,19,24,19,,,1912-07-01
Unknown,97,35440,24,65,9,,,1912-06-01
Human,195,7633,44,15,43,,,1912-07-01
Unknown,168,13040,24,77,53,,,1912-09-01
Unknown,250,32667,37,44,65,,,1912-06-01
Lightning,155,61184,19,93,32,,,1912-09-01
Human,280,2895,16,29,14,,,1912-06-01
Lightning,363,831,20,71,59,,,1912-06-01
Unknown,86,32430,19,87,60,,,1912-07-01
Human,471,993,18,19,56,,,1912-08-01
Human,187,14705,33,11,31,,,1912-07-01
Deforestation,309,98364,22,86,43,,,1912-07-01
Deforestation,195,33898,24,38,37,,,1912-05-01
Lightning,10,65531,37,10,30,,,1912-05-01
Human,413,1562,38,79,27,,,1912-10-01
Unknown,386,93765,17,79,39,,,1912-07-01
Lightning,82,23574,35,58,57,,,1912-09-01
Unknown,319,22806,46,90,60,,,1912-10-01
Unknown,113,2816,49,7,8,,,1912-05-01
Unknown,5,51006,37,45,43,,,1912-07-01
Unknown,421,74517,31,52,6,,,1912-09-01
Unknown,376,8902,28,67,62,,,1912-07-01
Lightning,384,47866,28,83,28,,,1913-05-01
Deforestation,296,43354,27,92,62,,,1913-06-01
Climate Change,376,29524,15,38,63,,,1913-10-01
Climate Change,338,25564,48,86,32,,,1913-08-01
Deforestation,413,21129,16,85,57,,,1913-09-01
Climate Change,97,51896,36,39,17,,,1913-10-01
Human,126,9230,30,62,3,,,1913-06-01
Lightning,89,6154,44,10,21,,,1913-08-01
Human,109,93448,19,46,58,,,1913-07-01
Unknown,269,90062,36,68,23,,,1913-06-01
Deforestation,443,45312,47,22,66,,,1913-06-01
Unknown,5,315,18,86,28,,,1913-05-01
Human,63,99971,42,59,61,,,1913-07-01
Lightning,322,5683,37,92,57,,,1913-10-01
Lightning,17,77339,27,47,40,,,1913-05-01
Lightning,430,46132,37,58,31,,,1913-09-01
Unknown,358,41885,17,75,19,,,1913-06-01
Lightning,267,95627,15,72,50,,,1913-06-01
Climate Change,374,68046,35,94,10,,,1913-08-01
Lightning,435,34735,20,24,28,,,1913-07-01
Human,332,81060,38,51,64,,,1913-10-01
Deforestation,443,73631,44,26,30,,,1913-05-01
Human,429,84677,45,34,19,,,1913-07-01
Human,277,99721,29,60,23,,,1913-06-01
Deforestation,60,34778,48,39,2,,,1913-07-01
Climate Change,345,60992,15,55,2,,,1913-08-01
Deforestation,281,74319,40,84,66,,,1913-07-01
Human,78,96526,37,11,45,,,1913-08-01
Lightning,331,67791,18,82,17,,,1914-09-01
Human,6,24800,26,74,23,,,1914-07-01
Climate Change,344,8420,20,87,19,,,1914-05-01
Lightning,49,76996,27,11,45,,,1914-10-01
Unknown,286,39986,41,61,62,,,1914-07-01
Human,59,79837,30,91,39,,,1914-06-01
Deforestation,417,3325,29,71,30,,,1914-10-01
Human,101,63756,37,75,4,,,1914-06-01
Deforestation,36,43701,21,5,62,,,1914-06-01
Lightning,184,35433,21,94,31,,,1914-10-01
Unknown,409,55521,31,78,64,,,1914-08-01
Unknown,311,14371,30,45,33,,,1914-06-01
Human,159,82303,16,40,14,,,1914-10-01
Lightning,219,55839,47,79,26,,,1914-05-01
Climate Change,180,86542,38,44,18,,,1914-09-01
Human,317,19685,38,13,69,,,1914-09-01
Lightning,277,53464,44,44,59,,,1914-05-01
Lightning,345,68344,43,28,18,,,1914-07-01
Unknown,46,595,32,21,15,,,1914-06-01
Unknown,161,74562,32,24,48,,,1914-05-01
Climate Change,112,63852,29,31,16,,,1914-07-01
Deforestation,489,26970,40,56,27,,,1914-08-01
Unknown,158,253,32,57,4,,,1914-05-01
Deforestation,485,11149,31,37,50,,,1914-06-01
Lightning,367,23700,49,76,53,,,1914-07-01
Unknown,377,20185,30,28,62,,,1914-08-01
Human,322,9444,39,14,17,,,1914-10-01
Unknown,204,3328,20,20,21,,,1914-06-01
Lightning,338,48014,40,82,34,,,1915-05-01
Deforestation,125,82743,18,30,3,,,1915-06-01
Human,112,11649,26,94,45,,,1915-10-01
Lightning,273,20145,40,25,29,,,1915-05-01
Lightning,428,83621,23,91,24,,,1915-08-01
Unknown,258,6547,16,88,21,,,1915-05-01
Unknown,50,5094,16,82,17,,,1915-07-01
Climate Change,166,77455,20,81,65,,,1915-07-01
Unknown,282,3189,44,55,49,,,1915-08-01
Climate Change,266,89342,21,63,12,,,1915-07-01
Climate Change,382,634,23,19,4,,,1915-07-01
Lightning,458,64116,35,76,22,,,1915-09-01
Lightning,271,86537,38,39,15,,,1915-05-01
Unknown,270,85743,48,45,11,,,1915-10-01
Deforestation,405,91174,15,16,5,,,1915-06-01
Climate Change,401,30925,36,8,20,,,1915-06-01
Lightning,16,21684,48,10,9,,,1915-06-01
Unknown,311,65052,23,6,9,,,1915-09-01
Climate Change,143,76511,24,89,9,,,1915-06-01
Lightning,481,10592,35,90,22,,,1915-08-01
Unknown,310,74305,38,91,8,,,1915-08-01
Climate Change,133,46601,36,48,63,,,1915-05-01
Deforestation,394,83700,38,55,11,,,1915-06-01
Climate Change,252,16553,38,37,60,,,1915-09-01
Human,444,2879,46,80,49,,,1915-06-01
Human,287,54957,46,30,26,,,1915-06-01
Human,283,99141,37,35,65,,,1915-07-01
Lightning,217,22885,47,88,36,,,1915-05-01
Lightning,374,23648,38,76,31,,,1916-07-01
Unknown,313,31725,25,70,59,,,1916-08-01
Climate Change,168,99346,39,72,43,,,1916-06-01
Deforestation,214,95048,37,58,66,,,1916-07-01
Climate Change,284,33413,22,22,58,,,1916-08-01
Climate Change,414,87553,33,33,4,,,1916-09-01
Lightning,108,60382,26,6,29,,,1916-06-01
Unknown,81,47688,16,11,27,,,1916-06-01
Unknown,92,13615,23,36,16,,,1916-06-01
Deforestation,401,5736,24,56,42,,,1916-09-01
Lightning,370,754,21,44,29,,,1916-09-01
Unknown,259,87282,35,74,66,,,1916-07-01
Climate Change,15,61565,37,89,41,,,1916-08-01
Climate Change,155,35550,18,84,32,,,1916-09-01
Unknown,366,32252,26,94,10,,,1916-09-01
Unknown,329,93209,42,60,59,,,1916-08-01
Unknown,79,42125,47,75,57,,,1916-10-01
Deforestation,204,85192,24,47,16,,,1916-05-01
Climate Change,403,55144,33,58,52,,,1916-10-01
Lightning,400,26727,30,40,26,,,1916-06-01
Climate Change,102,91655,17,13,62,,,1916-08-01
Human,150,5729,48,82,5,,,1916-09-01
Climate Change,429,56674,29,32,43,,,1916-09-01
Lightning,120,11432,15,43,18,,,1916-08-01
Deforestation,351,5051,40,53,63,,,1916-07-01
Unknown,411,99577,23,72,3,,,1916-10-01
Deforestation,476,69451,48,59,50,,,1916-05-01
Human,478,36019,27,19,28,,,1916-08-01
Unknown,468,46115,44,40,68,,,1917-08-01
Lightning,373,7097,26,59,57,,,1917-10-01
Lightning,355,89231,37,57,24,,,1917-08-01
Climate Change,20,49416,29,21,38,,,1917-08-01
Climate Change,407,8705,32,82,63,,,1917-09-01
Unknown,360,79415,33,48,8,,,1917-08-01
Unknown,432,62680,48,70,56,,,1917-05-01
Human,484,4237,27,73,11,,,1917-06-01
Unknown,362,73790,35,12,66,,,1917-06-01
Climate Change,373,68785,44,89,50,,,1917-08-01
Lightning,149,45224,45,56,62,,,1917-05-01
Deforestation,175,30370,47,17,63,,,1917-10-01
Unknown,47,86036,24,10,58,,,1917-09-01
Deforestation,75,4125,35,84,57,,,1917-05-01
Unknown,475,3543,39,32,6,,,1917-10-01
Human,22,79890,43,23,66,,,1917-09-01
Climate Change,391,19981,49,44,68,,,1917-09-01
Climate Change,131,99401,34,56,45,,,1917-05-01
Deforestation,358,24602,27,91,67,,,1917-09-01
Lightning,215,74331,34,77,18,,,1917-07-01
Unknown,435,90469,33,21,40,,,1917-07-01
Deforestation,377,9049,21,85,40,,,1917-06-01
Unknown,428,12816,39,73,31,,,1917-08-01
Climate Change,200,19259,23,72,52,,,1917-08-01
Human,329,59405,33,16,18,,,1917-10-01
Deforestation,348,93998,37,85,2,,,1917-10-01
Unknown,269,47474,38,64,36,,,1917-08-01
Unknown,287,50351,15,89,50,,,1917-10-01
Deforestation,133,18029,46,66,19,,,1918-09-01
Unknown,420,7294,32,43,50,,,1918-10-01
Lightning,86,26283,21,40,19,,,1918-09-01
Human,42,14366,23,76,52,,,1918-08-01
Unknown,86,51688,44,8,40,,,1918-07-01
Unknown,452,80380,26,70,23,,,1918-08-01
Unknown,385,92937,29,92,2,,,1918-08-01
Lightning,355,96495,19,54,43,,,1918-05-01
Lightning,384,87023,16,78,18,,,1918-10-01
Human,331,33185,45,38,46,,,1918-08-01
Lightning,183,8161,29,82,51,,,1918-06-01
Lightning,420,88678,17,80,49,,,1918-09-01
Lightning,11,75120,18,14,18,,,1918-05-01
Climate Change,138,57142,46,78,10,,,1918-08-01
Climate Change,209,43830,38,8,25,,,1918-07-01
Climate Change,487,89180,49,60,41,,,1918-07-01
Climate Change,328,91025,41,10,18,,,1918-09-01
Deforestation,236,54612,31,6,53,,,1918-08-01
Deforestation,312,78094,40,26,56,,,1918-06-01
Lightning,231,93727,26,92,40,,,1918-07-01
Climate Change,301,63388,26,17,58,,,1918-09-01
Climate Change,340,99043,49,7,6,,,1918-10-01
Climate Change,15,75745,24,38,68,,,1918-06-01
Human,241,99497,46,24,58,,,1918-07-01
Human,438,14899,26,75,40,,,1918-06-01
Climate Change,49,43433,37,74,39,,,1918-05-01
Human,218,83895,29,76,38,,,1918-06-01
Lightning,56,85881,19,22,39,,,1918-05-01
Deforestation,377,14216,45,68,11,,,1919-10-01
Human,127,90298,30,58,36,,,1919-06-01
Climate Change,160,92609,30,63,54,,,1919-06-01
Climate Change,152,73595,41,62,28,,,1919-09-01
Lightning,132,65130,19,91,54,,,1919-06-01
Deforestation,52,65986,23,68,55,,,1919-06-01
Unknown,183,89226,17,68,30,,,1919-09-01
Lightning,15,71876,25,31,22,,,1919-08-01
Deforestation,50,37029,25,86,66,,,1919-10-01
Unknown,295,43778,15,29,44,,,1919-07-01
Deforestation,88,2086,16,86,65,,,1919-10-01
Lightning,73,63845,45,14,37,,,1919-06-01
Human,89,65684,17,78,6,,,1919-10-01
Climate Change,222,71456,40,30,6,,,1919-10-01
Human,275,98526,30,41,4,,,1919-10-01
Deforestation,51,66160,35,70,55,,,1919-08-01
Lightning,170,11453,39,15,9,,,1919-07-01
Climate Change,121,80803,22,67,65,,,1919-05-01
Lightning,268,40093,43,13,16,,,1919-08-01
Climate Change,158,26093,30,40,38,,,1919-10-01
Climate Change,331,62988,30,32,49,,,1919-10-01
Climate Change,163,30833,47,77,30,,,1919-10-01
Unknown,309,38926,42,76,6,,,1919-07-01
Human,139,13063,41,62,47,,,1919-06-01
Climate Change,29,97452,41,5,43,,,1919-06-01
Deforestation,157,79072,20,62,54,,,1919-08-01
Lightning,318,79029,26,26,38,,,1919-06-01
Unknown,107,86651,15,69,2,,,1919-08-01
Human,120,78672,17,50,56,,,1920-09-01
Unknown,220,5177,40,81,66,,,1920-07-01
Unknown,39,50811,30,20,60,,,1920-06-01
Human,247,95219,48,15,66,,,1920-05-01
Deforestation,119,50855,19,17,11,,,1920-06-01
Human,470,58949,37,75,60,,,1920-07-01
Human,208,11901,29,6,33,,,1920-07-01
Climate Change,280,10837,46,32,2,,,1920-08-01
Unknown,60,98950,39,84,59,,,1920-08-01
Deforestation,69,60840,36,92,54,,,1920-07-01
Unknown,168,92327,32,54,42,,,1920-08-01
Unknown,26,1144,43,58,18,,,1920-06-01
Human,163,39490,16,52,15,,,1920-08-01
Lightning,357,21702,34,6,42,,,1920-07-01
Lightning,127,40264,30,8,13,,,1920-07-01
Unknown,395,24945,49,9,33,,,1920-09-01
Climate Change,175,30644,23,53,34,,,1920-06-01
Human,104,59125,43,82,26,,,1920-08-01
Climate Change,124,49933,29,8,58,,,1920-10-01
Deforestation,176,60746,28,7,63,,,1920-05-01
Lightning,324,26128,32,62,21,,,1920-06-01
Human,116,93244,27,72,53,,,1920-06-01
Lightning,12,29583,19,73,32,,,1920-09-01
Human,141,9347,17,34,30,,,1920-09-01
Climate Change,478,84764,44,13,27,,,1920-07-01
Unknown,66,62054,39,55,14,,,1920-06-01
Human,167,76186,16,65,42,,,1920-08-01
Lightning,68,81999,46,86,59,,,1920-08-01
Deforestation,304,867,39,38,31,,,1921-06-01
Deforestation,378,40602,27,7,27,,,1921-10-01
Climate Change,130,65019,20,47,61,,,1921-05-01
Human,309,43823,16,15,19,,,1921-06-01
Unknown,104,99019,36,57,60,,,1921-09-01
Climate Change,118,82510,44,12,58,,,1921-10-01
Human,119,81271,33,9,28,,,1921-05-01
Deforestation,31,49953,43,43,61,,,1921-06-01
Climate Change,293,24630,33,20,24,,,1921-05-01
Climate Change,356,37487,42,73,50,,,1921-06-01
Climate Change,137,35890,42,37,24,,,1921-06-01
Lightning,239,12405,44,30,17,,,1921-05-01
Lightning,43,19460,15,42,3,,,1921-09-01
Lightning,138,27281,38,22,28,,,1921-05-01
Lightning,76,13375,31,66,30,,,1921-05-01
Lightning,74,80121,26,18,23,,,1921-06-01
Lightning,155,95435,39,17,11,,,1921-07-01
Human,187,49502,29,56,3,,,1921-09-01
Deforestation,273,74053,48,39,4,,,1921-05-01
Human,124,7710,33,71,6,,,1921-06-01
Unknown,143,32988,19,5,64,,,1921-07-01
Human,214,57776,16,41,46,,,1921-09-01
Deforestation,410,33223,43,39,16,,,1921-07-01
Human,355,47757,30,78,50,,,1921-08-01
Lightning,262,50490,45,30,30,,,1921-07-01
Human,338,77667,15,57,68,,,1921-07-01
Human,350,28661,37,25,66,,,1921-10-01
Deforestation,287,40397,20,48,29,,,1921-09-01
Deforestation,21,68322,17,80,67,,,1922-09-01
Climate Change,218,35130,23,89,12,,,1922-10-01
Lightning,103,29780,38,35,34,,,1922-09-01
Deforestation,178,5896,42,64,32,,,1922-10-01
Human,347,29925,41,6,22,,,1922-07-01
Climate Change,393,35607,35,24,62,,,1922-06-01
Human,152,75861,16,36,27,,,1922-10-01
Human,173,87462,15,55,6,,,1922-10-01
Human,407,77807,49,80,6,,,1922-09-01
Deforestation,282,4892,34,35,34,,,1922-06-01
Lightning,216,57951,26,81,40,,,1922-06-01
Unknown,434,14691,23,91,51,,,1922-05-01
Lightning,192,80478,29,40,64,,,1922-09-01
Human,218,81203,24,28,50,,,1922-09-01
Lightning,267,29287,19,64,56,,,1922-06-01
Climate Change,478,87680,28,83,50,,,1922-07-01
Human,157,89976,37,61,59,,,1922-05-01
Deforestation,97,63745,27,86,24,,,1922-10-01
Lightning,242,56196,23,37,33,,,1922-10-01
Deforestation,442,79988,41,74,35,,,1922-09-01
Lightning,413,40743,24,92,12,,,1922-08-01
Climate Change,404,23869,44,84,8,,,1922-07-01
Unknown,20,67083,49,25,51,,,1922-07-01
Human,232,23635,46,45,7,,,1922-07-01
Lightning,408,98044,23,57,62,,,1922-07-01
Human,263,92215,15,74,46,,,1922-10-01
Climate Change,435,10802,40,18,55,,,1922-06-01
Deforestation,259,89730,45,33,18,,,1922-10-01
Climate Change,236,3613,41,29,60,,,1923-10-01
Lightning,342,93320,23,68,21,,,1923-08-01
Deforestation,366,96441,44,57,64,,,1923-10-01
Unknown,291,44627,44,91,20,,,1923-07-01
Deforestation,19,29186,29,33,27,,,1923-08-01
Unknown,134,53431,18,90,51,,,1923-08-01
Lightning,283,32926,25,32,67,,,1923-10-01
Deforestation,140,75264,32,59,51,,,1923-07-01
Deforestation,122,1837,23,15,64,,,1923-10-01
Unknown,464,46257,25,43,26,,,1923-08-01
Deforestation,398,11534,36,25,61,,,1923-09-01
Lightning,496,56899,37,17,5,,,1923-08-01
Human,338,92203,49,25,59,,,1923-08-01
Deforestation,357,89131,31,47,7,,,1923-06-01
Unknown,210,43174,26,70,3,,,1923-10-01
Unknown,341,18753,28,48,31,,,1923-09-01
Deforestation,420,44113,38,10,28,,,1923-05-01
Lightning,348,57672,29,79,25,,,1923-06-01
Unknown,278,655,42,75,24,,,1923-05-01
Lightning,166,59374,49,46,29,,,1923-09-01
Lightning,214,7473,42,28,9,,,1923-07-01
Unknown,122,39320,41,9,50,,,1923-06-01
Lightning,290,96683,48,11,41,,,1923-06-01
Unknown,427,97569,28,57,5,,,1923-08-01
Human,470,50639,21,32,68,,,1923-06-01
Lightning,227,59858,34,87,12,,,1923-08-01
Climate Change,475,93034,21,38,20,,,1923-07-01
Climate Change,13,58508,39,82,26,,,1923-06-01
Deforestation,43,58803,24,67,69,,,1924-07-01
Unknown,151,63330,35,82,34,,,1924-07-01
Deforestation,343,22401,32,79,49,,,1924-06-01
Deforestation,208,28569,43,6,3,,,1924-06-01
Unknown,229,66373,22,64,7,,,1924-09-01
Deforestation,131,12278,15,37,41,,,1924-08-01
Human,277,76769,48,13,36,,,1924-09-01
Climate Change,203,24114,34,29,68,,,1924-06-01
Lightning,194,24602,36,15,49,,,1924-08-01
Climate Change,167,70292,41,44,35,,,1924-07-01
Human,387,55668,30,13,34,,,1924-08-01
Lightning,117,33272,35,73,11,,,1924-08-01
Human,252,86230,27,69,21,,,1924-10-01
Lightning,243,96657,23,71,12,,,1924-05-01
Human,398,25596,39,15,63,,,1924-08-01
Climate Change,168,36490,40,82,57,,,1924-10-01
Climate Change,60,80871,44,16,36,,,1924-05-01
Deforestation,184,5634,37,72,53,,,1924-09-01
Human,481,81435,43,68,13,,,1924-10-01
Lightning,59,27297,23,81,56,,,1924-07-01
Human,349,56847,16,17,32,,,1924-08-01
Unknown,118,94591,41,19,34,,,1924-09-01
Climate Change,174,46319,23,27,15,,,1924-08-01
Climate Change,157,83376,45,58,6,,,1924-07-01
Human,160,69006,49,51,39,,,1924-09-01
Climate Change,66,91344,36,12,53,,,1924-07-01
Human,293,47185,26,31,9,,,1924-07-01
Human,366,24032,43,24,17,,,1924-08-01
Climate Change,212,81526,43,94,32,,,1925-05-01
Human,448,19887,29,77,40,,,1925-08-01
Lightning,180,47036,29,10,44,,,1925-06-01
Human,167,49477,19,86,17,,,1925-08-01
Lightning,100,29665,36,35,11,,,1925-05-01
Unknown,336,9816,20,24,6,,,1925-05-01
Climate Change,318,36638,30,58,47,,,1925-05-01
Deforestation,196,91755,34,55,40,,,1925-10-01
Deforestation,182,73989,47,35,55,,,1925-09-01
Lightning,38,10581,37,50,57,,,1925-08-01
Deforestation,477,11040,34,38,45,,,1925-10-01
Lightning,162,74654,49,88,19,,,1925-08-01
Deforestation,112,47422,37,36,11,,,1925-09-01
Deforestation,362,17321,48,21,55,,,1925-07-01
Lightning,217,86438,33,51,7,,,1925-08-01
Deforestation,184,13331,26,14,56,,,1925-06-01
Climate Change,53,77575,38,59,26,,,1925-05-01
Human,213,27328,21,28,12,,,1925-06-01
Unknown,16,57478,42,61,14,,,1925-05-01
Human,494,51528,26,38,32,,,1925-07-01
Climate Change,132,7969,45,6,16,,,1925-09-01
Unknown,79,26245,25,33,67,,,1925-05-01
Climate Change,20,42506,31,25,45,,,1925-09-01
Climate Change,23,5162,16,45,62,,,1925-08-01
Deforestation,75,99018,20,33,67,,,1925-06-01
Human,328,17833,42,34,26,,,1925-07-01
Deforestation,131,41252,20,22,11,,,1925-05-01
Climate Change,143,46512,34,69,53,,,1925-08-01
Deforestation,470,73804,31,59,37,,,1926-07-01
Human,414,37784,36,29,3,,,1926-09-01
Unknown,393,94055,20,25,27,,,1926-10-01
Unknown,165,80241,31,25,47,,,1926-08-01
Unknown,276,45787,43,12,4,,,1926-10-01
Lightning,279,47556,29,90,23,,,1926-05-01
Climate Change,117,64900,40,81,28,,,1926-10-01
Deforestation,388,90022,44,52,64,,,1926-05-01
Unknown,16,62719,43,47,18,,,1926-10-01
Unknown,345,82076,25,61,44,,,1926-05-01
Climate Change,190,26972,20,69,7,,,1926-07-01
Human,26,21452,29,94,52,,,1926-06-01
Deforestation,257,54313,15,64,47,,,1926-10-01
Deforestation,446,2863,26,46,40,,,1926-08-01
Human,296,1687,27,22,42,,,1926-07-01
Human,188,71419,45,59,11,,,1926-06-01
Deforestation,390,36169,45,74,68,,,1926-08-01
Unknown,275,79568,42,14,39,,,1926-07-01
Lightning,54,11349,32,92,3,,,1926-05-01
Lightning,486,7933,19,15,66,,,1926-08-01
Deforestation,380,86884,16,89,21,,,1926-06-01
Unknown,475,2296,26,26,21,,,1926-09-01
Human,133,34177,38,18,37,,,1926-06-01
Unknown,207,90235,45,59,25,,,1926-09-01
Human,156,29477,25,55,36,,,1926-09-01
Human,33,40200,42,33,44,,,1926-07-01
Lightning,142,3358,28,80,48,,,1926-07-01
Lightning,354,15875,46,30,2,,,1926-06-01
Lightning,126,32973,31,34,53,,,1927-09-01
Lightning,397,15993,15,77,54,,,1927-07-01
Climate Change,360,61707,18,13,23,,,1927-07-01
Deforestation,208,82893,23,10,49,,,1927-06-01
Climate Change,243,93290,30,5,38,,,1927-10-01
Human,169,3296,40,90,63,,,1927-07-01
Unknown,385,28325,32,78,25,,,1927-09-01
Climate Change,41,77500,32,92,67,,,1927-08-01
Human,62,99894,42,39,11,,,1927-05-01
Human,46,12984,29,61,23,,,1927-05-01
Unknown,219,5290,39,10,35,,,1927-05-01
Human,64,72672,47,55,61,,,1927-05-01
Human,297,80965,43,62,15,,,1927-10-01
Lightning,424,60248,35,32,69,,,1927-08-01
Deforestation,212,45871,43,86,11,,,1927-10-01
Human,171,18485,35,69,16,,,1927-06-01
Unknown,192,97696,24,91,35,,,1927-08-01
Lightning,114,57988,24,58,66,,,1927-08-01
Human,5,13544,42,27,18,,,1927-09-01
Deforestation,358,3056,42,46,62,,,1927-05-01
Human,324,39810,23,14,9,,,1927-07-01
Lightning,209,6558,19,74,31,,,1927-09-01
Human,463,52343,16,41,2,,,1927-05-01
Lightning,360,38041,39,7,10,,,1927-08-01
Lightning,219,52783,48,47,23,,,1927-10-01
Lightning,246,36069,46,20,2,,,1927-10-01
Climate Change,76,36245,29,57,45,,,1927-09-01
Lightning,50,46504,33,42,12,,,1927-06-01
Unknown,303,19831,35,86,58,,,1928-09-01
Lightning,334,9669,44,77,32,,,1928-06-01
Climate Change,251,7712,20,82,69,,,1928-06-01
Human,115,10195,33,55,64,,,1928-06-01
Human,335,20531,25,75,27,,,1928-09-01
Lightning,349,12918,37,51,14,,,1928-10-01
Human,326,10021,42,81,36,,,1928-05-01
Climate Change,465,84866,46,58,60,,,1928-05-01
Lightning,116,13641,42,41,66,,,1928-05-01
Unknown,334,2586,49,14,48,,,1928-05-01
Climate Change,274,70127,31,84,36,,,1928-07-01
Human,335,48480,17,33,19,,,1928-06-01
Human,243,35333,45,62,43,,,1928-08-01
Human,132,9525,33,76,9,,,1928-06-01
Human,455,50511,31,18,10,,,1928-07-01
Climate Change,354,81967,46,15,21,,,1928-10-01
Deforestation,57,93393,22,8,28,,,1928-07-01
Unknown,428,87186,41,89,53,,,1928-08-01
Climate Change,328,88814,23,8,49,,,1928-08-01
Unknown,106,61360,33,92,59,,,1928-06-01
Lightning,249,35493,36,81,59,,,1928-08-01
Unknown,229,17376,29,37,18,,,1928-05-01
Deforestation,450,10992,30,70,44,,,1928-10-01
Unknown,7,9952,34,20,60,,,1928-08-01
Deforestation,181,33825,47,34,60,,,1928-09-01
Unknown,19,21429,37,82,46,,,1928-08-01
Unknown,467,93482,25,33,63,,,1928-10-01
Human,56,12313,33,70,23,,,1928-05-01
Human,37,32683,23,61,6,,,1929-08-01
Climate Change,349,99947,29,69,23,,,1929-09-01
Unknown,106,44913,32,86,68,,,1929-07-01
Human,53,38474,41,61,28,,,1929-06-01
Deforestation,117,86248,43,19,31,,,1929-07-01
Lightning,425,69772,16,27,24,,,1929-08-01
Human,473,77299,27,32,28,,,1929-07-01
Human,324,7319,15,22,64,,,1929-07-01
Climate Change,397,66288,29,47,45,,,1929-07-01
Unknown,200,54011,24,24,13,,,1929-10-01
Unknown,406,51905,34,29,13,,,1929-10-01
Human,285,21614,39,53,15,,,1929-09-01
Deforestation,213,94588,22,73,6,,,1929-05-01
Human,487,24822,44,54,17,,,1929-05-01
Human,390,73841,40,62,17,,,1929-05-01
Climate Change,435,1295,38,59,16,,,1929-06-01
Lightning,76,32261,41,78,24,,,1929-07-01
Lightning,402,66008,43,69,69,,,1929-08-01
Human,373,76221,37,68,33,,,1929-05-01
Unknown,211,50032,16,23,25,,,1929-08-01
Deforestation,92,65646,36,19,11,,,1929-09-01
Unknown,415,94892,42,69,18,,,1929-05-01
Climate Change,142,63394,43,86,48,,,1929-08-01
Unknown,235,38740,28,48,55,,,1929-10-01
Lightning,339,21634,24,14,40,,,1929-08-01
Deforestation,162,37512,29,89,53,,,1929-08-01
Unknown,60,6575,23,27,64,,,1929-09-01
Unknown,321,68875,36,28,52,,,1929-09-01
Human,222,1345,30,26,58,,,1930-06-01
Lightning,367,68149,40,76,31,,,1930-10-01
Human,238,15182,23,35,10,,,1930-10-01
Deforestation,190,26854,47,25,65,,,1930-09-01
Climate Change,294,83206,35,36,53,,,1930-08-01
Climate Change,229,4607,48,68,20,,,1930-07-01
Unknown,386,62322,23,88,39,,,1930-07-01
Climate Change,214,33471,23,57,57,,,1930-06-01
Unknown,202,34481,38,17,44,,,1930-07-01
Climate Change,55,90998,41,87,25,,,1930-08-01
Lightning,177,75007,43,21,69,,,1930-06-01
Climate Change,497,69854,18,78,26,,,1930-08-01
Human,115,11109,39,53,27,,,1930-07-01
Lightning,31,68284,15,65,4,,,1930-07-01
Deforestation,301,47880,29,12,39,,,1930-08-01
Lightning,343,61458,24,82,50,,,1930-06-01
Climate Change,343,70529,45,75,32,,,1930-05-01
Lightning,254,45898,37,52,41,,,1930-08-01
Unknown,42,82700,41,79,58,,,1930-10-01
Deforestation,248,45482,29,17,12,,,1930-05-01
Unknown,369,57021,38,77,5,,,1930-08-01
Lightning,50,15963,30,37,11,,,1930-05-01
Unknown,191,96898,17,59,15,,,1930-05-01
Unknown,221,13413,38,31,38,,,1930-06-01
Lightning,226,22794,15,8,30,,,1930-10-01
Lightning,261,80718,36,15,60,,,1930-05-01
Lightning,341,3847,35,17,10,,,1930-10-01
Human,463,61609,20,81,57,,,1930-07-01
Deforestation,297,96018,28,51,59,,,1931-10-01
Lightning,292,37189,24,85,31,,,1931-08-01
Human,64,97776,15,37,39,,,1931-09-01
Deforestation,414,41520,42,37,42,,,1931-05-01
Human,61,89620,15,16,7,,,1931-10-01
Human,453,60284,46,7,50,,,1931-05-01
Climate Change,320,98382,16,77,57,,,1931-07-01
Unknown,448,75217,31,53,61,,,1931-05-01
Deforestation,438,72422,18,85,51,,,1931-08-01
Human,50,66829,30,15,21,,,1931-09-01
Lightning,284,736,15,92,18,,,1931-10-01
Climate Change,93,95807,29,55,28,,,1931-10-01
Lightning,78,2208,45,16,47,,,1931-10-01
Climate Change,241,12102,35,78,8,,,1931-05-01
Human,479,72599,45,79,37,,,1931-08-01
Human,314,46810,25,34,23,,,1931-10-01
Deforestation,47,82899,41,41,47,,,1931-09-01
Climate Change,39,78567,40,23,46,,,1931-05-01
Unknown,154,30882,15,48,44,,,1931-06-01
Climate Change,326,8180,23,81,62,,,1931-09-01
Deforestation,6,98475,27,61,68,,,1931-07-01
Human,145,17782,33,58,62,,,1931-10-01
Deforestation,182,35157,45,37,12,,,1931-06-01
Climate Change,258,45539,28,57,20,,,1931-05-01
Deforestation,127,40509,23,54,13,,,1931-05-01
Deforestation,378,74823,17,62,56,,,1931-10-01
Lightning,149,52234,18,59,46,,,1931-05-01
Deforestation,261,2680,35,56,44,,,1931-08-01
Human,71,65632,46,14,65,,,1932-08-01
Unknown,72,14360,18,83,18,,,1932-09-01
Lightning,455,32530,37,22,2,,,1932-08-01
Deforestation,324,84253,15,7,68,,,1932-07-01
Human,471,49852,43,94,5,,,1932-09-01
Deforestation,274,38997,47,26,49,,,1932-05-01
Human,475,91064,37,72,22,,,1932-07-01
Climate Change,175,42818,40,45,39,,,1932-09-01
Unknown,493,14418,17,69,62,,,1932-07-01
Human,151,85777,36,82,58,,,1932-10-01
Human,146,80015,27,16,56,,,1932-07-01
Human,362,99850,47,33,32,,,1932-07-01
Climate Change,116,50116,24,92,42,,,1932-05-01
Lightning,391,3870,48,53,29,,,1932-09-01
Climate Change,91,95952,47,73,68,,,1932-07-01
Climate Change,448,44458,37,34,61,,,1932-09-01
Human,100,39320,19,76,53,,,1932-06-01
Human,422,85032,19,42,27,,,1932-08-01
Lightning,264,62602,47,37,21,,,1932-05-01
Lightning,177,69210,37,86,63,,,1932-09-01
Human,46,61551,23,7,10,,,1932-08-01
Lightning,183,25203,28,7,25,,,1932-06-01
Climate Change,145,66533,33,93,48,,,1932-05-01
Climate Change,207,53764,34,76,43,,,1932-10-01
Human,13,39484,16,23,21,,,1932-09-01
Climate Change,237,88653,20,21,69,,,1932-06-01
Deforestation,88,78310,32,30,57,,,1932-10-01
Human,452,47467,45,41,28,,,1932-08-01
Lightning,8,84921,46,92,38,,,1933-09-01
Unknown,35,41440,25,92,33,,,1933-05-01
Lightning,170,35257,33,88,57,,,1933-05-01
Unknown,37,27757,41,47,60,,,1933-10-01
Climate Change,101,53110,36,13,10,,,1933-08-01
Unknown,287,37236,22,84,19,,,1933-05-01
Human,127,54404,26,10,42,,,1933-09-01
Lightning,447,57011,32,69,55,,,1933-09-01
Lightning,140,486,39,73,56,,,1933-09-01
Human,342,56514,32,61,17,,,1933-07-01
Deforestation,429,12209,39,36,39,,,1933-10-01
Climate Change,404,56215,30,80,18,,,1933-10-01
Human,68,96190,27,76,57,,,1933-09-01
Deforestation,272,39180,49,37,51,,,1933-09-01
Lightning,397,21068,43,43,46,,,1933-08-01
Deforestation,60,84293,19,18,68,,,1933-05-01
Lightning,246,83609,39,81,17,,,1933-10-01
Climate Change,102,794,36,85,50,,,1933-05-01
Lightning,440,47461,36,47,9,,,1933-05-01
Unknown,197,73268,18,81,42,,,1933-07-01
Climate Change,258,4202,19,85,31,,,1933-07-01
Deforestation,266,94396,30,89,67,,,1933-05-01
Climate Change,404,10632,27,36,48,,,1933-06-01
Lightning,204,45582,40,14,32,,,1933-10-01
Climate Change,161,99688,15,91,4,,,1933-05-01
Deforestation,459,52039,29,71,31,,,1933-07-01
Climate Change,335,50724,24,23,4,,,1933-06-01
Human,303,86258,40,84,37,,,1933-08-01
Human,88,99504,19,82,15,,,1934-05-01
Deforestation,491,88151,18,87,10,,,1934-08-01
Unknown,81,96049,24,41,24,,,1934-09-01
Lightning,74,23869,27,55,51,,,1934-07-01
Climate Change,23,46436,16,44,39,,,1934-08-01
Deforestation,213,46614,22,90,69,,,1934-07-01
Lightning,460,1260,16,84,60,,,1934-07-01
Unknown,32,1195,40,55,33,,,1934-07-01
Human,429,99877,16,46,66,,,1934-06-01
Human,253,36527,42,42,34,,,1934-08-01
Human,321,26897,32,74,16,,,1934-06-01
Unknown,123,95118,21,21,51,,,1934-09-01
Human,59,31318,27,51,63,,,1934-10-01
Human,33,29817,43,52,6,,,1934-10-01
Lightning,167,69210,33,75,47,,,1934-06-01
Unknown,177,8107,39,48,61,,,1934-07-01
Climate Change,155,66870,35,5,20,,,1934-10-01
Unknown,448,85124,17,56,29,,,1934-09-01
Human,458,22042,37,20,25,,,1934-10-01
Climate Change,429,35661,26,73,32,,,1934-09-01
Lightning,352,66433,41,30,61,,,1934-08-01
Climate Change,229,94338,16,43,62,,,1934-06-01
Lightning,111,95522,31,43,55,,,1934-07-01
Unknown,487,42945,49,15,62,,,1934-09-01
Human,125,75687,46,88,5,,,1934-08-01
Human,170,95010,17,90,63,,,1934-10-01
Human,386,83761,49,17,36,,,1934-05-01
Climate Change,390,4123,30,22,8,,,1934-07-01
Lightning,168,64780,21,19,61,,,1935-09-01
Lightning,239,76552,27,84,57,,,1935-07-01
Unknown,189,66367,24,22,69,,,1935-08-01
Deforestation,139,15061,21,45,41,,,1935-05-01
Climate Change,405,78898,36,8,7,,,1935-07-01
Lightning,30,69102,31,92,32,,,1935-10-01
Deforestation,423,9522,32,66,28,,,1935-09-01
Deforestation,376,87312,42,13,16,,,1935-07-01
Lightning,312,15622,47,55,56,,,1935-09-01
Human,131,73743,43,92,26,,,1935-09-01
Deforestation,307,48691,25,71,16,,,1935-08-01
Human,139,86676,43,30,46,,,1935-05-01
Human,353,46935,21,16,33,,,1935-07-01
Unknown,408,98484,17,5,28,,,1935-10-01
Human,115,36619,34,18,7,,,1935-09-01
Climate Change,443,31350,43,65,25,,,1935-05-01
Human,186,60620,31,60,46,,,1935-06-01
Lightning,176,82513,33,33,3,,,1935-10-01
Deforestation,151,4861,30,70,44,,,1935-08-01
Unknown,194,23338,43,28,40,,,1935-06-01
Unknown,132,38592,19,59,31,,,1935-08-01
Climate Change,414,83709,41,57,31,,,1935-09-01
Deforestation,255,17629,21,53,42,,,1935-07-01
Climate Change,81,56882,43,31,9,,,1935-06-01
Climate Change,324,83437,43,39,62,,,1935-08-01
Human,268,83138,44,90,22,,,1935-10-01
Lightning,271,93797,16,7,52,,,1935-08-01
Lightning,347,89436,34,29,31,,,1935-08-01
Climate Change,366,30446,31,30,24,,,1936-06-01
Climate Change,308,12663,16,92,32,,,1936-08-01
Unknown,134,94812,27,39,67,,,1936-07-01
Climate Change,35,53839,24,27,4,,,1936-10-01
Human,462,55424,48,88,62,,,1936-08-01
Deforestation,460,23465,32,93,64,,,1936-09-01
Lightning,498,56294,38,14,28,,,1936-09-01
Lightning,267,82781,40,19,34,,,1936-08-01
Deforestation,233,14226,15,76,26,,,1936-10-01
Unknown,36,75682,27,5,52,,,1936-05-01
Climate Change,140,75047,39,90,40,,,1936-10-01
Deforestation,184,96871,35,60,67,,,1936-08-01
Lightning,267,7607,37,79,35,,,1936-07-01
Climate Change,286,91813,37,45,59,,,1936-05-01
Lightning,384,86962,29,46,58,,,1936-06-01
Human,21,4127,23,84,37,,,1936-07-01
Lightning,101,12250,30,72,23,,,1936-07-01
Climate Change,212,73569,20,30,4,,,1936-09-01
Unknown,78,50912,15,56,15,,,1936-08-01
Unknown,76,88910,42,75,11,,,1936-05-01
Unknown,317,70749,16,94,51,,,1936-07-01
Deforestation,20,62489,31,26,69,,,1936-10-01
Unknown,70,71340,33,20,55,,,1936-07-01
Climate Change,116,40309,35,15,40,,,1936-05-01
Climate Change,328,8060,40,65,52,,,1936-05-01
Lightning,397,88367,19,66,53,,,1936-06-01
Climate Change,137,30631,23,26,28,,,1936-10-01
Climate Change,212,5197,24,10,63,,,1936-06-01
Deforestation,393,71133,39,63,52,,,1937-05-01
Deforestation,136,99038,49,78,35,,,1937-06-01
Deforestation,74,51470,33,93,42,,,1937-08-01
Deforestation,179,17729,49,63,66,,,1937-05-01
Lightning,32,40821,33,59,58,,,1937-08-01
Human,133,66667,35,92,26,,,1937-10-01
Climate Change,239,87222,24,60,13,,,1937-05-01
Climate Change,124,8820,24,35,61,,,1937-05-01
Climate Change,277,26005,32,66,30,,,1937-10-01
Deforestation,484,21481,49,37,19,,,1937-07-01
Lightning,17,49992,31,68,2,,,1937-09-01
Lightning,38,1994,34,11,57,,,1937-05-01
Unknown,417,42335,31,52,27,,,1937-09-01
Unknown,382,70482,35,46,62,,,1937-07-01
Human,442,33138,40,29,60,,,1937-06-01
Deforestation,339,28857,20,56,22,,,1937-07-01
Climate Change,257,10944,19,66,5,,,1937-05-01
Human,278,17734,38,70,14,,,1937-10-01
Climate Change,58,10738,17,41,38,,,1937-10-01
Unknown,391,25478,37,32,19,,,1937-09-01
Human,248,54791,40,52,41,,,1937-06-01
Human,428,91882,22,60,32,,,1937-05-01
Unknown,62,70383,33,67,40,,,1937-07-01
Human,408,60819,21,58,30,,,1937-08-01
Lightning,97,58131,33,60,18,,,1937-06-01
Lightning,241,80324,38,13,8,,,1937-05-01
Lightning,235,2793,25,80,62,,,1937-07-01
Unknown,302,73328,35,78,21,,,1937-06-01
Climate Change,168,24251,26,44,55,,,1938-06-01
Climate Change,182,36748,23,66,48,,,1938-06-01
Deforestation,464,17145,33,84,32,,,1938-09-01
Lightning,199,25018,32,30,14,,,1938-07-01
Lightning,150,61862,37,7,56,,,1938-06-01
Deforestation,479,34383,39,28,10,,,1938-05-01
Deforestation,425,87512,30,28,22,,,1938-10-01
Climate Change,44,58826,28,46,51,,,1938-08-01
Deforestation,264,74411,31,89,58,,,1938-09-01
Unknown,111,82835,41,84,34,,,1938-06-01
Lightning,112,27307,28,20,44,,,1938-10-01
Human,333,81581,26,74,20,,,1938-08-01
Climate Change,45,24856,20,63,65,,,1938-07-01
Climate Change,404,691,35,8,39,,,1938-05-01
Deforestation,352,41642,15,56,31,,,1938-05-01
Deforestation,211,88629,44,46,12,,,1938-05-01
Deforestation,412,2374,32,81,46,,,1938-07-01
Unknown,347,76564,36,48,65,,,1938-07-01
Deforestation,285,17871,21,10,25,,,1938-09-01
Human,87,8662,43,28,49,,,1938-07-01
Lightning,441,64025,40,18,30,,,1938-09-01
Climate Change,138,46728,32,91,39,,,1938-08-01
Deforestation,389,87335,49,91,61,,,1938-07-01
Deforestation,312,81247,30,45,4,,,1938-06-01
Unknown,472,46833,46,30,59,,,1938-09-01
Climate Change,172,18398,27,36,2,,,1938-08-01
Deforestation,259,67609,22,29,41,,,1938-09-01
Deforestation,210,11344,41,88,63,,,1938-08-01
Human,249,27280,42,29,62,,,1939-07-01
Human,498,27460,30,86,8,,,1939-08-01
Climate Change,387,7510,23,60,57,,,1939-05-01
Human,318,94726,30,12,46,,,1939-05-01
Deforestation,186,59994,44,57,28,,,1939-05-01
Unknown,394,25668,32,20,13,,,1939-07-01
Deforestation,305,40739,43,94,23,,,1939-08-01
Climate Change,491,59794,36,49,10,,,1939-05-01
Climate Change,17,69903,21,76,37,,,1939-08-01
Climate Change,65,17240,41,5,35,,,1939-08-01
Human,348,60792,21,69,4,,,1939-08-01
Lightning,311,83138,43,63,7,,,1939-08-01
Unknown,277,93656,36,28,52,,,1939-09-01
Lightning,143,68635,19,52,58,,,1939-06-01
Unknown,342,79046,29,73,52,,,1939-09-01
Climate Change,66,86234,20,75,27,,,1939-08-01
Deforestation,12,91180,18,25,32,,,1939-06-01
Climate Change,492,46204,49,53,44,,,1939-09-01
Lightning,297,62748,42,65,15,,,1939-05-01
Unknown,57,35461,47,28,21,,,1939-08-01
Deforestation,490,3969,21,40,39,,,1939-09-01
Unknown,147,23546,43,48,16,,,1939-08-01
Human,497,74190,35,19,15,,,1939-09-01
Lightning,496,69234,18,31,54,,,1939-06-01
Climate Change,323,75820,21,46,5,,,1939-08-01
Human,137,44078,42,84,42,,,1939-09-01
Lightning,482,7143,17,25,44,,,1939-10-01
Unknown,342,69100,42,30,4,,,1939-09-01
Human,104,355,31,67,56,,,1940-05-01
Deforestation,109,67496,33,32,4,,,1940-06-01
Climate Change,264,32699,25,41,66,,,1940-10-01
Human,405,54745,17,30,54,,,1940-05-01
Unknown,283,93549,39,68,23,,,1940-06-01
Human,109,4891,24,24,48,,,1940-07-01
Lightning,441,51045,33,66,13,,,1940-09-01
Climate Change,31,27776,15,64,58,,,1940-06-01
Unknown,375,65269,48,93,61,,,1940-07-01
Deforestation,235,54315,36,37,39,,,1940-06-01
Deforestation,498,86918,17,87,11,,,1940-09-01
Lightning,147,92654,38,81,5,,,1940-07-01
Climate Change,461,90309,21,5,61,,,1940-09-01
Deforestation,144,96399,28,38,26,,,1940-06-01
Lightning,136,92119,30,14,67,,,1940-09-01
Deforestation,471,63465,22,82,11,,,1940-07-01
Lightning,170,38528,33,32,27,,,1940-07-01
Lightning,179,17818,17,11,56,,,1940-06-01
Human,23,11519,42,23,21,,,1940-06-01
Deforestation,337,5774,29,21,55,,,1940-09-01
Climate Change,32,44391,48,48,43,,,1940-06-01
Unknown,400,66654,24,90,68,,,1940-05-01
Unknown,204,50231,49,85,11,,,1940-08-01
Human,106,46108,36,41,65,,,1940-10-01
Climate Change,226,33742,48,64,49,,,1940-10-01
Deforestation,231,86989,22,37,45,,,1940-09-01
Human,480,79112,31,92,22,,,1940-09-01
Human,291,70607,44,80,45,,,1940-06-01
Human,311,10460,38,28,61,,,1941-08-01
Lightning,17,33470,22,68,21,,,1941-07-01
Unknown,75,78513,16,47,9,,,1941-05-01
Unknown,217,72402,49,27,47,,,1941-09-01
Climate Change,19,34533,26,68,53,,,1941-10-01
Deforestation,455,45480,33,6,45,,,1941-08-01
Unknown,452,55348,41,58,68,,,1941-09-01
Human,106,90843,36,52,40,,,1941-08-01
Unknown,25,51457,45,30,23,,,1941-10-01
Climate Change,261,94984,35,50,10,,,1941-09-01
Deforestation,51,89400,36,16,65,,,1941-05-01
Lightning,313,97523,19,77,47,,,1941-10-01
Lightning,432,73250,44,56,27,,,1941-10-01
Climate Change,369,29814,49,57,59,,,1941-09-01
Lightning,20,79220,46,56,21,,,1941-09-01
Lightning,472,83556,43,87,45,,,1941-06-01
Unknown,368,49813,28,9,42,,,1941-10-01
Climate Change,384,77107,21,84,28,,,1941-06-01
Human,82,81167,47,48,21,,,1941-10-01
Deforestation,371,13831,43,28,55,,,1941-09-01
Deforestation,334,33715,46,49,62,,,1941-10-01
Deforestation,220,75160,26,60,28,,,1941-10-01
Climate Change,322,97653,27,34,50,,,1941-10-01
Unknown,120,97797,44,29,67,,,1941-05-01
Deforestation,406,75368,32,36,22,,,1941-08-01
Climate Change,41,24340,31,13,45,,,1941-06-01
Climate Change,50,93675,33,67,47,,,1941-10-01
Deforestation,98,21546,40,50,47,,,1941-05-01
Deforestation,18,47800,42,33,19,,,1942-07-01
Lightning,337,65455,19,79,60,,,1942-07-01
Lightning,319,43346,45,17,34,,,1942-07-01
Unknown,450,16306,20,93,16,,,1942-05-01
Unknown,316,92579,44,38,57,,,1942-08-01
Human,235,99287,22,82,34,,,1942-08-01
Human,315,64175,16,17,5,,,1942-09-01
Deforestation,438,95891,28,34,30,,,1942-08-01
Lightning,45,46153,16,59,57,,,1942-08-01
Human,138,11085,39,65,13,,,1942-10-01
Unknown,17,93430,39,63,38,,,1942-05-01
Deforestation,276,71260,37,18,7,,,1942-05-01
Deforestation,283,44959,26,17,7,,,1942-05-01
Climate Change,388,50455,22,38,61,,,1942-10-01
Climate Change,487,3193,36,9,14,,,1942-05-01
Climate Change,88,13380,37,28,8,,,1942-08-01
Lightning,297,91815,36,9,65,,,1942-10-01
Unknown,494,55897,29,77,54,,,1942-06-01
Climate Change,93,67796,23,42,23,,,1942-05-01
Unknown,347,90132,43,19,66,,,1942-07-01
Human,418,29303,36,81,8,,,1942-10-01
Human,177,86990,39,84,12,,,1942-08-01
Deforestation,384,53314,46,54,18,,,1942-08-01
Deforestation,389,69632,18,91,29,,,1942-07-01
Human,441,6864,27,56,59,,,1942-08-01
Climate Change,83,21039,29,38,18,,,1942-09-01
Deforestation,24,31788,19,91,34,,,1942-05-01
Human,380,62257,33,5,14,,,1942-10-01
Deforestation,415,17961,20,27,11,,,1943-10-01
Unknown,407,17983,34,87,43,,,1943-07-01
Unknown,61,31557,21,75,51,,,1943-07-01
Deforestation,30,6653,23,65,21,,,1943-08-01
Human,241,75669,36,17,13,,,1943-06-01
Climate Change,325,96067,36,22,67,,,1943-06-01
Lightning,269,92198,35,30,35,,,1943-08-01
Deforestation,308,36634,28,44,16,,,1943-06-01
Deforestation,249,57283,29,57,65,,,1943-05-01
Lightning,84,71795,27,51,10,,,1943-08-01
Climate Change,213,5694,36,68,25,,,1943-06-01
Human,436,17775,27,91,46,,,1943-06-01
Lightning,231,64914,19,81,6,,,1943-06-01
Climate Change,356,99158,38,22,22,,,1943-08-01
Climate Change,398,68347,39,64,58,,,1943-10-01
Unknown,388,50170,48,74,29,,,1943-07-01
Lightning,171,36749,38,21,66,,,1943-07-01
Climate Change,73,18140,43,16,48,,,1943-10-01
Unknown,116,77822,33,63,9,,,1943-07-01
Climate Change,307,3941,44,43,46,,,1943-08-01
Deforestation,170,4400,24,63,56,,,1943-05-01
Unknown,213,76916,19,64,24,,,1943-08-01
Unknown,312,88813,47,47,27,,,1943-10-01
Deforestation,308,50560,32,64,22,,,1943-06-01
Human,391,41035,16,70,43,,,1943-10-01
Unknown,166,86669,47,72,46,,,1943-08-01
Lightning,335,59104,19,93,50,,,1943-08-01
Human,297,42245,20,22,20,,,1943-08-01
Unknown,44,28020,49,46,66,,,1944-10-01
Climate Change,313,20202,38,32,63,,,1944-09-01
Unknown,277,84296,17,41,16,,,1944-07-01
Climate Change,436,69867,17,69,32,,,1944-07-01
Human,122,49917,48,13,63,,,1944-05-01
Human,17,95912,27,5,48,,,1944-07-01
Unknown,232,4130,24,32,7,,,1944-08-01
Unknown,252,36591,17,50,16,,,1944-07-01
Deforestation,402,85715,17,90,20,,,1944-08-01
Climate Change,464,33817,24,37,14,,,1944-07-01
Deforestation,439,92547,38,39,41,,,1944-07-01
Lightning,113,57871,49,72,34,,,1944-10-01
Deforestation,316,56327,33,47,13,,,1944-09-01
Unknown,74,11619,41,45,26,,,1944-07-01
Unknown,263,69815,37,52,68,,,1944-06-01
Unknown,476,72398,25,31,22,,,1944-06-01
Climate Change,244,33749,36,39,48,,,1944-08-01
Lightning,416,48721,45,64,38,,,1944-10-01
Deforestation,18,31804,37,33,48,,,1944-09-01
Unknown,119,72893,33,31,16,,,1944-10-01
Human,263,64365,33,15,49,,,1944-07-01
Lightning,329,89507,28,54,27,,,1944-09-01
Climate Change,395,35298,18,52,18,,,1944-09-01
Climate Change,330,73651,24,40,30,,,1944-08-01
Lightning,8,47247,27,50,34,,,1944-10-01
Human,468,21426,19,74,68,,,1944-09-01
Unknown,488,70660,47,35,22,,,1944-08-01
Climate Change,479,35499,46,30,67,,,1944-07-01
Deforestation,282,628,18,41,39,,,1945-08-01
Lightning,5,80892,38,57,57,,,1945-07-01
Climate Change,12,22046,41,56,19,,,1945-05-01
Lightning,346,8563,19,86,4,,,1945-07-01
Deforestation,122,41652,21,54,15,,,1945-07-01
Human,492,27026,41,33,58,,,1945-10-01
Unknown,393,90432,20,6,44,,,1945-09-01
Deforestation,60,10304,39,13,4,,,1945-08-01
Deforestation,180,35086,46,5,58,,,1945-06-01
Deforestation,250,98547,25,94,56,,,1945-09-01
Lightning,350,42648,23,64,60,,,1945-05-01
Lightning,154,27499,41,43,26,,,1945-08-01
Unknown,345,75387,33,54,67,,,1945-10-01
Lightning,57,6147,46,52,40,,,1945-10-01
Climate Change,371,96459,26,12,27,,,1945-06-01
Deforestation,47,3094,32,67,50,,,1945-08-01
Human,159,47706,21,94,8,,,1945-07-01
Lightning,497,55021,21,89,54,,,1945-07-01
Deforestation,105,8988,36,31,55,,,1945-10-01
Deforestation,8,99515,17,7,29,,,1945-05-01
Human,419,86253,36,25,54,,,1945-05-01
Human,464,98713,34,53,8,,,1945-10-01
Climate Change,52,42560,17,6,17,,,1945-09-01
Climate Change,362,81641,21,9,57,,,1945-10-01
Human,387,9859,27,34,26,,,1945-06-01
Climate Change,320,21150,42,62,21,,,1945-09-01
Unknown,393,52021,25,58,46,,,1945-06-01
Lightning,297,66399,28,52,24,,,1945-10-01
Unknown,344,61842,46,30,54,,,1946-10-01
Unknown,184,59868,22,44,23,,,1946-10-01
Unknown,124,29024,24,29,32,,,1946-07-01
Human,223,3764,45,94,22,,,1946-09-01
Unknown,453,32999,40,8,10,,,1946-08-01
Unknown,119,81296,19,27,17,,,1946-10-01
Human,489,67243,30,9,8,,,1946-10-01
Climate Change,69,34229,17,28,11,,,1946-07-01
Deforestation,465,92051,37,85,17,,,1946-05-01
Unknown,300,35426,38,73,46,,,1946-09-01
Climate Change,224,25694,16,43,22,,,1946-10-01
Unknown,255,15001,31,41,39,,,1946-09-01
Deforestation,438,48804,45,47,49,,,1946-10-01
Human,387,34612,25,88,11,,,1946-06-01
Unknown,308,72244,27,48,48,,,1946-09-01
Unknown,57,1853,27,80,45,,,1946-07-01
Human,6,62920,48,91,59,,,1946-08-01
Climate Change,184,16976,49,79,49,,,1946-10-01
Human,375,86702,28,13,49,,,1946-05-01
Unknown,225,9795,32,64,64,,,1946-07-01
Lightning,219,44506,26,44,20,,,1946-09-01
Lightning,455,56341,19,46,6,,,1946-05-01
Unknown,345,37277,22,35,13,,,1946-06-01
Deforestation,354,45089,40,37,27,,,1946-09-01
Human,360,90891,29,5,12,,,1946-06-01
Unknown,69,16450,30,26,19,,,1946-06-01
Deforestation,290,50285,35,84,7,,,1946-05-01
Climate Change,301,49422,27,22,59,,,1946-07-01
Deforestation,64,91835,18,26,25,,,1947-10-01
Lightning,78,49931,31,91,31,,,1947-09-01
Lightning,153,27553,27,80,10,,,1947-06-01
Climate Change,299,32635,48,65,42,,,1947-08-01
Unknown,339,72597,22,49,29,,,1947-09-01
Lightning,31,95524,31,66,63,,,1947-07-01
Unknown,286,90844,35,51,49,,,1947-10-01
Deforestation,17,55368,46,39,20,,,1947-05-01
Human,180,52281,18,49,20,,,1947-10-01
Lightning,326,50226,25,49,68,,,1947-09-01
Climate Change,263,63497,33,44,51,,,1947-09-01
Human,284,51643,24,70,45,,,1947-07-01
Deforestation,198,93432,43,11,54,,,1947-10-01
Unknown,283,28100,24,83,25,,,1947-09-01
Climate Change,179,4941,17,70,7,,,1947-06-01
Deforestation,77,17543,17,92,43,,,1947-09-01
Deforestation,48,32310,20,87,27,,,1947-09-01
Lightning,25,32071,44,31,21,,,1947-10-01
Climate Change,99,46970,31,8,15,,,1947-06-01
Deforestation,384,73840,40,94,48,,,1947-08-01
Human,389,43003,49,18,68,,,1947-07-01
Deforestation,435,30205,18,40,52,,,1947-09-01
Human,261,58315,21,56,12,,,1947-07-01
Unknown,146,7353,24,28,62,,,1947-07-01
Human,22,38585,31,62,14,,,1947-10-01
Climate Change,361,21609,21,29,12,,,1947-06-01
Climate Change,18,62288,24,54,6,,,1947-08-01
Unknown,201,94685,38,61,27,,,1947-10-01
Unknown,148,87199,26,79,4,,,1948-10-01
Climate Change,452,24609,20,23,19,,,1948-08-01
Deforestation,489,61868,22,42,69,,,1948-07-01
Human,176,38722,30,67,43,,,1948-08-01
Climate Change,338,4706,21,80,38,,,1948-10-01
Deforestation,392,66277,17,72,63,,,1948-06-01
Human,21,68979,23,63,10,,,1948-05-01
Lightning,123,18930,25,15,9,,,1948-08-01
Deforestation,185,21495,22,38,58,,,1948-10-01
Lightning,124,54518,28,85,38,,,1948-09-01
Unknown,397,99229,42,54,21,,,1948-08-01
Deforestation,424,71128,22,36,2,,,1948-05-01
Lightning,141,27024,46,49,10,,,1948-05-01
Unknown,88,4196,19,67,37,,,1948-10-01
Unknown,338,77100,28,93,69,,,1948-05-01
Lightning,206,15430,27,72,44,,,1948-05-01
Lightning,424,22107,22,31,38,,,1948-05-01
Unknown,157,16573,29,78,17,,,1948-08-01
Deforestation,161,60631,32,62,45,,,1948-07-01
Lightning,20,27684,29,32,66,,,1948-05-01
Climate Change,110,42361,27,69,17,,,1948-09-01
Deforestation,90,46211,29,62,47,,,1948-05-01
Unknown,110,33368,15,85,56,,,1948-08-01
Unknown,189,85077,21,77,27,,,1948-07-01
Climate Change,144,74922,28,6,34,,,1948-09-01
Lightning,266,72023,28,41,9,,,1948-05-01
Unknown,401,65742,32,61,39,,,1948-09-01
Human,198,5680,42,62,34,,,1948-10-01
Lightning,162,39115,36,73,49,,,1949-06-01
Lightning,84,43248,45,43,64,,,1949-07-01
Lightning,400,49585,41,32,53,,,1949-09-01
Human,446,17216,40,32,37,,,1949-09-01
Unknown,179,64918,46,71,58,,,1949-05-01
Unknown,376,78753,46,60,24,,,1949-10-01
Deforestation,468,85547,44,62,23,,,1949-05-01
Deforestation,277,27487,29,52,33,,,1949-08-01
Human,473,91915,41,20,29,,,1949-09-01
Unknown,115,24211,47,37,24,,,1949-06-01
Human,259,7997,30,43,46,,,1949-08-01
Climate Change,341,16367,46,60,25,,,1949-10-01
Unknown,273,65627,29,60,54,,,1949-08-01
Unknown,186,16517,16,30,52,,,1949-08-01
Unknown,344,23501,34,79,62,,,1949-06-01
Deforestation,301,83351,32,53,28,,,1949-09-01
Unknown,334,93349,42,70,62,,,1949-10-01
Deforestation,329,2773,24,47,60,,,1949-10-01
Human,19,50506,21,24,36,,,1949-06-01
Deforestation,249,35897,18,28,40,,,1949-06-01
Human,186,13322,33,52,36,,,1949-08-01
Human,51,5475,49,21,43,,,1949-10-01
Human,458,47071,31,18,25,,,1949-09-01
Climate Change,310,43932,46,40,38,,,1949-05-01
Deforestation,415,2782,45,77,45,,,1949-10-01
Unknown,52,72825,31,76,47,,,1949-08-01
Deforestation,422,21870,35,14,27,,,1949-07-01
Unknown,140,28490,22,38,17,,,1949-07-01
Unknown,401,18106,41,26,28,,,1950-05-01
Human,113,92003,40,87,31,,,1950-06-01
Climate Change,12,2953,31,69,68,,,1950-09-01
Deforestation,350,90766,22,39,40,,,1950-10-01
Human,311,35943,30,81,52,,,1950-08-01
Unknown,315,33143,48,58,35,,,1950-09-01
Lightning,405,42940,22,83,46,,,1950-07-01
Unknown,276,80240,16,51,20,,,1950-09-01
Unknown,169,15325,36,59,35,,,1950-09-01
Human,267,72422,16,84,26,,,1950-07-01
Human,467,61810,32,24,63,,,1950-08-01
Unknown,212,81034,46,77,28,,,1950-05-01
Lightning,184,50372,31,53,24,,,1950-10-01
Human,332,4080,34,90,53,,,1950-06-01
Lightning,167,32422,47,50,46,,,1950-05-01
Deforestation,226,72634,28,70,40,,,1950-07-01
Deforestation,22,57897,46,25,41,,,1950-05-01
Human,31,76389,30,43,57,,,1950-08-01
Lightning,387,86640,28,60,29,,,1950-07-01
Human,452,75035,18,61,31,,,1950-06-01
Lightning,50,61186,27,58,9,,,1950-08-01
Climate Change,176,1008,34,82,33,,,1950-09-01
Human,182,42203,18,25,19,,,1950-08-01
Unknown,298,86167,35,20,17,,,1950-09-01
Human,405,76076,49,56,13,,,1950-07-01
Deforestation,52,40825,29,5,67,,,1950-07-01
Deforestation,29,56163,23,77,52,,,1950-10-01
Lightning,19,78613,25,42,41,,,1950-09-01
Lightning,119,10323,31,11,40,,,1951-06-01
Unknown,295,48022,45,93,14,,,1951-08-01
Human,409,74195,22,52,44,,,1951-06-01
Deforestation,185,82616,33,27,51,,,1951-08-01
Unknown,303,48326,19,45,12,,,1951-07-01
Human,473,34327,22,11,67,,,1951-09-01
Climate Change,81,82081,34,37,30,,,1951-10-01
Lightning,83,89722,17,49,9,,,1951-06-01
Lightning,377,65408,15,24,53,,,1951-10-01
Deforestation,297,94891,49,10,61,,,1951-09-01
Climate Change,432,81078,32,69,26,,,1951-09-01
Lightning,395,74255,43,48,37,,,1951-07-01
Human,266,61436,34,78,38,,,1951-07-01
Lightning,17,17379,35,28,45,,,1951-07-01
Human,358,28575,16,60,31,,,1951-06-01
Deforestation,242,6958,31,17,17,,,1951-10-01
Deforestation,49,54692,20,24,64,,,1951-05-01
Lightning,109,58941,26,66,43,,,1951-09-01
Climate Change,457,37405,41,32,27,,,1951-07-01
Lightning,120,56724,35,5,59,,,1951-07-01
Human,30,49207,27,37,7,,,1951-05-01
Deforestation,162,95025,45,10,12,,,1951-08-01
Lightning,272,67673,49,40,18,,,1951-09-01
Deforestation,224,66041,38,71,31,,,1951-08-01
Climate Change,254,37797,28,45,52,,,1951-10-01
Unknown,355,12221,26,86,10,,,1951-08-01
Human,217,99987,38,76,34,,,1951-05-01
Human,58,36760,28,82,50,,,1951-09-01
Lightning,126,3615,40,69,33,,,1952-10-01
Climate Change,467,99159,32,64,14,,,1952-05-01
Unknown,390,21430,39,54,15,,,1952-10-01
Lightning,80,27319,44,45,58,,,1952-10-01
Human,168,78755,48,20,15,,,1952-06-01
Human,372,90279,34,82,41,,,1952-06-01
Climate Change,29,93926,40,44,39,,,1952-05-01
Deforestation,456,4970,49,37,34,,,1952-10-01
Human,42,69101,42,82,39,,,1952-10-01
Human,409,19647,20,45,16,,,1952-08-01
Deforestation,391,76686,28,70,30,,,1952-08-01
Unknown,158,91350,16,21,36,,,1952-08-01
Human,372,23865,35,19,36,,,1952-06-01
Climate Change,345,81848,46,9,19,,,1952-10-01
Unknown,76,11855,48,78,52,,,1952-09-01
Human,253,17275,48,79,24,,,1952-05-01
Lightning,90,38030,34,81,66,,,1952-08-01
Unknown,328,3911,16,32,27,,,1952-08-01
Deforestation,95,55785,49,78,54,,,1952-08-01
Unknown,258,47936,18,9,69,,,1952-05-01
Human,127,46864,28,15,30,,,1952-08-01
Deforestation,218,3547,40,47,37,,,1952-06-01
Deforestation,404,42313,46,10,57,,,1952-09-01
Deforestation,287,37930,39,50,42,,,1952-10-01
Unknown,346,87285,37,55,40,,,1952-05-01
Lightning,270,16045,27,58,30,,,1952-05-01
Human,429,3152,27,41,15,,,1952-10-01
Deforestation,77,97195,47,75,20,,,1952-09-01
Human,466,74389,33,55,55,,,1953-06-01
Unknown,350,7348,33,31,49,,,1953-07-01
Human,253,76022,21,33,44,,,1953-08-01
Deforestation,98,83924,22,46,43,,,1953-09-01
Lightning,158,95605,34,20,4,,,1953-09-01
Lightning,479,48050,48,49,23,,,1953-10-01
Unknown,450,96468,37,64,56,,,1953-07-01
Human,212,18715,40,53,64,,,1953-09-01
Human,77,70578,15,73,57,,,1953-09-01
Unknown,240,82729,40,32,41,,,1953-05-01
Deforestation,31,60711,35,68,31,,,1953-10-01
Unknown,103,16358,41,34,39,,,1953-06-01
Lightning,64,21897,43,64,22,,,1953-09-01
Lightning,493,73302,26,79,2,,,1953-05-01
Climate Change,263,13666,37,13,56,,,1953-06-01
Deforestation,376,22433,41,43,28,,,1953-10-01
Unknown,294,17284,45,54,21,,,1953-10-01
Climate Change,355,36125,23,13,64,,,1953-07-01
Lightning,388,53113,40,18,39,,,1953-09-01
Climate Change,140,92743,42,50,49,,,1953-06-01
Human,88,53890,21,12,3,,,1953-10-01
Climate Change,56,87184,31,42,7,,,1953-05-01
Climate Change,183,48428,36,34,3,,,1953-08-01
Climate Change,40,93099,23,69,51,,,1953-06-01
Climate Change,47,18400,33,13,38,,,1953-06-01
Human,96,18327,38,32,37,,,1953-07-01
Unknown,324,71174,28,43,9,,,1953-08-01
Lightning,275,1386,31,90,65,,,1953-08-01
Climate Change,214,54683,30,73,3,,,1954-08-01
Human,352,60764,41,35,42,,,1954-08-01
Lightning,51,3492,43,5,58,,,1954-08-01
Lightning,32,87993,36,45,20,,,1954-06-01
Deforestation,182,48040,48,43,8,,,1954-05-01
Unknown,361,36050,29,28,27,,,1954-08-01
Lightning,222,37969,24,21,3,,,1954-09-01
Lightning,31,1811,23,90,24,,,1954-09-01
Climate Change,31,76859,31,88,44,,,1954-05-01
Unknown,343,96290,21,74,26,,,1954-08-01
Human,63,11248,31,90,63,,,1954-05-01
Unknown,433,50933,16,70,15,,,1954-05-01
Unknown,249,41883,46,59,29,,,1954-09-01
Lightning,221,12903,17,5,18,,,1954-10-01
Climate Change,52,56481,33,38,50,,,1954-10-01
Deforestation,435,22602,39,30,57,,,1954-06-01
Human,274,32049,18,83,33,,,1954-10-01
Human,338,27485,34,78,11,,,1954-06-01
Climate Change,220,27013,42,31,41,,,1954-07-01
Unknown,131,45444,21,13,17,,,1954-05-01
Deforestation,358,94175,39,61,52,,,1954-09-01
Deforestation,388,78843,31,41,14,,,1954-09-01
Human,479,2487,46,12,57,,,1954-10-01
Unknown,108,90550,35,90,43,,,1954-09-01
Human,462,86579,31,34,27,,,1954-06-01
Deforestation,385,22353,35,21,47,,,1954-09-01
Climate Change,441,74955,33,75,66,,,1954-09-01
Lightning,381,26537,16,63,6,,,1954-09-01
Deforestation,291,11567,44,52,7,,,1955-09-01
Unknown,276,16304,45,38,65,,,1955-09-01
Deforestation,135,44140,25,29,43,,,1955-09-01
Climate Change,178,94366,24,26,30,,,1955-06-01
Deforestation,65,99083,15,69,63,,,1955-05-01
Climate Change,107,15775,36,94,54,,,1955-10-01
Lightning,164,93421,45,16,39,,,1955-10-01
Climate Change,198,43415,25,29,36,,,1955-07-01
Deforestation,282,5128,46,76,65,,,1955-07-01
Lightning,110,68199,18,24,10,,,1955-08-01
Unknown,362,7804,33,18,22,,,1955-06-01
Human,297,6741,21,18,7,,,1955-07-01
Lightning,19,17323,15,73,21,,,1955-09-01
Lightning,246,94693,28,9,6,,,1955-06-01
Unknown,207,81108,29,23,65,,,1955-09-01
Human,166,43419,26,93,57,,,1955-10-01
Lightning,206,58460,32,49,57,,,1955-05-01
Human,62,21811,21,80,11,,,1955-06-01
Climate Change,345,79030,49,74,15,,,1955-09-01
Climate Change,497,81013,49,56,39,,,1955-08-01
Unknown,476,6214,33,72,67,,,1955-08-01
Climate Change,450,3677,44,34,52,,,1955-09-01
Human,348,84815,24,86,20,,,1955-10-01
Human,407,40763,37,56,5,,,1955-05-01
Human,264,35944,37,65,56,,,1955-10-01
Unknown,17,59121,22,29,45,,,1955-07-01
Unknown,342,39533,28,19,17,,,1955-08-01
Lightning,162,15489,45,81,21,,,1955-06-01
Lightning,374,4742,47,65,56,,,1956-05-01
Climate Change,12,25827,21,6,7,,,1956-07-01
Unknown,244,85197,46,49,43,,,1956-08-01
Deforestation,370,34412,37,79,50,,,1956-09-01
Lightning,199,59502,49,19,32,,,1956-06-01
Human,450,4607,34,29,2,,,1956-08-01
Lightning,201,15405,48,70,19,,,1956-07-01
Lightning,247,89463,25,66,33,,,1956-09-01
Unknown,182,22625,24,90,23,,,1956-06-01
Unknown,471,23604,46,56,37,,,1956-07-01
Human,338,5639,35,68,62,,,1956-08-01
Unknown,482,36034,45,31,59,,,1956-06-01
Climate Change,413,76968,41,12,10,,,1956-05-01
Deforestation,253,81612,29,41,40,,,1956-08-01
Unknown,215,30108,31,23,64,,,1956-10-01
Deforestation,339,89709,37,71,63,,,1956-07-01
Deforestation,150,84220,34,62,51,,,1956-07-01
Climate Change,339,32621,43,14,14,,,1956-05-01
Unknown,219,58434,17,89,54,,,1956-06-01
Human,328,4388,47,74,8,,,1956-06-01
Deforestation,176,1700,40,48,13,,,1956-07-01
Unknown,337,62905,34,42,60,,,1956-10-01
Climate Change,56,39523,48,43,42,,,1956-06-01
Human,368,6920,29,36,9,,,1956-05-01
Human,22,83520,19,86,37,,,1956-05-01
Lightning,411,82024,38,21,23,,,1956-05-01
Lightning,19,85845,39,57,22,,,1956-09-01
Unknown,454,66936,33,70,15,,,1956-10-01
Deforestation,294,80391,23,75,31,,,1957-08-01
Unknown,479,62498,49,17,47,,,1957-09-01
Unknown,497,8025,17,23,29,,,1957-05-01
Human,497,97258,26,18,47,,,1957-05-01
Unknown,275,14742,22,73,63,,,1957-07-01
Unknown,67,19623,38,10,58,,,1957-07-01
Climate Change,487,47410,17,79,4,,,1957-10-01
Deforestation,334,67012,24,37,68,,,1957-08-01
Climate Change,144,72079,38,48,58,,,1957-09-01
Unknown,489,94171,35,80,52,,,1957-09-01
Climate Change,64,90646,20,77,66,,,1957-09-01
Human,190,68273,36,38,57,,,1957-08-01
Unknown,263,4621,35,6,57,,,1957-07-01
Unknown,91,61277,44,82,38,,,1957-06-01
Unknown,38,87244,36,35,8,,,1957-05-01
Unknown,153,19827,33,52,12,,,1957-05-01
Unknown,246,11664,37,19,45,,,1957-09-01
Human,356,42285,35,55,59,,,1957-07-01
Lightning,348,68717,45,15,17,,,1957-05-01
Human,205,74742,40,12,25,,,1957-09-01
Lightning,371,36609,36,59,63,,,1957-07-01
Climate Change,308,41191,22,5,48,,,1957-08-01
Climate Change,249,17710,38,51,19,,,1957-08-01
Climate Change,416,34864,44,5,47,,,1957-08-01
Deforestation,35,85801,39,32,17,,,1957-09-01
Lightning,441,50613,37,31,18,,,1957-10-01
Deforestation,182,25611,31,65,51,,,1957-09-01
Unknown,94,51642,22,59,59,,,1957-06-01
Climate Change,204,98806,37,36,11,,,1958-09-01
Climate Change,181,4644,17,55,12,,,1958-07-01
Deforestation,86,3433,19,13,29,,,1958-10-01
Climate Change,480,37950,35,66,47,,,1958-07-01
Deforestation,170,8596,31,43,31,,,1958-10-01
Deforestation,5,19459,22,73,31,,,1958-09-01
Deforestation,12,42964,44,83,37,,,1958-07-01
Climate Change,159,15897,30,48,28,,,1958-08-01
Deforestation,257,27098,29,32,8,,,1958-09-01
Lightning,246,11985,34,42,62,,,1958-10-01
Unknown,62,80394,32,54,53,,,1958-06-01
Climate Change,375,97017,35,70,44,,,1958-10-01
Human,155,30512,23,11,42,,,1958-06-01
Unknown,69,40549,28,36,3,,,1958-10-01
Unknown,247,21795,39,53,9,,,1958-06-01
Climate Change,195,67601,37,36,9,,,1958-08-01
Deforestation,20,50381,32,39,53,,,1958-09-01
Lightning,351,21684,45,65,65,,,1958-09-01
Deforestation,365,62597,17,21,47,,,1958-09-01
Climate Change,295,39123,18,65,18,,,1958-10-01
Lightning,182,59325,32,63,28,,,1958-08-01
Unknown,270,41391,25,88,52,,,1958-06-01
Unknown,287,85286,44,13,54,,,1958-05-01
Human,314,6920,18,68,52,,,1958-09-01
Unknown,460,53343,37,83,32,,,1958-07-01
Lightning,318,93530,32,8,23,,,1958-10-01
Human,339,67270,28,52,66,,,1958-07-01
Lightning,245,21629,30,42,11,,,1958-09-01
Unknown,297,19263,34,53,15,,,1959-06-01
Unknown,167,77184,32,48,67,,,1959-10-01
Lightning,447,6516,32,26,59,,,1959-06-01
Climate Change,5,88379,39,35,32,,,1959-09-01
Unknown,407,18328,24,26,24,,,1959-06-01
Lightning,219,90610,17,91,21,,,1959-08-01
Human,113,66187,22,22,42,,,1959-09-01
Climate Change,415,40178,19,77,8,,,1959-10-01
Lightning,472,39021,18,28,42,,,1959-05-01
Deforestation,405,26832,21,77,13,,,1959-05-01
Climate Change,263,62898,24,37,47,,,1959-09-01
Human,312,21259,18,72,30,,,1959-07-01
Unknown,194,96159,34,45,66,,,1959-09-01
Lightning,452,90034,34,41,65,,,1959-10-01
Deforestation,346,87173,31,66,25,,,1959-07-01
Deforestation,369,35516,29,54,30,,,1959-07-01
Human,36,85178,28,72,65,,,1959-06-01
Unknown,32,90481,48,81,40,,,1959-08-01
Human,196,9404,42,21,56,,,1959-08-01
Deforestation,84,2793,17,45,61,,,1959-06-01
Climate Change,302,66007,31,75,29,,,1959-09-01
Human,17,39519,29,40,16,,,1959-10-01
Unknown,121,39342,49,56,11,,,1959-10-01
Climate Change,177,63069,43,27,58,,,1959-10-01
Deforestation,25,211,24,80,31,,,1959-06-01
Lightning,311,41220,28,26,65,,,1959-09-01
Deforestation,389,86612,29,40,48,,,1959-09-01
Lightning,218,89219,47,43,24,,,1959-10-01
Lightning,187,7269,43,71,37,,,1960-07-01
Human,379,25096,37,49,17,,,1960-09-01
Lightning,310,54052,29,52,50,,,1960-06-01
Unknown,176,30573,20,12,46,,,1960-05-01
Lightning,228,6934,18,43,25,,,1960-06-01
Lightning,285,88967,26,5,51,,,1960-06-01
Deforestation,212,12520,18,10,27,,,1960-05-01
Human,107,98011,28,59,10,,,1960-05-01
Climate Change,182,41698,34,76,22,,,1960-09-01
Climate Change,109,18166,45,10,5,,,1960-05-01
Deforestation,353,77965,15,59,16,,,1960-07-01
Human,178,56477,33,43,4,,,1960-09-01
Human,295,70493,43,54,63,,,1960-10-01
Deforestation,378,73329,42,62,31,,,1960-08-01
Climate Change,395,92938,49,56,15,,,1960-06-01
Climate Change,296,27838,36,76,16,,,1960-09-01
Unknown,73,4899,25,22,43,,,1960-05-01
Climate Change,34,60658,30,77,35,,,1960-05-01
Human,273,88830,19,90,32,,,1960-07-01
Deforestation,290,21752,20,36,43,,,1960-07-01
Deforestation,194,11580,36,92,40,,,1960-09-01
Lightning,418,3106,46,35,41,,,1960-10-01
Lightning,195,31239,27,14,33,,,1960-05-01
Lightning,168,70143,22,84,2,,,1960-05-01
Human,385,15919,42,49,59,,,1960-10-01
Deforestation,389,20611,38,78,37,,,1960-05-01
Deforestation,256,98517,24,87,46,,,1960-05-01
Climate Change,97,63527,43,85,11,,,1960-06-01
Unknown,377,58700,45,25,61,,,1961-07-01
Climate Change,318,22540,40,55,37,,,1961-07-01
Deforestation,213,15254,28,53,2,,,1961-08-01
Lightning,149,14419,48,18,60,,,1961-05-01
Human,263,58309,16,38,10,,,1961-05-01
Climate Change,88,8824,39,48,26,,,1961-10-01
Unknown,107,70433,40,61,38,,,1961-05-01
Lightning,336,89851,34,13,30,,,1961-09-01
Deforestation,152,24122,41,89,45,,,1961-07-01
Lightning,117,3626,37,19,14,,,1961-07-01
Human,136,97179,48,38,18,,,1961-08-01
Deforestation,274,76037,27,59,67,,,1961-08-01
Unknown,121,32648,26,30,62,,,1961-06-01
Lightning,327,88759,32,57,64,,,1961-08-01
Deforestation,287,66946,15,10,12,,,1961-09-01
Climate Change,491,22583,35,89,19,,,1961-06-01
Climate Change,279,94567,32,33,26,,,1961-09-01
Deforestation,258,52258,33,53,66,,,1961-09-01
Human,343,67607,31,25,16,,,1961-10-01
Human,491,61843,18,49,33,,,1961-06-01
Human,249,10276,21,77,66,,,1961-08-01
Lightning,314,44258,23,72,24,,,1961-06-01
Deforestation,367,51024,22,29,36,,,1961-10-01
Unknown,278,45042,31,73,16,,,1961-05-01
Lightning,498,79414,19,52,27,,,1961-06-01
Climate Change,368,2465,23,24,58,,,1961-10-01
Human,156,52431,34,64,49,,,1961-09-01
Climate Change,368,6572,31,18,20,,,1961-10-01
Unknown,199,7108,46,15,3,,,1962-07-01
Human,385,43252,42,44,47,,,1962-06-01
Climate Change,264,33801,33,33,36,,,1962-09-01
Unknown,74,4574,22,59,67,,,1962-08-01
Climate Change,428,16220,45,52,62,,,1962-09-01
Climate Change,170,46727,27,41,48,,,1962-08-01
Lightning,492,49706,44,22,19,,,1962-06-01
Lightning,334,77761,21,11,66,,,1962-10-01
Human,22,79344,22,78,33,,,1962-10-01
Human,106,80306,34,19,7,,,1962-05-01
Climate Change,125,68002,29,86,14,,,1962-10-01
Human,480,20526,15,93,67,,,1962-10-01
Human,36,68848,46,60,25,,,1962-10-01
Climate Change,264,16187,48,25,31,,,1962-07-01
Deforestation,152,13043,39,27,60,,,1962-06-01
Human,357,33266,48,85,53,,,1962-05-01
Unknown,173,50959,27,72,8,,,1962-06-01
Human,13,56890,47,88,5,,,1962-10-01
Deforestation,110,34693,35,92,65,,,1962-05-01
Human,315,61164,35,64,14,,,1962-05-01
Unknown,456,52814,21,30,25,,,1962-07-01
Climate Change,270,52040,33,55,20,,,1962-07-01
Climate Change,312,11065,44,50,22,,,1962-08-01
Lightning,384,49992,32,63,49,,,1962-07-01
Climate Change,219,37217,37,57,26,,,1962-08-01
Climate Change,392,59713,28,60,48,,,1962-10-01
Human,39,6460,46,28,8,,,1962-06-01
Lightning,130,71111,45,78,27,,,1962-09-01
Deforestation,336,2435,47,56,21,,,1963-10-01
Unknown,428,68912,36,86,49,,,1963-05-01
Deforestation,431,26355,48,7,69,,,1963-09-01
Unknown,393,5869,43,35,67,,,1963-10-01
Climate Change,351,88488,41,91,34,,,1963-08-01
Unknown,191,50488,45,92,50,,,1963-08-01
Human,334,23188,16,67,26,,,1963-09-01
Human,183,90606,16,74,30,,,1963-08-01
Climate Change,461,56895,22,24,28,,,1963-09-01
Unknown,345,88736,37,74,4,,,1963-10-01
Unknown,461,10346,18,9,12,,,1963-09-01
Lightning,19,91171,27,11,7,,,1963-09-01
Human,34,97913,42,88,40,,,1963-06-01
Lightning,393,79652,17,44,44,,,1963-07-01
Lightning,410,24225,32,52,10,,,1963-05-01
Deforestation,239,75756,16,18,39,,,1963-05-01
Climate Change,20,58328,25,10,4,,,1963-06-01
Deforestation,70,78403,36,71,32,,,1963-10-01
Human,258,43067,29,41,28,,,1963-05-01
Unknown,436,50255,17,34,67,,,1963-10-01
Deforestation,36,87000,28,7,47,,,1963-06-01
Deforestation,488,36276,24,67,41,,,1963-07-01
Lightning,327,23498,23,50,56,,,1963-06-01
Human,335,72223,40,31,39,,,1963-10-01
Climate Change,30,53305,49,70,52,,,1963-10-01
Unknown,406,28430,17,86,8,,,1963-05-01
Climate Change,394,21429,36,43,52,,,1963-05-01
Unknown,231,4858,38,66,41,,,1963-05-01
Human,494,41962,38,6,34,,,1964-10-01
Climate Change,121,92824,23,10,52,,,1964-09-01
Deforestation,238,46554,32,57,20,,,1964-09-01
Lightning,29,92654,31,40,22,,,1964-09-01
Human,192,83445,28,12,67,,,1964-06-01
Lightning,83,543,15,89,43,,,1964-07-01
Unknown,484,93849,44,11,23,,,1964-05-01
Lightning,182,88976,22,14,15,,,1964-05-01
Deforestation,127,61783,20,25,63,,,1964-10-01
Lightning,407,9147,49,66,54,,,1964-05-01
Unknown,422,95353,24,70,9,,,1964-10-01
Deforestation,127,78985,42,14,46,,,1964-05-01
Human,486,11430,19,14,13,,,1964-05-01
Climate Change,62,17144,15,7,65,,,1964-06-01
Human,76,36468,46,74,22,,,1964-05-01
Human,287,97899,42,83,67,,,1964-10-01
Lightning,346,56661,47,11,4,,,1964-06-01
Unknown,432,49312,27,20,6,,,1964-10-01
Lightning,477,73609,40,63,45,,,1964-08-01
Human,222,27290,22,8,54,,,1964-07-01
Deforestation,297,85140,33,5,30,,,1964-06-01
Human,123,37655,37,9,58,,,1964-05-01
Human,138,23316,27,80,5,,,1964-06-01
Climate Change,332,89123,45,41,46,,,1964-10-01
Human,239,15115,43,9,29,,,1964-06-01
Climate Change,364,66740,23,6,64,,,1964-09-01
Lightning,120,47828,17,55,57,,,1964-07-01
Lightning,14,92821,40,5,58,,,1964-05-01
Lightning,194,43049,15,66,57,,,1965-10-01
Unknown,21,95714,31,93,63,,,1965-07-01
Human,400,15424,39,15,61,,,1965-05-01
Climate Change,338,28049,31,70,37,,,1965-08-01
Human,267,12403,18,33,57,,,1965-06-01
Human,133,66146,17,69,66,,,1965-10-01
Human,497,15683,36,58,5,,,1965-09-01
Human,221,31215,29,78,53,,,1965-08-01
Lightning,464,96676,32,51,67,,,1965-09-01
Lightning,460,5497,40,13,22,,,1965-05-01
Human,451,1230,21,28,52,,,1965-08-01
Unknown,147,19974,42,43,5,,,1965-06-01
Deforestation,266,44753,24,71,16,,,1965-06-01
Deforestation,223,53206,26,92,25,,,1965-05-01
Deforestation,308,98817,48,31,65,,,1965-07-01
Climate Change,356,10151,22,26,8,,,1965-05-01
Climate Change,306,26241,30,83,6,,,1965-10-01
Lightning,27,14112,19,27,26,,,1965-07-01
Unknown,6,94585,44,23,54,,,1965-09-01
Lightning,347,31895,47,11,2,,,1965-09-01
Climate Change,427,17526,38,73,66,,,1965-06-01
Lightning,259,83614,47,36,60,,,1965-05-01
Lightning,361,99372,25,23,55,,,1965-08-01
Unknown,46,48069,16,87,39,,,1965-05-01
Lightning,109,56931,44,79,21,,,1965-06-01
Human,408,50402,22,19,64,,,1965-08-01
Climate Change,281,90984,49,89,69,,,1965-07-01
Human,436,48051,45,94,63,,,1965-05-01
Human,423,28457,35,84,40,,,1966-08-01
Unknown,494,55516,29,10,67,,,1966-06-01
Human,96,13540,42,24,49,,,1966-05-01
Deforestation,222,60054,39,78,42,,,1966-05-01
Climate Change,16,48820,28,38,49,,,1966-09-01
Human,213,54918,29,23,43,,,1966-09-01
Climate Change,407,13518,26,87,48,,,1966-09-01
Unknown,40,17633,32,55,44,,,1966-08-01
Human,244,24260,32,65,58,,,1966-06-01
Human,113,83560,38,68,60,,,1966-09-01
Climate Change,421,11373,47,91,12,,,1966-10-01
Lightning,25,72536,39,51,48,,,1966-06-01
Lightning,236,44875,20,70,5,,,1966-08-01
Human,213,97794,40,5,13,,,1966-09-01
Lightning,123,35355,34,70,37,,,1966-09-01
Climate Change,410,1743,46,63,21,,,1966-10-01
Lightning,386,55538,17,9,57,,,1966-08-01
Lightning,423,34521,15,87,8,,,1966-10-01
Human,336,99639,44,63,62,,,1966-08-01
Human,99,82805,33,8,66,,,1966-09-01
Lightning,127,32498,36,22,3,,,1966-05-01
Lightning,280,34726,49,30,58,,,1966-08-01
Deforestation,201,8933,34,66,35,,,1966-09-01
Unknown,250,46747,39,88,26,,,1966-06-01
Deforestation,402,85071,26,73,64,,,1966-09-01
Deforestation,442,67009,38,34,38,,,1966-06-01
Deforestation,383,55576,28,27,51,,,1966-05-01
Unknown,187,11034,47,58,62,,,1966-09-01
Climate Change,343,74590,45,22,45,,,1967-10-01
Human,409,41746,18,73,42,,,1967-10-01
Climate Change,334,88371,35,49,46,,,1967-09-01
Deforestation,88,23312,19,36,7,,,1967-08-01
Climate Change,286,17776,19,29,14,,,1967-10-01
Unknown,251,26539,23,25,62,,,1967-08-01
Lightning,467,34941,25,41,12,,,1967-08-01
Lightning,354,29878,37,57,66,,,1967-07-01
Unknown,455,88831,44,62,55,,,1967-07-01
Human,373,17929,22,76,20,,,1967-09-01
Deforestation,45,75632,33,30,54,,,1967-09-01
Human,425,75603,42,56,55,,,1967-07-01
Climate Change,247,99523,22,18,4,,,1967-07-01
Deforestation,175,75776,45,67,27,,,1967-09-01
Unknown,86,45267,47,7,5,,,1967-06-01
Deforestation,264,2156,31,21,21,,,1967-08-01
Deforestation,282,46615,17,92,9,,,1967-10-01
Lightning,349,28255,43,44,66,,,1967-10-01
Human,25,25674,40,13,21,,,1967-08-01
Unknown,296,81997,23,26,2,,,1967-07-01
Deforestation,461,95112,22,17,44,,,1967-09-01
Human,297,69954,43,92,22,,,1967-08-01
Lightning,333,33293,16,72,9,,,1967-05-01
Lightning,18,83320,32,49,65,,,1967-09-01
Human,164,10831,47,56,19,,,1967-06-01
Human,400,97046,45,14,53,,,1967-07-01
Climate Change,375,96806,46,33,23,,,1967-06-01
Deforestation,458,73504,43,85,32,,,1967-08-01
Human,166,30947,18,6,13,,,1968-09-01
Climate Change,202,10449,49,52,16,,,1968-07-01
Human,138,338,18,26,33,,,1968-09-01
Unknown,26,75985,36,13,35,,,1968-07-01
Climate Change,77,65010,34,76,59,,,1968-08-01
Human,375,52086,30,79,9,,,1968-08-01
Lightning,78,94561,49,47,51,,,1968-05-01
Unknown,236,43678,20,51,15,,,1968-07-01
Climate Change,211,66050,31,55,30,,,1968-06-01
Lightning,496,15331,26,29,62,,,1968-05-01
Human,73,85583,45,7,68,,,1968-05-01
Unknown,182,4852,24,70,25,,,1968-06-01
Lightning,475,70659,33,70,61,,,1968-07-01
Climate Change,454,82546,49,73,28,,,1968-07-01
Human,498,10208,31,46,41,,,1968-10-01
Unknown,459,74793,15,83,53,,,1968-10-01
Climate Change,123,51624,31,57,53,,,1968-07-01
Lightning,126,14720,15,33,37,,,1968-10-01
Climate Change,169,37696,46,56,13,,,1968-07-01
Lightning,133,97012,21,21,60,,,1968-08-01
Deforestation,289,20601,43,54,31,,,1968-07-01
Climate Change,380,31549,34,27,69,,,1968-09-01
Deforestation,25,20084,28,63,51,,,1968-09-01
Human,294,11728,20,73,8,,,1968-08-01
Human,465,90073,27,47,28,,,1968-05-01
Human,391,12189,47,21,46,,,1968-08-01
Deforestation,105,31515,38,33,55,,,1968-10-01
Climate Change,106,74968,37,35,37,,,1968-07-01
Climate Change,193,67975,29,56,50,,,1969-05-01
Human,383,69101,34,48,42,,,1969-10-01
Lightning,498,29469,20,72,64,,,1969-08-01
Deforestation,155,60112,45,48,53,,,1969-06-01
Lightning,160,305,41,55,61,,,1969-07-01
Deforestation,78,19604,23,72,16,,,1969-10-01
Human,52,79019,15,11,54,,,1969-07-01
Human,272,92051,21,7,64,,,1969-06-01
Deforestation,483,83401,44,85,19,,,1969-10-01
Climate Change,65,19675,40,44,9,,,1969-10-01
Deforestation,481,77432,45,31,28,,,1969-09-01
Human,445,83140,40,48,44,,,1969-05-01
Unknown,453,37175,31,19,35,,,1969-09-01
Lightning,340,69223,39,83,29,,,1969-06-01
Lightning,390,74100,24,13,32,,,1969-05-01
Human,92,98422,24,59,29,,,1969-06-01
Deforestation,116,43839,15,7,53,,,1969-10-01
Lightning,25,18312,23,48,40,,,1969-06-01
Lightning,29,6043,40,68,53,,,1969-09-01
Lightning,372,60140,24,77,63,,,1969-05-01
Unknown,487,40254,45,23,39,,,1969-06-01
Climate Change,403,50496,19,82,54,,,1969-10-01
Unknown,66,23674,33,92,48,,,1969-06-01
Human,312,13435,39,50,65,,,1969-07-01
Unknown,182,76894,36,60,60,,,1969-08-01
Lightning,442,54799,22,61,48,,,1969-09-01
Unknown,381,19452,29,55,54,,,1969-08-01
Climate Change,128,80976,22,81,22,,,1969-06-01
Deforestation,368,54612,21,94,57,,,1970-08-01
Unknown,302,74234,29,57,17,,,1970-05-01
Lightning,150,70135,37,67,4,,,1970-09-01
Human,491,48850,15,26,15,,,1970-10-01
Human,473,68419,35,8,4,,,1970-08-01
Lightning,290,68482,33,24,55,,,1970-05-01
Human,492,7649,29,42,24,,,1970-07-01
Unknown,198,94620,49,78,15,,,1970-08-01
Deforestation,250,99441,47,56,2,,,1970-07-01
Lightning,23,32507,18,40,59,,,1970-06-01
Deforestation,363,95061,34,78,63,,,1970-05-01
Deforestation,282,45267,25,93,49,,,1970-06-01
Climate Change,147,70787,17,8,31,,,1970-05-01
Human,240,97656,33,52,64,,,1970-09-01
Lightning,196,77192,32,24,12,,,1970-08-01
Lightning,48,64675,48,91,66,,,1970-10-01
Human,377,82148,23,75,18,,,1970-06-01
Lightning,116,94103,47,8,53,,,1970-07-01
Climate Change,324,51531,26,67,2,,,1970-05-01
Lightning,470,31753,40,65,68,,,1970-05-01
Deforestation,410,9341,35,45,49,,,1970-10-01
Human,195,89991,40,25,19,,,1970-06-01
Unknown,175,62978,22,33,22,,,1970-10-01
Human,380,63068,38,62,61,,,1970-05-01
Lightning,232,3970,16,71,53,,,1970-06-01
Lightning,254,59638,42,19,49,,,1970-08-01
Lightning,255,39142,43,58,7,,,1970-09-01
Unknown,411,43839,27,64,46,,,1970-05-01
Climate Change,316,92108,38,33,68,,,1971-09-01
Unknown,72,12069,29,53,33,,,1971-09-01
Deforestation,174,46626,21,49,66,,,1971-09-01
Deforestation,353,4701,38,69,49,,,1971-10-01
Human,273,20295,28,14,41,,,1971-06-01
Lightning,315,67490,49,70,48,,,1971-07-01
Unknown,386,34122,32,83,19,,,1971-05-01
Lightning,155,45176,22,38,3,,,1971-08-01
Unknown,419,28996,20,91,20,,,1971-09-01
Climate Change,113,56522,15,10,28,,,1971-07-01
Lightning,386,73285,37,52,69,,,1971-08-01
Lightning,361,10050,41,10,7,,,1971-08-01
Human,19,36263,21,55,59,,,1971-08-01
Climate Change,249,89635,40,62,32,,,1971-05-01
Deforestation,96,79093,27,28,58,,,1971-06-01
Climate Change,161,67481,49,23,56,,,1971-10-01
Human,329,92303,40,9,55,,,1971-09-01
Unknown,181,51046,28,51,15,,,1971-10-01
Unknown,207,89993,20,69,26,,,1971-07-01
Human,19,39237,17,71,38,,,1971-08-01
Unknown,443,83668,15,75,20,,,1971-05-01
Deforestation,378,18177,28,17,28,,,1971-08-01
Unknown,397,22668,24,10,35,,,1971-05-01
Lightning,184,33846,29,21,17,,,1971-07-01
Lightning,89,63275,24,14,29,,,1971-08-01
Deforestation,229,11547,26,22,24,,,1971-07-01
Lightning,138,38296,16,34,10,,,1971-08-01
Human,174,92549,31,33,51,,,1971-07-01
Human,227,61204,33,50,47,,,1972-08-01
Climate Change,21,59045,30,85,8,,,1972-10-01
Deforestation,396,63915,32,42,55,,,1972-08-01
Lightning,19,53055,45,13,9,,,1972-08-01
Human,407,98629,18,35,4,,,1972-10-01
Climate Change,343,41870,24,16,47,,,1972-07-01
Lightning,354,66655,38,36,48,,,1972-10-01
Lightning,391,72365,27,33,39,,,1972-06-01
Lightning,465,84700,34,9,21,,,1972-07-01
Climate Change,369,42097,38,83,66,,,1972-10-01
Deforestation,422,58709,17,94,59,,,1972-10-01
Human,385,84011,30,46,22,,,1972-05-01
Human,317,75004,18,8,67,,,1972-06-01
Unknown,175,63905,35,89,5,,,1972-09-01
Lightning,322,9558,23,61,46,,,1972-05-01
Human,372,36627,25,93,59,,,1972-06-01
Deforestation,302,34182,49,54,46,,,1972-08-01
Human,492,87540,43,81,57,,,1972-07-01
Climate Change,301,83725,48,79,41,,,1972-09-01
Lightning,269,60687,17,17,20,,,1972-05-01
Unknown,356,21652,32,82,31,,,1972-06-01
Deforestation,465,35774,31,35,16,,,1972-06-01
Lightning,258,24298,25,94,46,,,1972-05-01
Climate Change,310,37543,38,52,46,,,1972-08-01
Lightning,446,59015,32,53,9,,,1972-09-01
Human,19,57420,37,70,28,,,1972-06-01
Lightning,309,30883,32,68,45,,,1972-09-01
Unknown,447,82160,41,68,67,,,1972-05-01
Human,355,21178,26,80,20,,,1973-06-01
Human,334,80021,24,16,16,,,1973-05-01
Human,392,79239,48,51,40,,,1973-08-01
Human,304,92438,35,30,37,,,1973-10-01
Climate Change,101,16228,20,41,3,,,1973-09-01
Deforestation,249,22878,19,94,42,,,1973-05-01
Unknown,179,61296,19,70,60,,,1973-07-01
Lightning,63,35646,24,17,3,,,1973-08-01
Lightning,19,40476,36,93,9,,,1973-06-01
Human,473,25593,41,44,23,,,1973-09-01
Deforestation,194,51984,32,46,6,,,1973-10-01
Climate Change,202,7201,32,82,16,,,1973-07-01
Unknown,414,42008,46,32,40,,,1973-06-01
Lightning,164,19376,20,15,33,,,1973-07-01
Deforestation,357,21483,49,73,22,,,1973-08-01
Unknown,406,96581,30,8,35,,,1973-05-01
Unknown,178,23042,39,78,25,,,1973-08-01
Unknown,121,81660,32,10,67,,,1973-05-01
Deforestation,242,1707,20,82,68,,,1973-07-01
Deforestation,176,7745,33,77,51,,,1973-05-01
Human,249,33639,26,10,22,,,1973-05-01
Human,198,26907,18,36,67,,,1973-07-01
Unknown,417,86398,32,40,20,,,1973-10-01
Climate Change,305,81719,37,93,28,,,1973-07-01
Human,460,70262,40,32,65,,,1973-06-01
Deforestation,227,179,24,52,11,,,1973-08-01
Deforestation,461,17607,33,68,20,,,1973-09-01
Unknown,322,95420,44,9,19,,,1973-08-01
Lightning,115,89464,20,54,67,,,1974-07-01
Lightning,261,34588,37,5,20,,,1974-07-01
Climate Change,455,99301,31,86,23,,,1974-10-01
Climate Change,287,46490,46,64,29,,,1974-05-01
Unknown,380,87853,39,89,27,,,1974-08-01
Human,335,5930,32,11,57,,,1974-08-01
Unknown,170,84142,30,55,28,,,1974-08-01
Deforestation,79,76575,26,44,68,,,1974-07-01
Climate Change,256,27415,48,88,3,,,1974-06-01
Human,280,92549,25,27,39,,,1974-05-01
Unknown,327,35233,44,91,66,,,1974-08-01
Deforestation,408,48345,49,8,11,,,1974-05-01
Human,353,98697,22,85,64,,,1974-07-01
Climate Change,147,21840,17,70,36,,,1974-05-01
Climate Change,447,10995,35,16,13,,,1974-05-01
Human,216,66635,35,64,53,,,1974-05-01
Human,427,54604,36,30,8,,,1974-10-01
Unknown,222,13179,22,58,10,,,1974-10-01
Unknown,186,97912,34,67,17,,,1974-07-01
Climate Change,367,5949,19,15,30,,,1974-06-01
Deforestation,339,92329,34,38,61,,,1974-09-01
Unknown,450,83045,30,23,50,,,1974-08-01
Climate Change,476,82047,24,53,49,,,1974-10-01
Climate Change,476,13255,43,62,49,,,1974-05-01
Human,483,33870,18,82,43,,,1974-07-01
Lightning,191,35397,37,77,9,,,1974-06-01
Human,402,13610,17,82,18,,,1974-09-01
Lightning,176,60049,42,18,10,,,1974-06-01
Deforestation,158,42213,31,38,20,,,1975-07-01
Lightning,273,41704,37,92,30,,,1975-06-01
Unknown,467,37732,28,63,32,,,1975-06-01
Climate Change,386,27412,45,41,16,,,1975-10-01
Unknown,495,86824,47,15,44,,,1975-08-01
Lightning,155,23202,29,91,48,,,1975-10-01
Unknown,276,19793,44,13,66,,,1975-10-01
Deforestation,362,25323,32,86,59,,,1975-07-01
Climate Change,292,82264,35,50,32,,,1975-05-01
Human,404,79889,38,93,62,,,1975-09-01
Deforestation,183,91937,31,46,46,,,1975-10-01
Lightning,200,53550,48,27,62,,,1975-10-01
Lightning,273,96067,27,92,29,,,1975-09-01
Lightning,470,41157,15,47,43,,,1975-07-01
Human,258,28959,30,43,16,,,1975-06-01
Human,165,69528,48,21,7,,,1975-09-01
Climate Change,236,33163,26,11,14,,,1975-09-01
Lightning,8,82197,17,16,66,,,1975-05-01
Human,367,16176,22,36,52,,,1975-07-01
Lightning,294,27206,38,58,19,,,1975-05-01
Human,434,74259,37,93,28,,,1975-06-01
Human,345,23454,24,29,58,,,1975-05-01
Unknown,379,89299,27,18,67,,,1975-06-01
Unknown,487,13779,23,35,54,,,1975-06-01
Deforestation,170,35371,16,20,17,,,1975-07-01
Lightning,190,83559,32,51,33,,,1975-10-01
Unknown,424,55404,43,20,22,,,1975-10-01
Deforestation,384,80670,42,59,32,,,1975-06-01
Human,219,42527,31,50,50,,,1976-05-01
Deforestation,302,48634,39,36,4,,,1976-05-01
Human,464,81222,46,11,59,,,1976-08-01
Deforestation,116,71827,21,41,56,,,1976-09-01
Unknown,45,57284,47,44,35,,,1976-07-01
Deforestation,488,11326,19,67,11,,,1976-10-01
Climate Change,251,63472,19,62,60,,,1976-07-01
Climate Change,132,59166,36,19,2,,,1976-08-01
Climate Change,42,87502,15,15,59,,,1976-10-01
Deforestation,132,8203,20,32,32,,,1976-07-01
Unknown,366,15129,31,42,10,,,1976-09-01
Lightning,216,27825,43,66,26,,,1976-06-01
Human,358,5939,17,91,12,,,1976-08-01
Human,196,50834,43,63,51,,,1976-06-01
Climate Change,220,61952,40,71,3,,,1976-09-01
Lightning,260,49654,33,69,63,,,1976-05-01
Unknown,442,82192,49,73,39,,,1976-07-01
Climate Change,405,58081,35,57,32,,,1976-08-01
Lightning,143,49394,24,57,49,,,1976-10-01
Lightning,112,11010,37,20,26,,,1976-09-01
Lightning,298,85194,39,20,60,,,1976-06-01
Deforestation,95,22469,15,17,31,,,1976-09-01
Climate Change,278,689,46,75,51,,,1976-09-01
Deforestation,373,66894,41,64,34,,,1976-08-01
Human,131,29504,33,89,42,,,1976-09-01
Deforestation,93,45197,47,24,26,,,1976-09-01
Unknown,108,78871,46,37,69,,,1976-06-01
Climate Change,266,42792,32,39,35,,,1976-07-01
Deforestation,150,37196,40,90,62,,,1977-08-01
Lightning,82,42178,38,89,49,,,1977-07-01
Human,347,13494,27,7,54,,,1977-06-01
Unknown,426,71702,17,68,69,,,1977-08-01
Human,246,57021,24,12,13,,,1977-09-01
Deforestation,254,3742,41,54,24,,,1977-10-01
Climate Change,101,47665,26,22,22,,,1977-06-01
Human,115,22605,23,27,12,,,1977-09-01
Climate Change,290,50437,19,65,39,,,1977-06-01
Lightning,414,51872,37,50,31,,,1977-08-01
Lightning,480,91396,17,73,43,,,1977-07-01
Human,190,83100,23,64,60,,,1977-10-01
Climate Change,110,53125,47,29,43,,,1977-10-01
Deforestation,157,1561,23,71,16,,,1977-09-01
Unknown,241,7817,37,41,63,,,1977-08-01
Climate Change,425,98139,47,37,8,,,1977-05-01
Climate Change,137,45905,39,21,57,,,1977-10-01
Lightning,139,51929,33,11,41,,,1977-06-01
Deforestation,191,72277,15,58,41,,,1977-09-01
Lightning,304,77858,29,25,51,,,1977-09-01
Unknown,115,52247,23,24,19,,,1977-05-01
Human,34,61515,38,92,48,,,1977-08-01
Lightning,226,96957,43,81,69,,,1977-07-01
Human,405,18529,19,92,51,,,1977-09-01
Climate Change,50,81263,22,69,10,,,1977-08-01
Climate Change,390,32433,16,72,49,,,1977-08-01
Climate Change,135,61929,17,14,44,,,1977-06-01
Unknown,274,28920,42,25,37,,,1977-07-01
Deforestation,170,50425,24,65,12,,,1978-10-01
Human,298,42917,45,39,38,,,1978-09-01
Lightning,27,77323,39,85,16,,,1978-08-01
Human,241,82919,36,85,18,,,1978-09-01
Unknown,350,56272,49,10,69,,,1978-06-01
Climate Change,394,18301,41,45,39,,,1978-06-01
Lightning,212,74776,45,87,58,,,1978-10-01
Human,412,95389,37,8,11,,,1978-07-01
Deforestation,471,79218,48,67,20,,,1978-05-01
Climate Change,67,69915,48,21,19,,,1978-05-01
Human,326,86550,24,41,49,,,1978-05-01
Unknown,60,6874,45,59,39,,,1978-09-01
Lightning,205,72527,29,20,54,,,1978-07-01
Unknown,59,62871,44,14,8,,,1978-05-01
Unknown,423,3643,34,53,60,,,1978-08-01
Unknown,94,51581,49,47,34,,,1978-05-01
Climate Change,466,32452,38,19,18,,,1978-08-01
Lightning,258,94970,28,16,69,,,1978-08-01
Climate Change,370,74518,27,61,56,,,1978-07-01
Human,367,65535,33,50,4,,,1978-06-01
Deforestation,408,65660,31,65,56,,,1978-07-01
Deforestation,466,24348,17,38,42,,,1978-07-01
Human,234,35832,45,31,38,,,1978-10-01
Human,186,75090,33,46,37,,,1978-06-01
Climate Change,191,48267,21,8,16,,,1978-06-01
Unknown,180,27497,23,39,69,,,1978-08-01
Lightning,81,6774,39,48,59,,,1978-06-01
Unknown,481,7643,26,74,11,,,1978-05-01
Deforestation,380,67068,37,11,52,,,1979-06-01
Human,420,76541,36,17,13,,,1979-05-01
Deforestation,165,45399,31,72,40,,,1979-05-01
Lightning,45,20240,48,92,14,,,1979-05-01
Deforestation,496,2082,37,58,48,,,1979-05-01
Deforestation,261,62449,24,69,68,,,1979-06-01
Climate Change,54,9629,41,61,19,,,1979-05-01
Climate Change,499,52592,30,76,44,,,1979-06-01
Human,206,3674,45,80,10,,,1979-10-01
Lightning,77,49811,44,91,12,,,1979-09-01
Unknown,344,38518,40,78,25,,,1979-10-01
Climate Change,129,47319,48,33,37,,,1979-09-01
Human,226,225,27,28,55,,,1979-07-01
Unknown,351,88248,15,83,68,,,1979-06-01
Human,338,54042,22,94,21,,,1979-10-01
Human,471,92187,38,14,53,,,1979-07-01
Climate Change,294,263,30,83,19,,,1979-06-01
Deforestation,292,29582,15,39,51,,,1979-10-01
Lightning,208,23774,33,67,50,,,1979-08-01
Human,238,95129,46,57,33,,,1979-08-01
Deforestation,425,73923,44,62,33,,,1979-10-01
Deforestation,70,21358,34,41,50,,,1979-09-01
Climate Change,443,9995,38,52,8,,,1979-07-01
Human,205,9236,17,90,41,,,1979-07-01
Unknown,472,85635,21,24,36,,,1979-07-01
Climate Change,412,14987,18,65,66,,,1979-08-01
Unknown,469,47461,25,47,41,,,1979-10-01
Unknown,171,88191,43,27,52,,,1979-05-01
Deforestation,305,94536,24,11,16,,,1980-05-01
Lightning,366,20753,35,91,62,,,1980-09-01
Deforestation,224,13472,26,92,67,,,1980-08-01
Deforestation,427,65034,28,34,49,,,1980-10-01
Lightning,35,17230,39,72,52,,,1980-07-01
Lightning,488,99937,17,84,57,,,1980-09-01
Human,434,57330,35,69,28,,,1980-07-01
Lightning,89,97367,19,13,21,,,1980-08-01
Lightning,86,47072,23,75,31,,,1980-10-01
Climate Change,214,57203,19,33,48,,,1980-09-01
Human,367,10721,33,39,61,,,1980-09-01
Deforestation,192,54941,48,49,51,,,1980-10-01
Unknown,275,77042,46,89,65,,,1980-06-01
Lightning,486,57155,37,41,42,,,1980-05-01
Human,317,52420,35,50,61,,,1980-09-01
Deforestation,492,118,23,73,6,,,1980-10-01
Unknown,414,58870,30,75,19,,,1980-05-01
Human,291,11494,22,69,63,,,1980-09-01
Human,405,77266,25,45,63,,,1980-07-01
Unknown,184,23333,42,79,68,,,1980-06-01
Climate Change,120,23608,25,48,54,,,1980-09-01
Climate Change,378,86743,17,17,12,,,1980-09-01
Climate Change,345,54615,21,21,49,,,1980-07-01
Human,195,32291,25,81,66,,,1980-10-01
Human,141,12936,21,18,49,,,1980-06-01
Deforestation,294,819,20,12,25,,,1980-10-01
Lightning,8,96356,23,67,11,,,1980-07-01
Human,438,37007,38,89,59,,,1980-06-01
Lightning,324,55617,32,16,36,,,1981-05-01
Human,364,29372,30,64,69,,,1981-05-01
Unknown,426,81746,36,12,64,,,1981-09-01
Lightning,401,7166,32,81,63,,,1981-05-01
Lightning,143,8394,36,21,52,,,1981-10-01
Lightning,494,59328,18,15,12,,,1981-10-01
Unknown,211,34411,35,69,25,,,1981-07-01
Human,364,51398,34,61,18,,,1981-10-01
Lightning,291,82083,25,16,61,,,1981-07-01
Deforestation,312,24144,26,17,63,,,1981-08-01
Unknown,417,6406,43,35,62,,,1981-09-01
Human,421,98347,46,42,14,,,1981-06-01
Climate Change,186,91567,37,18,18,,,1981-09-01
Lightning,446,27426,36,14,22,,,1981-09-01
Climate Change,11,49085,30,34,32,,,1981-09-01
Human,420,19315,36,68,45,,,1981-09-01
Deforestation,297,78257,34,67,16,,,1981-09-01
Human,222,26348,49,48,21,,,1981-08-01
Lightning,123,78377,24,37,7,,,1981-09-01
Lightning,35,37285,42,72,66,,,1981-07-01
Lightning,374,73744,16,56,37,,,1981-06-01
Lightning,299,1338,25,5,15,,,1981-05-01
Deforestation,203,47098,36,64,28,,,1981-10-01
Unknown,427,84129,17,67,6,,,1981-06-01
Lightning,193,35271,46,76,15,,,1981-10-01
Climate Change,106,42689,15,69,58,,,1981-05-01
Deforestation,24,15700,40,48,68,,,1981-10-01
Climate Change,66,41696,25,76,35,,,1981-10-01
Deforestation,116,4532,48,92,6,,,1982-10-01
Lightning,52,67667,48,20,26,,,1982-09-01
Unknown,332,9088,39,27,35,,,1982-09-01
Climate Change,98,54741,48,36,30,,,1982-07-01
Climate Change,454,15132,22,22,50,,,1982-05-01
Climate Change,241,13171,24,8,45,,,1982-05-01
Climate Change,140,91602,33,68,41,,,1982-07-01
Human,141,21761,29,72,62,,,1982-07-01
Climate Change,381,3066,31,61,55,,,1982-06-01
Climate Change,440,78201,33,43,14,,,1982-07-01
Lightning,99,58320,28,77,64,,,1982-10-01
Human,498,29500,42,6,18,,,1982-08-01
Lightning,440,20656,17,41,25,,,1982-07-01
Unknown,6,36740,36,81,11,,,1982-07-01
Climate Change,66,85902,23,81,61,,,1982-05-01
Human,283,86414,21,20,24,,,1982-08-01
Climate Change,91,17628,20,69,60,,,1982-06-01
Lightning,150,94788,21,41,46,,,1982-08-01
Unknown,20,15163,28,15,35,,,1982-10-01
Unknown,108,95984,42,44,17,,,1982-08-01
Unknown,375,49251,18,64,13,,,1982-06-01
Unknown,442,17044,34,30,57,,,1982-09-01
Climate Change,154,72364,31,53,3,,,1982-06-01
Unknown,123,99946,27,24,31,,,1982-09-01
Deforestation,355,54877,16,7,57,,,1982-07-01
Climate Change,372,12650,48,58,62,,,1982-05-01
Deforestation,20,91976,35,45,23,,,1982-09-01
Human,186,55912,28,45,36,,,1982-07-01
Climate Change,241,20243,43,14,19,,,1983-10-01
Lightning,240,41523,21,34,20,,,1983-07-01
Human,219,81963,35,30,29,,,1983-08-01
Deforestation,427,65028,43,24,21,,,1983-07-01
Human,400,67803,39,29,5,,,1983-06-01
Lightning,397,83186,29,94,33,,,1983-08-01
Human,103,85783,28,17,57,,,1983-08-01
Deforestation,432,30788,44,20,13,,,1983-08-01
Climate Change,454,10869,43,28,13,,,1983-06-01
Unknown,64,85817,15,47,56,,,1983-08-01
Human,38,81683,18,34,30,,,1983-06-01
Human,472,31986,31,68,62,,,1983-06-01
Climate Change,209,71119,21,12,69,,,1983-05-01
Lightning,449,37969,36,84,30,,,1983-09-01
Lightning,446,61105,27,71,31,,,1983-05-01
Climate Change,58,28103,33,20,29,,,1983-06-01
Human,315,13682,30,24,65,,,1983-08-01
Climate Change,85,88360,27,40,69,,,1983-05-01
Climate Change,323,67171,20,28,54,,,1983-09-01
Unknown,362,9313,28,54,13,,,1983-07-01
Human,480,7691,19,73,7,,,1983-07-01
Deforestation,233,79108,35,88,66,,,1983-07-01
Lightning,225,6123,42,94,14,,,1983-05-01
Human,489,41072,37,90,22,,,1983-08-01
Deforestation,323,25857,18,80,33,,,1983-10-01
Human,233,3946,39,5,4,,,1983-07-01
Human,303,88772,41,39,55,,,1983-08-01
Unknown,284,86626,36,20,14,,,1983-06-01
Deforestation,360,12302,41,87,58,,,1984-08-01
Human,457,60948,33,40,16,,,1984-05-01
Human,124,62078,25,27,34,,,1984-08-01
Climate Change,242,65362,45,69,19,,,1984-05-01
Human,266,84503,44,72,33,,,1984-06-01
Human,239,59304,19,65,12,,,1984-06-01
Human,223,83117,22,53,25,,,1984-07-01
Deforestation,237,96846,16,59,12,,,1984-05-01
Climate Change,277,7181,17,90,36,,,1984-07-01
Human,221,18085,21,24,44,,,1984-09-01
Deforestation,59,19399,35,55,47,,,1984-10-01
Deforestation,360,26791,30,71,65,,,1984-07-01
Human,261,41501,21,92,19,,,1984-06-01
Human,164,76048,24,77,50,,,1984-06-01
Unknown,485,29226,42,91,54,,,1984-05-01
Lightning,340,26193,28,40,35,,,1984-08-01
Climate Change,20,2892,39,12,19,,,1984-06-01
Deforestation,180,63303,32,22,57,,,1984-08-01
Lightning,394,6873,35,65,16,,,1984-07-01
Climate Change,36,46063,21,90,28,,,1984-07-01
Climate Change,39,98429,40,7,30,,,1984-09-01
Unknown,324,30975,20,15,39,,,1984-06-01
Deforestation,422,63284,48,90,30,,,1984-10-01
Climate Change,58,74432,24,78,10,,,1984-08-01
Lightning,217,68016,25,72,59,,,1984-10-01
Human,260,77122,48,39,34,,,1984-10-01
Lightning,140,12785,22,75,55,,,1984-05-01
Deforestation,115,59715,28,79,3,,,1984-09-01
Human,193,49615,28,93,49,,,1985-06-01
Human,396,36123,19,16,39,,,1985-07-01
Climate Change,286,16450,20,45,43,,,1985-06-01
Deforestation,257,5565,26,45,48,,,1985-05-01
Human,389,24436,43,57,32,,,1985-10-01
Climate Change,140,15873,30,70,46,,,1985-10-01
Climate Change,359,72182,18,87,51,,,1985-06-01
Human,170,68950,45,40,69,,,1985-05-01
Deforestation,251,18739,19,91,37,,,1985-06-01
Unknown,433,18806,31,70,40,,,1985-05-01
Human,150,21194,17,25,31,,,1985-09-01
Climate Change,282,31954,39,7,31,,,1985-07-01
Unknown,40,69306,45,33,60,,,1985-09-01
Human,465,460,35,71,12,,,1985-08-01
Climate Change,399,57684,40,57,15,,,1985-08-01
Unknown,35,4418,24,30,21,,,1985-06-01
Human,48,43169,29,13,25,,,1985-09-01
Climate Change,320,99767,46,87,36,,,1985-08-01
Climate Change,356,36826,34,88,9,,,1985-07-01
Climate Change,487,6285,20,20,54,,,1985-06-01
Deforestation,439,95301,47,83,16,,,1985-09-01
Human,171,3671,40,85,53,,,1985-10-01
Climate Change,426,48536,47,57,47,,,1985-07-01
Deforestation,358,81650,23,30,4,,,1985-06-01
Unknown,51,79976,34,9,11,,,1985-08-01
Deforestation,48,45057,42,23,43,,,1985-05-01
Deforestation,487,57657,48,28,18,,,1985-08-01
Unknown,54,4674,23,14,22,,,1985-08-01
Climate Change,166,23490,25,37,59,,,1986-06-01
Climate Change,449,40676,37,77,57,,,1986-10-01
Unknown,281,87929,15,55,64,,,1986-05-01
Unknown,296,68480,19,33,48,,,1986-08-01
Unknown,157,47155,39,45,66,,,1986-07-01
Unknown,493,38952,43,62,49,,,1986-09-01
Climate Change,390,93491,47,20,36,,,1986-06-01
Human,367,18381,18,72,52,,,1986-10-01
Deforestation,165,51195,39,32,8,,,1986-05-01
Unknown,40,14036,45,87,19,,,1986-05-01
Human,138,4586,26,45,64,,,1986-05-01
Climate Change,29,26676,47,91,7,,,1986-06-01
Human,198,90953,17,20,56,,,1986-10-01
Unknown,42,91910,28,51,43,,,1986-06-01
Human,151,22693,27,48,25,,,1986-07-01
Human,330,89225,37,78,58,,,1986-10-01
Unknown,339,79866,15,76,4,,,1986-10-01
Climate Change,469,77394,43,86,49,,,1986-10-01
Human,339,94424,47,14,20,,,1986-10-01
Unknown,327,75527,25,37,29,,,1986-09-01
Human,259,33843,25,10,50,,,1986-05-01
Climate Change,385,21423,35,37,57,,,1986-07-01
Lightning,57,63371,32,51,14,,,1986-09-01
Human,450,8365,17,26,28,,,1986-07-01
Lightning,293,11950,47,62,8,,,1986-07-01
Deforestation,399,25315,21,5,22,,,1986-06-01
Deforestation,98,27755,17,59,16,,,1986-10-01
Lightning,10,21653,33,54,31,,,1986-08-01
Unknown,299,69335,48,63,45,,,1987-09-01
Human,424,49749,17,91,10,,,1987-08-01
Human,365,18091,30,20,29,,,1987-09-01
Unknown,444,12444,28,42,49,,,1987-07-01
Deforestation,358,44505,43,71,67,,,1987-05-01
Human,164,39277,47,10,40,,,1987-07-01
Human,461,49067,45,46,5,,,1987-06-01
Human,288,48139,37,61,48,,,1987-08-01
Lightning,148,20250,15,85,17,,,1987-09-01
Lightning,184,75117,45,78,55,,,1987-09-01
Unknown,230,87958,20,63,14,,,1987-05-01
Human,16,66197,16,12,64,,,1987-05-01
Lightning,192,5339,22,7,14,,,1987-05-01
Unknown,483,24636,22,49,54,,,1987-05-01
Human,323,54978,33,71,47,,,1987-09-01
Lightning,142,16064,26,53,24,,,1987-10-01
Human,271,23468,39,13,13,,,1987-10-01
Unknown,117,96521,22,78,48,,,1987-07-01
Deforestation,385,87189,23,64,68,,,1987-08-01
Deforestation,342,58065,31,57,29,,,1987-09-01
Deforestation,67,68082,36,74,48,,,1987-06-01
Unknown,436,89388,25,6,65,,,1987-08-01
Lightning,296,80360,34,32,36,,,1987-10-01
Lightning,161,77676,30,62,56,,,1987-05-01
Human,485,13814,24,69,61,,,1987-09-01
Human,47,97088,18,33,56,,,1987-08-01
Unknown,465,13288,20,11,47,,,1987-08-01
Lightning,58,36497,18,71,26,,,1987-05-01
Climate Change,466,76960,17,17,35,,,1988-07-01
Deforestation,336,47467,23,32,19,,,1988-05-01
Human,301,8745,39,81,55,,,1988-06-01
Lightning,101,10040,31,14,45,,,1988-08-01
Human,390,83782,16,23,2,,,1988-07-01
Lightning,31,83557,44,55,11,,,1988-06-01
Climate Change,494,51763,22,60,51,,,1988-07-01
Unknown,477,81950,35,59,58,,,1988-09-01
Climate Change,106,67852,20,86,50,,,1988-06-01
Climate Change,423,58814,21,78,52,,,1988-08-01
Lightning,190,2029,49,41,21,,,1988-05-01
Deforestation,207,11216,42,60,46,,,1988-09-01
Climate Change,456,1308,33,41,15,,,1988-08-01
Deforestation,232,32271,15,27,65,,,1988-08-01
Unknown,392,524,32,67,62,,,1988-08-01
Human,51,23254,32,10,54,,,1988-05-01
Human,285,49384,22,43,44,,,1988-08-01
Human,242,69598,19,8,2,,,1988-06-01
Human,316,3344,17,26,57,,,1988-10-01
Unknown,413,7955,34,35,31,,,1988-06-01
Deforestation,213,50474,23,58,63,,,1988-06-01
Climate Change,397,57452,38,43,9,,,1988-05-01
Lightning,114,86949,38,84,60,,,1988-05-01
Climate Change,138,15107,17,60,42,,,1988-07-01
Human,426,88668,17,38,12,,,1988-07-01
Deforestation,308,55669,35,63,35,,,1988-07-01
Lightning,62,64866,17,28,2,,,1988-05-01
Deforestation,23,22457,22,73,53,,,1988-10-01
Unknown,307,75448,18,92,9,,,1989-05-01
Lightning,65,10868,34,84,35,,,1989-08-01
Deforestation,14,11457,39,61,64,,,1989-07-01
Unknown,109,53418,31,7,47,,,1989-07-01
Lightning,286,49645,28,12,56,,,1989-08-01
Climate Change,398,41685,36,49,51,,,1989-07-01
Lightning,433,77250,44,19,15,,,1989-06-01
Human,31,45752,34,62,50,,,1989-09-01
Deforestation,148,74183,22,71,20,,,1989-05-01
Unknown,109,85542,39,64,37,,,1989-10-01
Human,55,45793,38,21,49,,,1989-07-01
Deforestation,218,85610,26,9,6,,,1989-08-01
Lightning,58,70685,47,34,25,,,1989-08-01
Unknown,135,61149,21,26,15,,,1989-05-01
Lightning,54,23091,24,75,28,,,1989-09-01
Lightning,141,17499,49,85,9,,,1989-08-01
Unknown,483,284,46,7,9,,,1989-06-01
Deforestation,6,32834,34,33,18,,,1989-07-01
Deforestation,365,10233,48,35,63,,,1989-06-01
Human,16,13602,36,92,19,,,1989-08-01
Unknown,115,57523,26,53,34,,,1989-09-01
Human,451,30837,41,87,26,,,1989-10-01
Unknown,348,65097,37,9,37,,,1989-06-01
Climate Change,220,56839,20,8,66,,,1989-10-01
Climate Change,172,41546,17,35,48,,,1989-09-01
Climate Change,183,57335,27,67,45,,,1989-07-01
Deforestation,379,88396,17,14,66,,,1989-09-01
Climate Change,384,26909,28,6,67,,,1989-05-01
Lightning,380,57255,33,41,25,,,1990-05-01
Deforestation,304,85569,24,55,43,,,1990-09-01
Human,210,20619,34,8,61,,,1990-08-01
Deforestation,171,75075,28,74,13,,,1990-06-01
Lightning,287,65135,30,56,27,,,1990-10-01
Unknown,305,57152,31,23,18,,,1990-05-01
Unknown,453,8926,43,18,18,,,1990-08-01
Deforestation,353,8773,47,33,38,,,1990-09-01
Climate Change,434,54139,19,57,31,,,1990-07-01
Deforestation,380,24236,42,30,19,,,1990-08-01
Unknown,396,75509,46,53,49,,,1990-08-01
Human,331,7231,18,88,37,,,1990-06-01
Unknown,227,26569,17,10,46,,,1990-05-01
Climate Change,360,82665,38,49,64,,,1990-09-01
Human,361,2755,24,39,56,,,1990-09-01
Deforestation,223,96528,26,8,68,,,1990-05-01
Climate Change,461,54988,34,61,29,,,1990-05-01
Climate Change,20,60792,49,46,55,,,1990-07-01
Lightning,42,70185,27,81,48,,,1990-06-01
Human,313,14942,42,7,27,,,1990-08-01
Unknown,300,85797,42,93,48,,,1990-10-01
Climate Change,302,99333,35,48,3,,,1990-06-01
Lightning,244,25502,30,24,27,,,1990-07-01
Lightning,497,93903,22,10,38,,,1990-10-01
Human,154,32361,31,41,24,,,1990-08-01
Climate Change,449,11540,27,36,64,,,1990-05-01
Climate Change,89,64361,28,20,4,,,1990-10-01
Lightning,51,77240,44,46,43,,,1990-05-01
Climate Change,133,99676,21,7,50,,,1991-07-01
Lightning,315,32743,28,68,32,,,1991-07-01
Deforestation,195,36517,36,78,47,,,1991-09-01
Climate Change,190,74202,15,29,62,,,1991-05-01
Climate Change,341,61041,27,43,67,,,1991-05-01
Human,108,74139,17,86,51,,,1991-06-01
Deforestation,251,67918,19,28,55,,,1991-10-01
Unknown,243,86227,42,52,50,,,1991-06-01
Lightning,212,15303,20,38,52,,,1991-06-01
Unknown,353,35170,28,73,9,,,1991-05-01
Deforestation,343,16158,34,59,37,,,1991-07-01
Lightning,402,34748,15,69,2,,,1991-06-01
Unknown,473,4576,39,14,51,,,1991-07-01
Human,352,30548,22,30,43,,,1991-08-01
Human,65,98956,16,74,32,,,1991-06-01
Unknown,186,56790,29,23,49,,,1991-08-01
Climate Change,143,79119,39,25,43,,,1991-06-01
Lightning,397,46575,19,37,64,,,1991-08-01
Lightning,489,95616,43,10,54,,,1991-09-01
Deforestation,164,56578,40,31,58,,,1991-06-01
Unknown,287,67358,17,20,45,,,1991-09-01
Human,467,7553,15,33,31,,,1991-09-01
Deforestation,292,27885,22,55,37,,,1991-10-01
Unknown,59,74758,39,88,62,,,1991-06-01
Human,369,2612,45,74,53,,,1991-10-01
Human,236,33100,40,14,24,,,1991-08-01
Climate Change,117,57851,43,62,44,,,1991-07-01
Lightning,163,96842,38,18,35,,,1991-06-01
Deforestation,409,15555,29,12,39,,,1992-05-01
Human,68,30465,46,15,35,,,1992-06-01
Lightning,406,99062,32,16,5,,,1992-05-01
Climate Change,415,25750,20,81,57,,,1992-07-01
Unknown,370,50343,46,48,16,,,1992-05-01
Deforestation,46,42668,16,31,59,,,1992-06-01
Climate Change,460,16867,35,25,2,,,1992-06-01
Unknown,190,26540,20,91,59,,,1992-10-01
Deforestation,77,40633,26,74,53,,,1992-05-01
Lightning,121,28006,22,14,48,,,1992-09-01
Deforestation,68,81549,23,18,5,,,1992-05-01
Unknown,119,9316,25,69,47,,,1992-06-01
Lightning,463,46816,29,76,48,,,1992-07-01
Lightning,300,62560,49,45,58,,,1992-06-01
Unknown,460,14670,24,67,5,,,1992-10-01
Human,42,5697,37,9,25,,,1992-08-01
Lightning,209,65012,40,87,27,,,1992-10-01
Unknown,7,66661,34,74,53,,,1992-08-01
Lightning,291,88161,40,32,6,,,1992-08-01
Human,78,85365,47,9,38,,,1992-07-01
Human,218,30231,42,63,22,,,1992-10-01
Unknown,213,26100,21,93,41,,,1992-06-01
Deforestation,333,81718,23,27,33,,,1992-07-01
Lightning,419,95443,36,39,31,,,1992-08-01
Climate Change,183,90827,40,10,35,,,1992-09-01
Lightning,375,90736,19,79,12,,,1992-05-01
Unknown,369,48961,49,89,3,,,1992-10-01
Lightning,378,84628,48,79,37,,,1992-09-01
Lightning,205,70185,46,64,13,,,1993-07-01
Unknown,36,95540,47,47,10,,,1993-09-01
Lightning,491,67862,34,43,24,,,1993-06-01
Deforestation,304,83424,37,62,49,,,1993-05-01
Unknown,105,90780,33,66,27,,,1993-06-01
Deforestation,125,63637,40,37,69,,,1993-07-01
Climate Change,140,54053,37,74,56,,,1993-05-01
Climate Change,488,91233,36,13,35,,,1993-07-01
Climate Change,414,8399,36,72,49,,,1993-07-01
Climate Change,148,10291,36,69,65,,,1993-06-01
Lightning,451,83617,31,75,46,,,1993-08-01
Lightning,120,42976,15,6,50,,,1993-08-01
Deforestation,484,65536,31,80,25,,,1993-10-01
Unknown,240,11009,21,54,61,,,1993-10-01
Human,34,39535,45,86,47,,,1993-05-01
Human,134,45912,25,84,55,,,1993-07-01
Unknown,56,81976,22,55,27,,,1993-07-01
Lightning,450,66976,44,15,54,,,1993-05-01
Lightning,137,40994,40,29,45,,,1993-05-01
Lightning,329,11035,16,72,13,,,1993-10-01
Human,72,24590,24,10,16,,,1993-07-01
Climate Change,35,39993,20,37,30,,,1993-06-01
Unknown,384,99097,44,25,56,,,1993-09-01
Unknown,324,5393,36,64,12,,,1993-06-01
Lightning,236,30896,36,60,18,,,1993-07-01
Climate Change,285,83698,40,54,12,,,1993-10-01
Climate Change,101,66581,15,43,28,,,1993-09-01
Human,164,52236,32,26,32,,,1993-08-01
Deforestation,333,20881,47,47,2,,,1994-08-01
Climate Change,61,71788,29,13,46,,,1994-08-01
Climate Change,209,96379,24,46,23,,,1994-08-01
Climate Change,90,37730,34,78,54,,,1994-08-01
Unknown,465,90399,26,23,3,,,1994-08-01
Lightning,73,28046,31,28,31,,,1994-08-01
Climate Change,55,30367,17,9,29,,,1994-07-01
Deforestation,368,62794,22,76,16,,,1994-10-01
Unknown,308,73186,21,75,7,,,1994-07-01
Deforestation,247,45735,20,94,52,,,1994-06-01
Climate Change,399,95255,34,14,27,,,1994-10-01
Unknown,374,46366,37,89,40,,,1994-07-01
Human,397,20539,31,46,30,,,1994-06-01
Human,327,75704,22,18,40,,,1994-08-01
Unknown,227,63689,18,88,21,,,1994-06-01
Lightning,118,95311,47,22,48,,,1994-07-01
Human,427,4658,27,59,44,,,1994-07-01
Unknown,75,62495,27,58,45,,,1994-08-01
Deforestation,18,93654,45,45,36,,,1994-10-01
Deforestation,270,46004,44,48,56,,,1994-10-01
Unknown,87,46002,36,43,43,,,1994-06-01
Unknown,252,8217,44,24,43,,,1994-05-01
Lightning,91,73064,44,43,58,,,1994-05-01
Climate Change,445,67661,21,9,52,,,1994-07-01
Human,396,11035,25,26,12,,,1994-06-01
Human,100,77918,38,47,23,,,1994-08-01
Climate Change,146,97253,46,42,47,,,1994-07-01
Human,138,92490,48,15,42,,,1994-06-01
Lightning,434,73438,35,74,66,,,1995-05-01
Unknown,447,15665,41,77,56,,,1995-06-01
Climate Change,483,70580,35,31,42,,,1995-10-01
Unknown,276,42630,49,23,58,,,1995-08-01
Deforestation,126,65146,49,84,60,,,1995-09-01
Climate Change,21,51850,42,79,40,,,1995-05-01
Human,92,60484,49,74,46,,,1995-10-01
Unknown,237,99310,39,35,46,,,1995-08-01
Human,327,69974,39,85,39,,,1995-07-01
Unknown,424,98870,16,85,31,,,1995-08-01
Unknown,231,15264,47,69,5,,,1995-06-01
Human,371,99006,42,26,26,,,1995-10-01
Unknown,63,77337,26,20,17,,,1995-05-01
Climate Change,59,75552,41,25,67,,,1995-05-01
Human,203,44397,18,47,64,,,1995-06-01
Lightning,455,68445,38,38,60,,,1995-07-01
Unknown,134,17901,31,86,15,,,1995-06-01
Deforestation,211,78127,30,36,24,,,1995-05-01
Lightning,166,9925,21,37,69,,,1995-10-01
Lightning,68,8023,18,65,21,,,1995-07-01
Human,467,25105,48,80,29,,,1995-07-01
Human,12,78782,38,70,65,,,1995-07-01
Human,385,82289,17,9,66,,,1995-05-01
Lightning,23,80196,44,80,11,,,1995-10-01
Climate Change,404,50635,29,52,12,,,1995-06-01
Deforestation,38,57351,23,86,20,,,1995-08-01
Human,330,4310,46,84,23,,,1995-08-01
Lightning,246,83706,45,9,55,,,1995-08-01
Unknown,450,18556,48,16,23,,,1996-10-01
Unknown,256,21888,43,31,56,,,1996-05-01
Climate Change,137,97872,27,46,16,,,1996-05-01
Deforestation,310,55141,27,72,48,,,1996-06-01
Lightning,93,96558,26,17,10,,,1996-10-01
Deforestation,177,57161,24,27,46,,,1996-07-01
Climate Change,166,58099,46,42,57,,,1996-09-01
Human,201,39818,32,32,51,,,1996-10-01
Lightning,261,8408,33,63,69,,,1996-06-01
Lightning,455,43532,42,38,40,,,1996-07-01
Lightning,130,98742,17,27,18,,,1996-07-01
Unknown,111,50421,20,35,10,,,1996-06-01
Unknown,167,11444,26,67,53,,,1996-10-01
Lightning,412,90285,44,33,11,,,1996-09-01
Deforestation,406,18740,15,85,47,,,1996-08-01
Unknown,397,10783,47,7,52,,,1996-08-01
Unknown,202,87838,20,16,10,,,1996-06-01
Human,309,12726,46,39,50,,,1996-05-01
Unknown,148,24760,38,12,22,,,1996-10-01
Unknown,340,17773,29,8,63,,,1996-08-01
Human,490,85644,49,59,29,,,1996-07-01
Deforestation,51,4325,19,78,29,,,1996-09-01
Climate Change,50,32826,30,44,31,,,1996-10-01
Human,231,71716,38,52,50,,,1996-05-01
Human,134,3900,47,21,32,,,1996-05-01
Human,330,52938,44,38,19,,,1996-06-01
Lightning,60,44478,41,59,20,,,1996-05-01
Deforestation,51,18738,16,55,29,,,1996-08-01
Human,62,51442,26,47,30,,,1997-05-01
Climate Change,53,85990,16,91,27,,,1997-07-01
Unknown,78,61586,46,46,32,,,1997-08-01
Unknown,21,89399,22,53,39,,,1997-10-01
Climate Change,32,30384,22,15,48,,,1997-09-01
Human,278,16021,36,49,62,,,1997-09-01
Climate Change,131,69056,21,65,37,,,1997-07-01
Lightning,484,58910,25,86,6,,,1997-07-01
Deforestation,250,64902,37,85,11,,,1997-07-01
Lightning,240,69726,17,63,4,,,1997-06-01
Human,390,3654,23,40,3,,,1997-10-01
Climate Change,422,4222,21,26,69,,,1997-09-01
Lightning,102,55311,39,69,62,,,1997-10-01
Lightning,187,13650,21,89,51,,,1997-09-01
Human,467,87922,48,39,40,,,1997-08-01
Deforestation,210,12570,19,34,5,,,1997-10-01
Lightning,497,34989,38,26,45,,,1997-07-01
Deforestation,439,96312,20,36,3,,,1997-07-01
Deforestation,63,45919,23,81,15,,,1997-09-01
Lightning,143,14513,34,84,59,,,1997-07-01
Climate Change,125,96947,42,22,27,,,1997-06-01
Human,139,47301,21,39,53,,,1997-10-01
Human,491,69496,42,48,57,,,1997-06-01
Deforestation,155,4949,20,37,63,,,1997-06-01
Lightning,376,34887,48,45,11,,,1997-08-01
Deforestation,463,97564,47,11,5,,,1997-08-01
Unknown,78,89522,18,31,18,,,1997-10-01
Unknown,230,6083,20,58,9,,,1997-09-01
Climate Change,185,77895,19,51,41,,,1998-06-01
Human,139,21743,42,47,48,,,1998-06-01
Lightning,346,59801,41,76,7,,,1998-05-01
Lightning,225,88524,19,75,23,,,1998-07-01
Unknown,435,64472,46,87,2,,,1998-07-01
Unknown,178,76123,22,36,31,,,1998-10-01
Unknown,480,48076,46,93,62,,,1998-10-01
Lightning,401,97468,24,63,58,,,1998-05-01
Unknown,15,81696,48,88,8,,,1998-08-01
Deforestation,66,86940,43,80,6,,,1998-05-01
Unknown,481,43526,15,20,31,,,1998-08-01
Lightning,302,42144,27,52,63,,,1998-05-01
Unknown,353,32796,42,81,4,,,1998-08-01
Deforestation,436,61631,31,86,41,,,1998-09-01
Deforestation,333,21888,43,70,18,,,1998-06-01
Unknown,124,85506,44,55,17,,,1998-05-01
Lightning,18,57911,38,86,44,,,1998-06-01
Climate Change,151,40375,44,67,27,,,1998-05-01
Climate Change,327,57755,43,10,53,,,1998-07-01
Lightning,440,61897,21,79,12,,,1998-05-01
Climate Change,152,68002,38,34,31,,,1998-08-01
Unknown,372,25668,36,65,22,,,1998-05-01
Deforestation,250,68297,20,36,28,,,1998-09-01
Climate Change,391,31508,44,26,20,,,1998-09-01
Lightning,499,54006,41,76,55,,,1998-08-01
Human,339,88815,40,88,11,,,1998-07-01
Human,214,8961,38,78,67,,,1998-07-01
Climate Change,356,83862,21,75,28,,,1998-10-01
Climate Change,357,69914,27,6,52,,,1999-06-01
Human,151,9301,16,55,27,,,1999-09-01
Unknown,280,70522,49,79,9,,,1999-10-01
Deforestation,438,14550,38,25,37,,,1999-05-01
Climate Change,318,4258,30,10,53,,,1999-09-01
Lightning,221,49730,27,22,36,,,1999-06-01
Climate Change,171,27233,35,5,5,,,1999-10-01
Human,261,25361,26,11,52,,,1999-06-01
Unknown,182,95229,40,71,56,,,1999-07-01
Lightning,48,76468,22,18,63,,,1999-08-01
Climate Change,451,65829,46,44,14,,,1999-07-01
Human,21,49778,30,17,24,,,1999-07-01
Human,47,47021,44,17,31,,,1999-08-01
Lightning,498,92801,49,70,40,,,1999-05-01
Lightning,391,16572,36,42,15,,,1999-09-01
Deforestation,134,56643,17,45,9,,,1999-10-01
Lightning,100,49454,15,83,5,,,1999-06-01
Deforestation,96,13165,37,65,48,,,1999-08-01
Human,491,90314,36,20,4,,,1999-07-01
Lightning,371,46084,16,43,47,,,1999-08-01
Climate Change,19,72554,23,10,58,,,1999-07-01
Unknown,34,13850,34,58,28,,,1999-08-01
Lightning,447,24938,28,14,51,,,1999-08-01
Climate Change,22,28055,45,88,24,,,1999-06-01
Climate Change,213,87073,27,85,16,,,1999-06-01
Lightning,432,23103,44,39,23,,,1999-06-01
Human,463,65673,20,68,8,,,1999-06-01
Lightning,48,25194,15,66,19,,,1999-10-01
Deforestation,139,34262,43,14,62,,,2000-08-01
Climate Change,191,98638,48,12,56,,,2000-07-01
Human,389,57499,25,92,11,,,2000-10-01
Climate Change,27,57587,30,60,7,,,2000-08-01
Human,451,43080,39,50,22,,,2000-10-01
Human,170,99240,26,73,45,,,2000-07-01
Human,269,81222,24,50,59,,,2000-08-01
Deforestation,56,14163,31,17,7,,,2000-09-01
Deforestation,361,98195,31,9,7,,,2000-06-01
Climate Change,377,84548,31,31,4,,,2000-06-01
Climate Change,225,49189,48,41,43,,,2000-08-01
Deforestation,448,42340,18,18,19,,,2000-05-01
Climate Change,261,48536,36,54,17,,,2000-06-01
Human,480,43482,16,75,36,,,2000-08-01
Human,368,1765,33,80,10,,,2000-08-01
Unknown,466,88248,35,90,50,,,2000-07-01
Unknown,149,62646,26,93,33,,,2000-06-01
Human,92,25357,17,93,27,,,2000-07-01
Deforestation,268,27624,49,45,20,,,2000-08-01
Climate Change,443,80859,46,50,37,,,2000-09-01
Lightning,78,91075,26,76,47,,,2000-06-01
Human,210,8677,19,23,40,,,2000-10-01
Lightning,405,78370,41,24,9,,,2000-06-01
Deforestation,36,21729,38,28,57,,,2000-07-01
Unknown,124,3957,37,52,65,,,2000-05-01
Human,411,52793,38,65,56,,,2000-08-01
Lightning,88,43332,22,78,2,,,2000-09-01
Climate Change,157,32408,24,64,52,,,2000-09-01
Human,257,77907,34,52,41,,,2001-05-01
Deforestation,473,96073,29,74,62,,,2001-07-01
Deforestation,178,23248,49,76,4,,,2001-06-01
Unknown,441,76593,43,57,55,,,2001-06-01
Unknown,453,59890,36,38,51,,,2001-07-01
Unknown,333,51557,30,58,34,,,2001-05-01
Unknown,317,66633,32,20,9,,,2001-05-01
Human,168,35954,32,27,4,,,2001-08-01
Human,177,40035,46,61,8,,,2001-10-01
Unknown,446,77595,26,12,42,,,2001-10-01
Climate Change,306,5491,19,34,51,,,2001-06-01
Climate Change,265,40782,49,53,51,,,2001-06-01
Lightning,112,42641,32,88,35,,,2001-10-01
Human,334,20018,25,89,51,,,2001-08-01
Deforestation,136,68364,31,66,26,,,2001-05-01
Human,279,77938,19,84,61,,,2001-05-01
Deforestation,244,23235,46,17,39,,,2001-09-01
Climate Change,213,46312,47,9,49,,,2001-06-01
Lightning,355,49385,27,46,53,,,2001-06-01
Lightning,286,84216,34,85,58,,,2001-07-01
Deforestation,9,82545,18,56,49,,,2001-06-01
Lightning,461,7404,33,28,5,,,2001-08-01
Unknown,485,44644,49,78,13,,,2001-05-01
Lightning,466,10093,32,28,2,,,2001-06-01
Lightning,83,29995,49,86,17,,,2001-10-01
Climate Change,147,23329,21,11,28,,,2001-09-01
Climate Change,474,58579,31,48,14,,,2001-05-01
Human,77,88424,18,30,69,,,2001-06-01
Lightning,154,87943,49,29,62,,,2002-09-01
Human,246,98973,26,61,64,,,2002-06-01
Deforestation,15,79856,41,93,68,,,2002-08-01
Lightning,349,76944,31,71,23,,,2002-05-01
Lightning,466,18323,27,74,7,,,2002-10-01
Unknown,116,29180,44,59,59,,,2002-07-01
Climate Change,20,48704,46,77,38,,,2002-09-01
Deforestation,219,67445,16,62,11,,,2002-09-01
Deforestation,306,92981,41,82,46,,,2002-08-01
Deforestation,166,12228,41,52,8,,,2002-09-01
Lightning,345,49340,47,37,26,,,2002-07-01
Unknown,426,85769,32,14,36,,,2002-10-01
Human,364,42874,15,86,26,,,2002-07-01
Human,216,10100,25,81,21,,,2002-09-01
Human,174,65040,45,69,53,,,2002-05-01
Deforestation,153,70273,17,74,44,,,2002-08-01
Human,263,62237,25,49,33,,,2002-09-01
Unknown,243,1463,42,17,30,,,2002-06-01
Unknown,451,18505,40,63,50,,,2002-10-01
Unknown,476,5122,24,10,8,,,2002-09-01
Deforestation,35,61995,35,5,46,,,2002-09-01
Human,438,89394,17,34,69,,,2002-10-01
Human,71,94952,45,15,67,,,2002-08-01
Unknown,244,62556,24,54,40,,,2002-08-01
Climate Change,323,74016,42,42,34,,,2002-09-01
Unknown,79,99984,15,57,48,,,2002-09-01
Human,71,98877,28,27,55,,,2002-05-01
Unknown,40,17719,20,32,51,,,2002-10-01
Deforestation,418,55377,31,77,55,,,2003-10-01
Unknown,160,15947,19,73,8,,,2003-10-01
Climate Change,149,73068,23,63,14,,,2003-09-01
Lightning,272,86023,30,23,7,,,2003-07-01
Deforestation,418,38082,35,41,10,,,2003-08-01
Unknown,295,79821,35,21,56,,,2003-09-01
Climate Change,381,78088,39,5,50,,,2003-10-01
Deforestation,39,33885,26,51,44,,,2003-06-01
Climate Change,421,4800,36,58,20,,,2003-08-01
Climate Change,327,31952,48,79,49,,,2003-05-01
Lightning,179,93630,16,10,47,,,2003-06-01
Lightning,366,44427,28,78,34,,,2003-06-01
Unknown,66,44633,46,53,6,,,2003-06-01
Climate Change,73,83922,47,64,47,,,2003-07-01
Human,253,48193,31,71,14,,,2003-08-01
Deforestation,116,40949,47,55,37,,,2003-08-01
Unknown,363,68997,19,52,41,,,2003-05-01
Deforestation,30,68337,30,61,23,,,2003-09-01
Unknown,371,47920,32,33,3,,,2003-05-01
Climate Change,262,40294,22,15,33,,,2003-10-01
Human,397,74427,30,85,11,,,2003-08-01
Human,168,30843,36,56,51,,,2003-09-01
Unknown,479,90960,33,23,53,,,2003-06-01
Climate Change,484,44928,35,39,6,,,2003-06-01
Human,257,39018,16,93,11,,,2003-08-01
Deforestation,304,82857,49,66,21,,,2003-10-01
Human,167,72968,30,32,33,,,2003-09-01
Human,399,13325,42,92,60,,,2003-08-01
Human,220,1749,48,26,30,,,2004-08-01
Deforestation,46,38317,44,79,35,,,2004-06-01
Human,127,43760,35,5,59,,,2004-09-01
Climate Change,249,72377,37,25,7,,,2004-09-01
Human,336,62219,42,15,57,,,2004-08-01
Human,39,73524,49,23,32,,,2004-05-01
Human,54,97466,24,12,27,,,2004-05-01
Deforestation,23,89137,15,52,26,,,2004-06-01
Climate Change,380,82241,17,36,18,,,2004-08-01
Deforestation,110,46504,18,23,18,,,2004-09-01
Lightning,223,89444,32,70,69,,,2004-09-01
Human,61,24620,35,27,3,,,2004-08-01
Climate Change,91,16893,21,48,34,,,2004-07-01
Human,452,34919,40,89,28,,,2004-05-01
Human,119,96562,49,73,24,,,2004-07-01
Lightning,37,71004,38,92,25,,,2004-05-01
Human,43,54048,45,29,28,,,2004-07-01
Human,457,68303,33,20,12,,,2004-07-01
Climate Change,206,51415,37,59,26,,,2004-07-01
Lightning,236,14384,26,92,22,,,2004-09-01
Unknown,439,83676,37,37,9,,,2004-09-01
Human,81,26664,24,67,15,,,2004-06-01
Deforestation,79,38673,43,57,53,,,2004-10-01
Human,117,6493,34,58,12,,,2004-10-01
Lightning,285,45115,41,87,59,,,2004-08-01
Deforestation,489,24218,42,43,12,,,2004-09-01
Unknown,146,14087,16,61,61,,,2004-07-01
Unknown,26,70115,43,62,66,,,2004-08-01
Deforestation,162,56495,18,83,45,,,2005-06-01
Climate Change,378,87130,35,14,31,,,2005-08-01
Deforestation,236,35296,43,12,30,,,2005-08-01
Human,457,55079,49,54,41,,,2005-06-01
Climate Change,400,6328,41,5,66,,,2005-10-01
Unknown,282,87794,34,71,15,,,2005-09-01
Lightning,23,33931,18,37,44,,,2005-05-01
Human,454,35600,45,67,7,,,2005-09-01
Deforestation,376,1474,17,63,14,,,2005-08-01
Climate Change,324,24371,27,8,34,,,2005-09-01
Human,313,20936,43,63,41,,,2005-09-01
Climate Change,310,99463,32,24,6,,,2005-07-01
Human,384,16651,33,91,27,,,2005-06-01
Lightning,289,41374,33,66,49,,,2005-05-01
Unknown,278,30501,41,10,60,,,2005-10-01
Climate Change,35,13516,32,91,24,,,2005-10-01
Lightning,168,61820,34,9,19,,,2005-08-01
Deforestation,236,43652,15,67,42,,,2005-06-01
Deforestation,388,50639,16,50,9,,,2005-06-01
Climate Change,328,1416,27,77,46,,,2005-10-01
Unknown,301,77371,16,66,20,,,2005-09-01
Climate Change,404,60987,19,27,63,,,2005-10-01
Human,419,74648,17,30,14,,,2005-10-01
Climate Change,170,87289,43,49,47,,,2005-08-01
Human,210,13991,34,81,69,,,2005-09-01
Human,140,85899,20,90,17,,,2005-07-01
Human,191,19337,32,16,55,,,2005-10-01
Deforestation,435,88676,30,25,2,,,2005-07-01
Unknown,455,2015,45,64,32,,,2006-09-01
Deforestation,485,50628,43,93,14,,,2006-06-01
Deforestation,368,20505,42,72,4,,,2006-07-01
Deforestation,490,14536,39,45,36,,,2006-06-01
Unknown,109,22336,49,88,51,,,2006-09-01
Human,462,45313,27,74,55,,,2006-08-01
Deforestation,345,13257,42,68,22,,,2006-08-01
Lightning,31,6832,43,43,58,,,2006-07-01
Unknown,169,56384,44,32,24,,,2006-08-01
Climate Change,264,48614,46,8,66,,,2006-05-01
Climate Change,401,28190,23,35,14,,,2006-08-01
Lightning,6,27652,21,22,52,,,2006-10-01
Deforestation,303,23326,23,72,40,,,2006-08-01
Lightning,399,48101,36,65,27,,,2006-05-01
Climate Change,164,58702,40,75,34,,,2006-08-01
Climate Change,99,47424,25,36,65,,,2006-05-01
Lightning,294,75730,22,70,22,,,2006-08-01
Deforestation,74,10585,30,77,36,,,2006-09-01
Lightning,175,19665,24,78,21,,,2006-07-01
Deforestation,266,84760,16,42,34,,,2006-05-01
Climate Change,104,2182,36,72,18,,,2006-07-01
Climate Change,217,63388,44,46,8,,,2006-09-01
Deforestation,384,54570,38,23,42,,,2006-05-01
Deforestation,154,67735,41,10,26,,,2006-06-01
Lightning,14,69933,19,90,69,,,2006-06-01
Human,331,46229,25,57,51,,,2006-06-01
Human,128,21583,39,89,30,,,2006-08-01
Unknown,487,7112,43,92,60,,,2006-10-01
Lightning,356,9615,34,61,65,,,2007-10-01
Human,359,9300,41,21,64,,,2007-08-01
Lightning,68,31834,16,58,30,,,2007-07-01
Human,220,59067,23,31,57,,,2007-09-01
Climate Change,385,92081,39,47,23,,,2007-05-01
Lightning,165,38782,33,49,46,,,2007-07-01
Unknown,74,52134,17,17,64,,,2007-06-01
Climate Change,253,46052,45,21,10,,,2007-09-01
Climate Change,324,99228,28,79,26,,,2007-09-01
Human,82,61340,17,94,2,,,2007-06-01
Unknown,489,68330,17,57,33,,,2007-07-01
Climate Change,177,67862,32,5,22,,,2007-08-01
Unknown,372,69747,36,87,2,,,2007-08-01
Lightning,248,49677,20,7,45,,,2007-08-01
Unknown,439,50811,46,17,44,,,2007-07-01
Unknown,127,90323,16,72,61,,,2007-08-01
Human,392,24548,44,9,13,,,2007-05-01
Human,164,77193,31,62,41,,,2007-10-01
Deforestation,371,70883,43,89,53,,,2007-08-01
Lightning,149,62840,48,79,21,,,2007-08-01
Human,185,79061,43,5,60,,,2007-05-01
Lightning,204,72124,25,19,36,,,2007-10-01
Unknown,49,7736,27,38,39,,,2007-09-01
Climate Change,368,28455,20,25,29,,,2007-10-01
Climate Change,27,14710,25,54,59,,,2007-07-01
Unknown,24,46159,42,76,54,,,2007-08-01
Human,345,26727,39,38,10,,,2007-07-01
Climate Change,260,33838,23,84,5,,,2007-06-01
Human,267,58226,25,56,8,,,2008-06-01
Climate Change,49,9693,42,7,15,,,2008-07-01
Climate Change,289,94197,38,50,13,,,2008-06-01
Lightning,305,98691,27,8,24,,,2008-09-01
Climate Change,58,73773,28,32,68,,,2008-10-01
Unknown,104,64202,23,21,50,,,2008-09-01
Climate Change,82,95889,27,49,54,,,2008-08-01
Unknown,307,25742,34,79,29,,,2008-05-01
Human,429,38593,47,40,34,,,2008-09-01
Deforestation,496,78414,35,37,68,,,2008-05-01
Lightning,467,89092,36,69,48,,,2008-10-01
Unknown,377,22071,30,63,15,,,2008-07-01
Human,388,66458,48,60,50,,,2008-06-01
Climate Change,192,75988,21,10,9,,,2008-06-01
Deforestation,403,69629,24,7,47,,,2008-09-01
Human,71,27428,33,66,58,,,2008-10-01
Climate Change,92,39983,30,20,53,,,2008-07-01
Deforestation,216,73868,27,8,44,,,2008-09-01
Unknown,92,58048,36,57,26,,,2008-05-01
Climate Change,263,64220,45,17,19,,,2008-05-01
Human,175,28933,35,40,55,,,2008-09-01
Deforestation,374,75927,26,15,49,,,2008-07-01
Unknown,224,1734,29,20,48,,,2008-09-01
Human,291,26031,49,80,62,,,2008-07-01
Lightning,478,79898,28,8,18,,,2008-09-01
Human,412,96916,26,15,30,,,2008-09-01
Unknown,313,37139,41,90,67,,,2008-10-01
Deforestation,180,33217,21,61,4,,,2008-08-01
Lightning,365,10347,29,34,47,,,2009-05-01
Deforestation,375,19664,40,82,32,,,2009-06-01
Deforestation,300,76588,32,40,51,,,2009-10-01
Lightning,428,83046,21,35,66,,,2009-09-01
Climate Change,81,23910,49,19,22,,,2009-10-01
Unknown,343,2047,27,83,52,,,2009-10-01
Unknown,354,18077,16,29,12,,,2009-07-01
Lightning,308,39380,31,34,36,,,2009-05-01
Climate Change,23,8401,48,36,7,,,2009-06-01
Deforestation,401,36426,21,49,46,,,2009-07-01
Deforestation,325,40385,43,88,62,,,2009-09-01
Deforestation,155,76098,49,26,34,,,2009-05-01
Deforestation,360,46223,16,21,66,,,2009-09-01
Unknown,114,56193,47,30,36,,,2009-06-01
Human,203,86015,45,58,68,,,2009-07-01
Lightning,55,78237,35,60,38,,,2009-05-01
Climate Change,407,58591,35,82,54,,,2009-05-01
Climate Change,451,96033,33,79,3,,,2009-09-01
Human,138,64768,19,45,63,,,2009-05-01
Unknown,363,14625,41,54,53,,,2009-10-01
Unknown,450,80583,30,58,6,,,2009-05-01
Unknown,166,71621,45,24,64,,,2009-05-01
Lightning,418,2600,20,7,50,,,2009-07-01
Human,284,16783,29,42,45,,,2009-06-01
Climate Change,475,93970,36,68,49,,,2009-06-01
Deforestation,229,29049,31,90,6,,,2009-09-01
Climate Change,349,88041,31,21,60,,,2009-09-01
Climate Change,427,48281,18,82,28,,,2009-05-01
Unknown,76,46680,35,61,43,,,2010-07-01
Human,436,40830,26,39,17,,,2010-10-01
Human,70,29502,34,89,9,,,2010-08-01
Lightning,253,63093,16,80,52,,,2010-06-01
Lightning,207,22001,44,60,43,,,2010-06-01
Deforestation,235,98798,16,16,22,,,2010-08-01
Deforestation,459,56999,36,77,13,,,2010-09-01
Unknown,204,35844,18,18,15,,,2010-05-01
Lightning,77,87572,31,72,61,,,2010-05-01
Climate Change,370,35046,39,25,13,,,2010-09-01
Human,5,35555,21,14,16,,,2010-10-01
Climate Change,444,2321,37,17,28,,,2010-07-01
Climate Change,213,80021,27,16,30,,,2010-05-01
Deforestation,88,33143,47,46,16,,,2010-09-01
Climate Change,453,85998,33,55,35,,,2010-08-01
Lightning,241,77039,36,52,41,,,2010-08-01
Deforestation,227,46375,31,87,56,,,2010-06-01
Unknown,371,29252,27,77,36,,,2010-06-01
Lightning,20,6709,46,11,47,,,2010-06-01
Lightning,278,53930,38,82,51,,,2010-09-01
Lightning,498,92601,36,78,39,,,2010-09-01
Human,238,87514,15,82,37,,,2010-05-01
Unknown,358,7302,37,50,62,,,2010-08-01
Deforestation,221,31101,29,67,5,,,2010-05-01
Lightning,490,56592,15,26,12,,,2010-06-01
Deforestation,234,88328,40,55,59,,,2010-10-01
Deforestation,267,918,37,94,10,,,2010-09-01
Climate Change,298,57298,21,15,51,,,2010-10-01
Climate Change,301,12032,30,20,45,,,2011-07-01
Lightning,495,73044,33,55,67,,,2011-06-01
Human,242,60761,42,42,29,,,2011-07-01
Unknown,45,65927,37,70,11,,,2011-07-01
Climate Change,204,32178,43,67,23,,,2011-10-01
Lightning,24,30596,24,83,38,,,2011-06-01
Climate Change,92,21410,29,83,38,,,2011-07-01
Unknown,146,12942,35,88,34,,,2011-09-01
Unknown,364,26810,37,39,26,,,2011-07-01
Lightning,140,46039,42,32,13,,,2011-10-01
Unknown,191,88584,18,45,46,,,2011-06-01
Climate Change,115,40325,21,36,24,,,2011-09-01
Climate Change,204,5461,48,52,30,,,2011-05-01
Climate Change,27,75145,19,56,41,,,2011-09-01
Human,338,95579,16,39,46,,,2011-07-01
Lightning,127,29830,42,76,33,,,2011-05-01
Deforestation,113,2784,31,78,5,,,2011-08-01
Lightning,265,18213,41,28,30,,,2011-10-01
Climate Change,150,34526,18,37,43,,,2011-07-01
Unknown,183,44256,34,89,68,,,2011-08-01
Lightning,328,17185,25,84,60,,,2011-05-01
Climate Change,394,56514,37,56,5,,,2011-08-01
Unknown,430,3144,47,46,30,,,2011-09-01
Unknown,407,94007,30,9,47,,,2011-09-01
Climate Change,177,28536,36,34,24,,,2011-08-01
Deforestation,67,98624,44,86,53,,,2011-09-01
Deforestation,43,42548,21,31,29,,,2011-05-01
Climate Change,442,57922,22,74,5,,,2011-08-01
Unknown,495,82309,20,40,40,,,2012-10-01
Deforestation,140,94706,30,69,60,,,2012-06-01
Unknown,11,76589,31,16,47,,,2012-06-01
Deforestation,292,73475,40,82,62,,,2012-07-01
Unknown,321,2773,42,59,2,,,2012-09-01
Human,367,53030,39,20,14,,,2012-09-01
Unknown,112,7687,33,51,21,,,2012-08-01
Human,442,69331,25,90,35,,,2012-06-01
Unknown,498,18185,42,43,44,,,2012-09-01
Lightning,119,97538,32,94,43,,,2012-07-01
Unknown,362,98203,33,18,15,,,2012-09-01
Lightning,417,63796,23,69,69,,,2012-06-01
Lightning,331,18286,33,7,9,,,2012-06-01
Unknown,246,97864,23,23,13,,,2012-09-01
Lightning,233,33235,39,49,49,,,2012-07-01
Deforestation,85,21391,47,82,29,,,2012-06-01
Lightning,187,15575,29,65,12,,,2012-06-01
Lightning,147,84385,29,67,44,,,2012-08-01
Deforestation,320,55635,29,33,41,,,2012-06-01
Human,218,89710,47,66,9,,,2012-05-01
Unknown,61,60135,33,28,42,,,2012-07-01
Unknown,470,35652,24,82,8,,,2012-05-01
Deforestation,346,39264,25,40,61,,,2012-08-01
Deforestation,356,20833,31,90,47,,,2012-09-01
Deforestation,88,74968,48,25,16,,,2012-06-01
Deforestation,106,99060,19,27,15,,,2012-09-01
Climate Change,291,28912,24,35,44,,,2012-06-01
Lightning,209,46657,49,72,56,,,2012-07-01
Unknown,200,225,44,31,40,,,2013-09-01
Deforestation,363,25330,44,36,30,,,2013-07-01
Unknown,222,84294,19,45,57,,,2013-10-01
Lightning,340,91340,27,47,30,,,2013-10-01
Unknown,138,5820,18,38,34,,,2013-06-01
Unknown,432,84933,45,84,67,,,2013-08-01
Lightning,446,7071,20,64,24,,,2013-05-01
Deforestation,496,11208,33,53,59,,,2013-08-01
Unknown,139,16093,29,80,54,,,2013-07-01
Climate Change,481,89722,23,92,66,,,2013-09-01
Lightning,270,54624,29,13,14,,,2013-08-01
Human,397,18150,39,92,37,,,2013-05-01
Unknown,24,84660,40,23,61,,,2013-05-01
Unknown,372,74716,36,23,54,,,2013-09-01
Climate Change,340,42523,45,57,35,,,2013-10-01
Deforestation,399,7239,21,53,61,,,2013-08-01
Unknown,307,46423,29,31,23,,,2013-05-01
Lightning,493,22547,29,51,28,,,2013-09-01
Human,473,81392,25,63,11,,,2013-07-01
Climate Change,293,34353,22,37,8,,,2013-05-01
Human,331,17898,21,88,19,,,2013-06-01
Climate Change,175,51276,28,25,58,,,2013-09-01
Deforestation,306,34813,38,9,43,,,2013-07-01
Deforestation,480,90317,46,92,7,,,2013-10-01
Climate Change,498,30246,48,11,59,,,2013-06-01
Climate Change,419,34220,27,85,41,,,2013-09-01
Climate Change,290,23284,31,5,32,,,2013-08-01
Climate Change,369,52563,29,60,61,,,2013-07-01
Climate Change,6,52387,41,72,14,,,2014-07-01
Human,345,44410,29,82,38,,,2014-05-01
Lightning,225,85498,21,13,5,,,2014-10-01
Deforestation,124,96223,47,36,45,,,2014-06-01
Deforestation,242,8584,42,71,61,,,2014-09-01
Deforestation,40,81556,22,54,42,,,2014-07-01
Climate Change,249,67796,36,82,56,,,2014-09-01
Human,200,53749,26,45,43,,,2014-10-01
Human,448,57749,33,40,49,,,2014-09-01
Human,396,74189,26,35,13,,,2014-05-01
Deforestation,198,49903,21,65,59,,,2014-05-01
Unknown,17,5144,15,53,36,,,2014-06-01
Deforestation,99,18164,24,38,5,,,2014-10-01
Deforestation,33,48529,27,63,62,,,2014-09-01
Climate Change,326,67278,23,24,22,,,2014-08-01
Deforestation,16,18101,19,64,54,,,2014-05-01
Lightning,210,69651,33,21,55,,,2014-08-01
Human,72,6022,27,37,16,,,2014-06-01
Human,416,96924,21,9,58,,,2014-07-01
Unknown,486,16651,21,44,60,,,2014-10-01
Lightning,224,21470,23,10,66,,,2014-07-01
Unknown,462,3592,37,37,10,,,2014-07-01
Deforestation,209,34239,21,30,17,,,2014-09-01
Unknown,222,69910,15,89,46,,,2014-06-01
Human,41,46778,16,67,44,,,2014-05-01
Climate Change,360,63528,39,12,35,,,2014-08-01
Deforestation,356,80606,39,7,46,,,2014-05-01
Unknown,440,81219,49,38,9,,,2014-06-01
Lightning,212,40354,39,62,49,,,2015-07-01
Climate Change,12,70367,48,92,30,,,2015-05-01
Unknown,263,38890,25,36,60,,,2015-10-01
Lightning,144,96420,21,70,41,,,2015-06-01
Unknown,163,1476,44,35,35,,,2015-10-01
Unknown,404,59897,41,21,5,,,2015-05-01
Human,382,17862,36,56,36,,,2015-09-01
Unknown,147,10656,35,81,48,,,2015-08-01
Deforestation,53,76824,45,48,33,,,2015-07-01
Climate Change,162,62069,30,39,63,,,2015-08-01
Deforestation,141,40865,24,56,13,,,2015-07-01
Deforestation,391,53726,22,94,24,,,2015-10-01
Lightning,22,40879,25,14,4,,,2015-06-01
Unknown,75,17056,22,17,13,,,2015-10-01
Deforestation,490,76313,16,19,50,,,2015-07-01
Climate Change,43,28285,39,55,5,,,2015-06-01
Lightning,415,28122,43,73,19,,,2015-06-01
Lightning,264,70372,34,74,21,,,2015-09-01
Lightning,178,894,46,14,13,,,2015-08-01
Climate Change,348,61051,39,12,56,,,2015-06-01
Unknown,495,33723,29,82,35,,,2015-10-01
Deforestation,498,87336,27,36,38,,,2015-07-01
Deforestation,11,30739,25,91,32,,,2015-06-01
Climate Change,305,68651,45,5,12,,,2015-08-01
Deforestation,328,84359,17,60,52,,,2015-09-01
Human,473,52197,19,6,59,,,2015-09-01
Human,265,62199,20,60,55,,,2015-08-01
Unknown,263,18882,19,94,17,,,2015-07-01
Human,291,36223,49,47,28,,,2016-09-01
Deforestation,121,8380,43,37,57,,,2016-08-01
Climate Change,402,78971,48,91,20,,,2016-06-01
Unknown,53,75790,48,53,12,,,2016-10-01
Lightning,435,64646,21,33,55,,,2016-10-01
Deforestation,283,44283,24,65,9,,,2016-10-01
Lightning,481,33024,46,56,39,,,2016-08-01
Human,266,22891,26,66,35,,,2016-05-01
Unknown,330,40373,29,44,10,,,2016-07-01
Lightning,250,58665,30,56,2,,,2016-09-01
Human,384,74707,15,43,17,,,2016-10-01
Lightning,116,11731,36,90,32,,,2016-05-01
Unknown,40,15840,19,29,31,,,2016-07-01
Climate Change,16,71038,38,67,56,,,2016-05-01
Deforestation,86,87195,36,30,39,,,2016-10-01
Human,296,97013,28,27,15,,,2016-09-01
Unknown,282,99726,32,81,37,,,2016-09-01
Lightning,11,84090,46,25,48,,,2016-09-01
Human,88,86989,25,36,15,,,2016-09-01
Human,107,92366,39,68,49,,,2016-08-01
Human,297,50586,42,5,54,,,2016-07-01
Unknown,187,16496,45,12,26,,,2016-05-01
Unknown,293,11088,21,70,47,,,2016-07-01
Human,125,11729,26,56,13,,,2016-09-01
Climate Change,167,33569,35,70,54,,,2016-10-01
Deforestation,25,43506,24,86,24,,,2016-05-01
Lightning,443,35419,16,43,8,,,2016-10-01
Climate Change,347,49969,39,60,32,,,2016-06-01
Lightning,6,5434,25,33,50,,,2017-06-01
Deforestation,36,16129,31,26,31,,,2017-05-01
Deforestation,148,88599,45,16,34,,,2017-05-01
Lightning,16,3964,33,59,4,,,2017-06-01
Deforestation,487,41384,41,41,17,,,2017-09-01
Human,285,93828,44,45,5,,,2017-08-01
Human,64,91116,19,28,25,,,2017-06-01
Lightning,433,84744,33,27,36,,,2017-09-01
Climate Change,374,12649,44,5,64,,,2017-10-01
Unknown,349,14175,28,15,3,,,2017-08-01
Unknown,98,36545,27,11,68,,,2017-09-01
Deforestation,466,86050,28,23,9,,,2017-05-01
Deforestation,139,16030,21,59,4,,,2017-07-01
Human,22,72080,42,40,17,,,2017-07-01
Human,319,47093,33,33,51,,,2017-09-01
Deforestation,499,45920,21,87,42,,,2017-06-01
Unknown,9,28370,25,14,29,,,2017-07-01
Deforestation,337,56736,22,54,2,,,2017-10-01
Deforestation,271,75863,24,19,48,,,2017-09-01
Deforestation,157,6611,31,19,17,,,2017-09-01
Lightning,424,85430,35,79,4,,,2017-06-01
Human,22,67378,29,21,14,,,2017-06-01
Lightning,191,74247,19,18,26,,,2017-10-01
Climate Change,381,72907,42,39,66,,,2017-08-01
Human,303,54570,37,92,51,,,2017-07-01
Deforestation,16,10422,41,65,20,,,2017-09-01
Human,55,77731,27,6,37,,,2017-05-01
Lightning,388,97262,18,72,65,,,2017-09-01
Deforestation,93,35197,37,6,41,,,2018-05-01
Climate Change,392,38492,41,9,16,,,2018-08-01
Deforestation,199,5685,40,10,45,,,2018-05-01
Lightning,62,5556,41,24,36,,,2018-10-01
Unknown,436,77862,18,8,40,,,2018-08-01
Deforestation,496,78835,47,13,18,,,2018-09-01
Human,229,76527,25,17,32,,,2018-07-01
Unknown,234,11901,35,14,36,,,2018-09-01
Climate Change,75,36488,42,71,50,,,2018-06-01
Lightning,296,85043,18,80,59,,,2018-07-01
Unknown,496,59517,48,33,10,,,2018-05-01
Deforestation,40,6631,38,85,14,,,2018-10-01
Deforestation,277,32918,47,25,23,,,2018-08-01
Unknown,455,77630,29,88,3,,,2018-05-01
Deforestation,49,90480,36,93,56,,,2018-08-01
Deforestation,458,334,30,12,62,,,2018-05-01
Deforestation,398,87109,28,71,56,,,2018-05-01
Deforestation,444,79820,20,38,66,,,2018-09-01
Climate Change,477,78755,37,86,67,,,2018-07-01
Unknown,484,76065,22,46,42,,,2018-07-01
Lightning,255,60746,33,6,63,,,2018-07-01
Unknown,20,28921,15,49,55,,,2018-07-01
Human,346,11363,29,54,23,,,2018-06-01
Unknown,173,87598,21,89,5,,,2018-05-01
Deforestation,254,37310,31,88,27,,,2018-08-01
Unknown,205,94248,22,25,17,,,2018-07-01
Unknown,20,36341,32,82,57,,,2018-07-01
Climate Change,236,68083,15,64,62,,,2018-09-01
Lightning,130,55086,46,23,57,,,2019-07-01
Lightning,391,41471,37,76,30,,,2019-09-01
Human,319,47228,21,27,41,,,2019-09-01
Climate Change,18,14976,37,14,48,,,2019-06-01
Unknown,16,28485,34,10,15,,,2019-08-01
Deforestation,179,61092,15,17,9,,,2019-07-01
Lightning,250,82694,40,42,67,,,2019-06-01
Lightning,130,897,21,31,12,,,2019-06-01
Unknown,396,73326,29,60,36,,,2019-09-01
Lightning,174,24844,38,26,6,,,2019-07-01
Climate Change,105,82594,29,53,56,,,2019-08-01
Deforestation,445,31872,45,77,11,,,2019-08-01
Human,398,5977,39,61,55,,,2019-09-01
Climate Change,457,35002,22,85,2,,,2019-08-01
Unknown,400,44038,28,86,34,,,2019-10-01
Deforestation,486,55548,35,87,47,,,2019-07-01
Deforestation,193,76687,25,26,63,,,2019-07-01
Deforestation,180,14667,47,89,61,,,2019-06-01
Lightning,6,50160,45,14,24,,,2019-07-01
Human,243,99712,45,82,19,,,2019-10-01
Deforestation,363,56466,16,58,32,,,2019-07-01
Unknown,436,89317,19,11,21,,,2019-07-01
Lightning,337,23683,17,45,43,,,2019-08-01
Climate Change,253,77880,37,75,18,,,2019-09-01
Climate Change,388,44097,38,75,35,,,2019-08-01
Human,252,41101,41,82,60,,,2019-10-01
Deforestation,119,89647,21,29,16,,,2019-07-01
Deforestation,448,54454,35,38,8,,,2019-07-01
Lightning,176,18494,37,62,21,,,2020-06-01
Climate Change,377,16927,17,6,23,,,2020-07-01
Unknown,363,21963,38,16,23,,,2020-10-01
Unknown,343,75692,46,85,24,,,2020-10-01
Deforestation,195,84353,40,94,12,,,2020-06-01
Unknown,378,65296,26,93,59,,,2020-08-01
Lightning,26,7082,46,89,62,,,2020-06-01
Climate Change,247,68066,22,93,29,,,2020-09-01
Unknown,58,95490,39,45,38,,,2020-08-01
Climate Change,426,89007,45,66,19,,,2020-09-01
Deforestation,10,56300,45,6,30,,,2020-06-01
Lightning,381,39702,19,27,8,,,2020-10-01
Unknown,238,60077,30,19,54,,,2020-09-01
Climate Change,471,23174,19,53,19,,,2020-07-01
Unknown,133,39038,41,93,42,,,2020-07-01
Climate Change,274,77015,34,89,12,,,2020-09-01
Human,344,96891,36,28,16,,,2020-06-01
Deforestation,498,56002,45,57,45,,,2020-08-01
Lightning,39,73336,42,21,13,,,2020-10-01
Unknown,150,44882,17,19,17,,,2020-08-01
Human,122,48084,25,10,10,,,2020-10-01
Lightning,468,73633,33,17,33,,,2020-08-01
Climate Change,269,60564,45,35,60,,,2020-08-01
Climate Change,451,20453,46,47,2,,,2020-07-01
Deforestation,193,88806,21,37,10,,,2020-09-01
Unknown,150,61501,45,76,64,,,2020-10-01
Human,349,16210,32,23,65,,,2020-06-01
Human,57,26985,22,77,56,,,2020-08-01
Climate Change,488,42089,18,90,41,,,2021-07-01
Unknown,489,33646,28,30,39,,,2021-07-01
Human,40,62694,32,27,30,,,2021-10-01
Lightning,330,25140,45,10,35,,,2021-08-01
Unknown,304,20350,39,78,40,,,2021-08-01
Deforestation,171,96495,17,26,5,,,2021-10-01
Unknown,216,82289,30,36,65,,,2021-10-01
Deforestation,20,64151,19,16,6,,,2021-08-01
Lightning,21,1746,34,20,17,,,2021-06-01
Human,7,81914,42,49,69,,,2021-06-01
Deforestation,28,64374,32,16,15,,,2021-10-01
Lightning,193,48847,26,31,7,,,2021-06-01
Lightning,37,68057,26,61,54,,,2021-07-01
Deforestation,382,84523,34,62,5,,,2021-09-01
Climate Change,177,79495,33,44,17,,,2021-08-01
Unknown,367,7797,38,5,2,,,2021-06-01
Deforestation,370,76295,32,20,18,,,2021-10-01
Lightning,456,73542,45,77,11,,,2021-06-01
Climate Change,477,31327,28,70,54,,,2021-09-01
Deforestation,249,1571,40,66,38,,,2021-09-01
Human,456,61188,42,92,5,,,2021-05-01
Deforestation,81,31636,49,43,11,,,2021-06-01
Climate Change,334,28459,37,38,33,,,2021-07-01
Unknown,314,57055,28,80,61,,,2021-08-01
Unknown,372,6323,16,27,47,,,2021-09-01
Climate Change,77,41625,31,13,45,,,2021-07-01
Human,334,22127,46,38,34,,,2021-08-01
Lightning,118,31226,23,17,61,,,2021-06-01
Human,130,97203,16,64,58,,,2022-06-01
Unknown,303,25590,25,82,48,,,2022-07-01
Deforestation,323,7146,45,92,56,,,2022-05-01
Unknown,460,55681,28,33,28,,,2022-05-01
Unknown,260,51477,48,25,39,,,2022-09-01
Unknown,485,21298,38,54,38,,,2022-07-01
Deforestation,124,84056,15,85,41,,,2022-07-01
Deforestation,254,6558,29,12,15,,,2022-06-01
Lightning,494,61546,26,6,51,,,2022-05-01
Unknown,409,42090,41,16,58,,,2022-09-01
Lightning,78,76108,45,56,57,,,2022-10-01
Climate Change,407,94671,46,88,5,,,2022-06-01
Climate Change,116,82724,17,16,56,,,2022-05-01
Unknown,99,98956,16,26,23,,,2022-09-01
Climate Change,355,37079,28,39,51,,,2022-05-01
Deforestation,243,33497,41,14,26,,,2022-05-01
Deforestation,177,67396,23,11,35,,,2022-05-01
Lightning,280,14805,39,9,56,,,2022-07-01
Unknown,93,20594,28,85,22,,,2022-07-01
Deforestation,141,82853,29,39,52,,,2022-06-01
Climate Change,132,42441,20,86,52,,,2022-10-01
Unknown,100,72948,15,13,14,,,2022-06-01
Lightning,361,90397,42,63,11,,,2022-08-01
Lightning,128,53703,40,81,18,,,2022-05-01
Deforestation,27,82950,26,13,46,,,2022-08-01
Deforestation,457,90614,23,31,14,,,2022-09-01
Human,192,51439,42,81,28,,,2022-05-01
Climate Change,451,78912,36,77,20,,,2022-06-01
Deforestation,99,73056,43,56,35,,,2023-10-01
Climate Change,39,93225,28,65,50,,,2023-05-01
Human,279,36922,42,84,27,,,2023-05-01
Deforestation,300,18044,19,75,24,,,2023-10-01
Climate Change,69,58105,18,62,29,,,2023-05-01
Unknown,466,73668,25,8,2,,,2023-07-01
Lightning,293,49278,19,75,65,,,2023-06-01
Human,76,38469,18,16,59,,,2023-05-01
Deforestation,361,2511,36,69,51,,,2023-07-01
Unknown,232,98364,18,17,39,,,2023-08-01
Deforestation,433,55036,46,43,66,,,2023-10-01
Climate Change,390,62504,27,91,32,,,2023-07-01
Deforestation,234,12108,27,58,30,,,2023-07-01
Climate Change,139,44470,37,36,63,,,2023-10-01
Deforestation,200,68225,19,71,23,,,2023-09-01
Lightning,410,23523,43,47,43,,,2023-08-01
Lightning,379,67248,42,72,60,,,2023-08-01
Unknown,216,67027,20,77,29,,,2023-10-01
Climate Change,35,79793,38,76,16,,,2023-09-01
Human,493,96553,45,50,24,,,2023-07-01
Climate Change,77,20436,46,55,42,,,2023-06-01
Lightning,453,94664,45,58,64,,,2023-05-01
Unknown,243,7703,23,90,57,,,2023-05-01
Climate Change,134,16025,45,16,59,,,2023-07-01
Lightning,251,65120,28,16,17,,,2023-07-01
Unknown,76,65300,21,19,37,,,2023-09-01
Lightning,147,48730,49,70,56,,,2023-06-01
Unknown,467,92682,19,61,16,,,2023-10-01
Unknown,276,60316,32,29,23,,,2024-07-01
Deforestation,233,51642,29,86,14,,,2024-07-01
Human,453,57735,32,52,44,,,2024-09-01
Unknown,469,68209,22,58,67,,,2024-10-01
Unknown,392,99117,49,78,16,,,2024-09-01
Deforestation,133,9209,43,19,23,,,2024-08-01
Deforestation,52,90840,23,55,18,,,2024-06-01
Deforestation,343,75723,48,53,60,,,2024-06-01
Climate Change,259,6273,35,38,51,,,2024-06-01
Human,179,87992,34,10,51,,,2024-08-01
Unknown,369,40775,45,6,17,,,2024-10-01
Unknown,392,6034,15,56,48,,,2024-05-01
Climate Change,465,91541,45,88,57,,,2024-07-01
Lightning,492,37375,34,77,35,,,2024-05-01
Climate Change,200,31232,29,21,10,,,2024-10-01
Climate Change,181,66354,42,54,56,,,2024-07-01
Lightning,217,30811,33,41,5,,,2024-08-01
Climate Change,183,31491,26,45,57,,,2024-09-01
Human,58,86562,46,25,5,,,2024-10-01
Deforestation,252,96482,36,16,31,,,2024-05-01
Human,228,76487,15,18,45,,,2024-10-01
Climate Change,106,88254,30,11,33,,,2024-08-01
Human,93,67266,28,93,63,,,2024-09-01
Deforestation,252,56303,41,50,44,,,2024-10-01
Unknown,443,55184,21,84,33,,,2024-09-01
Deforestation,465,14241,34,22,7,,,2024-05-01
Unknown,484,41553,43,8,44,,,2024-08-01
Human,166,89287,29,90,41,,,2024-08-01
Deforestation,221,35349,16,93,55,,,2025-09-01
Unknown,84,72686,49,27,56,,,2025-10-01
Climate Change,452,72640,17,10,57,,,2025-09-01
Human,86,70248,25,69,11,,,2025-06-01
Lightning,120,10383,47,60,13,,,2025-05-01
Human,5,13348,47,90,37,,,2025-06-01
Human,88,21629,28,94,47,,,2025-09-01
Unknown,139,13402,38,87,5,,,2025-06-01
Unknown,46,63427,42,44,52,,,2025-09-01
Climate Change,302,27609,19,45,62,,,2025-09-01
Human,301,29650,43,82,39,,,2025-08-01
Lightning,58,87265,28,86,34,,,2025-10-01
Unknown,358,95423,37,21,33,,,2025-10-01
Lightning,467,39975,37,28,59,,,2025-09-01
Deforestation,361,44622,22,75,41,,,2025-09-01
Deforestation,105,56799,32,92,3,,,2025-09-01
Unknown,132,12788,20,21,46,,,2025-10-01
Human,128,163,20,64,50,,,2025-10-01
Human,231,27567,43,31,7,,,2025-09-01
Human,331,56782,30,9,16,,,2025-09-01
Deforestation,318,36136,29,6,58,,,2025-09-01
Human,75,27065,45,36,42,,,2025-09-01
Deforestation,335,57124,21,59,55,,,2025-06-01
Lightning,287,28876,22,48,44,,,2025-10-01
Climate Change,216,43774,37,85,14,,,2025-10-01
Human,344,52173,36,56,49,,,2025-08-01
Deforestation,21,21899,39,73,27,,,2025-09-01
Lightning,100,24103,22,77,46,,,2025-09-01
